id,arm,paper_id,title,authors,abstract,venue,venue_type,year,domain,source_url,version,collection_date,ts_guessing_score,is_contaminated,notes
B-0001-v1,B,arXiv:1708.05148,"Natural language processing: state of the art, current trends and challenges","Diksha Khurana, Aditya Koli, Kiran Khatter, Sukhdev Singh","Natural language processing (NLP) has recently gained much attention for representing and analysing human language computationally. It has spread its applications in various fields such as machine translation, email spam detection, information extraction, summarization, medical, and question answering etc. The paper distinguishes four phases by discussing different levels of NLP and components of Natural Language Generation (NLG) followed by presenting the history and evolution of NLP, state of the art presenting the various applications of NLP and current trends and challenges.",arXiv,preprint,2017,cs.CL,https://arxiv.org/abs/1708.05148,v1,2026-06-10,,,lev=0.227; q='natural language processing'
B-0001-fn,B,arXiv:1708.05148,"Natural language processing: state of the art, current trends and challenges","Diksha Khurana, Aditya Koli, Kiran Khatter, Sukhdev Singh","Natural language processing (NLP) has recently gained much attention for representing and analyzing human language computationally. It has spread its applications in various fields such as machine translation, email spam detection, information extraction, summarization, medical, and question answering etc. In this paper, we first distinguish four phases by discussing different levels of NLP and components of N atural L anguage G eneration followed by presenting the history and evolution of NLP. We then discuss in detail the state of the art presenting the various applications of NLP, current trends, and challenges. Finally, we present a discussion on some available datasets, models, and evaluation metrics in NLP.",multimedia tools and applications,preprint,2017,cs.CL,https://arxiv.org/abs/1708.05148,final,2026-06-10,,,lev=0.227; q='natural language processing'
B-0002-v1,B,arXiv:1506.07285,Ask Me Anything: Dynamic Memory Networks for Natural Language Processing,"A. Kumar, Ozan Irsoy, Peter Ondruska, Mohit Iyyer, James Bradbury, Ishaan Gulrajani, Victor Zhong, Romain Paulus, R. Socher","Most tasks in natural language processing can be cast into question answering (QA) problems over language input. We introduce the dynamic memory network (DMN), a unified neural network framework which processes input sequences and questions, forms semantic and episodic memories, and generates relevant answers. Questions trigger an iterative attention process which allows the model to condition its attention on the result of previous iterations. These results are then reasoned over in a hierarchical recurrent sequence model to generate answers. The DMN can be trained end-to-end and obtains state of the art results on several types of tasks and datasets: question answering (Facebook's bAbI dataset), sequence modeling for part of speech tagging (WSJ-PTB), and text classification for sentiment analysis (Stanford Sentiment Treebank). The model relies exclusively on trained word vector representations and requires no string matching or manually engineered features.",arXiv,preprint,2015,cs.CL,https://arxiv.org/abs/1506.07285,v1,2026-06-10,,,lev=0.230; q='natural language processing'
B-0002-fn,B,arXiv:1506.07285,Ask Me Anything: Dynamic Memory Networks for Natural Language Processing,"A. Kumar, Ozan Irsoy, Peter Ondruska, Mohit Iyyer, James Bradbury, Ishaan Gulrajani, Victor Zhong, Romain Paulus, R. Socher","Most tasks in natural language processing can be cast into question answering (QA) problems over language input. We introduce the dynamic memory network (DMN), a neural network architecture which processes input sequences and questions, forms episodic memories, and generates relevant answers. Questions trigger an iterative attention process which allows the model to condition its attention on the inputs and the result of previous iterations. These results are then reasoned over in a hierarchical recurrent sequence model to generate answers. The DMN can be trained end-to-end and obtains state-of-the-art results on several types of tasks and datasets: question answering (Facebook's bAbI dataset), text classification for sentiment analysis (Stanford Sentiment Treebank) and sequence modeling for part-of-speech tagging (WSJ-PTB). The training for these different tasks relies exclusively on trained word vector representations and input-question-answer triplets.",international conference on machine learning,preprint,2015,cs.CL,https://arxiv.org/abs/1506.07285,final,2026-06-10,,,lev=0.230; q='natural language processing'
B-0003-v1,B,arXiv:1902.02181,Attention in Natural Language Processing,"Andrea Galassi, M. Lippi, Paolo Torroni","Attention is an increasingly popular mechanism used in a wide range of neural architectures. Because of the fast-paced advances in this domain, a systematic overview of attention is still missing. In this article, we define a unified model for attention architectures for natural language processing, with a focus on architectures designed to work with vector representation of the textual data. We discuss the dimensions along which proposals differ, the possible uses of attention, and chart the major research activities and open challenges in the area.",arXiv,preprint,2019,cs.CL,https://arxiv.org/abs/1902.02181,v1,2026-06-10,,,lev=0.476; q='natural language processing'
B-0003-fn,B,arXiv:1902.02181,Attention in Natural Language Processing,"Andrea Galassi, M. Lippi, Paolo Torroni","Attention is an increasingly popular mechanism used in a wide range of neural architectures. The mechanism itself has been realized in a variety of formats. However, because of the fast-paced advances in this domain, a systematic overview of attention is still missing. In this article, we define a unified model for attention architectures in natural language processing, with a focus on those designed to work with vector representations of the textual data. We propose a taxonomy of attention models according to four dimensions: the representation of the input, the compatibility function, the distribution function, and the multiplicity of the input and/or output. We present the examples of how prior information can be exploited in attention models and discuss ongoing research efforts and open challenges in the area, providing the first extensive categorization of the vast body of literature in this exciting domain.",ieee transactions on neural networks and learning systems,preprint,2019,cs.CL,https://arxiv.org/abs/1902.02181,final,2026-06-10,,,lev=0.476; q='natural language processing'
B-0004-v1,B,arXiv:1912.11078,Predictive Biases in Natural Language Processing Models: A Conceptual Framework and Overview,"Deven Santosh Shah, H. A. Schwartz, Dirk Hovy","An increasing number of works in natural language processing have addressed the effect of bias on the predicted outcomes, introducing mitigation techniques that act on different parts of the standard NLP pipeline (data and models). However, these works have been conducted in isolation, without a unifying framework to organize efforts within the field. This leads to repetitive approaches, and puts an undue focus on the effects of bias, rather than on their origins. Research focused on bias symptoms rather than the underlying origins could limit the development of effective countermeasures. In this paper, we propose a unifying conceptualization: the predictive bias framework for NLP. We summarize the NLP literature and propose a general mathematical definition of predictive bias in NLP along with a conceptual framework, differentiating four main origins of biases: label bias, selection bias, model overamplification, and semantic bias. We discuss how past work has countered each bias origin. Our framework serves to guide an introductory overview of predictive bias in NLP, integrating existing work into a single structure and opening avenues for future research.",arXiv,preprint,2019,cs.CL,https://arxiv.org/abs/1912.11078,v1,2026-06-10,,,lev=0.328; q='natural language processing'
B-0004-fn,B,arXiv:1912.11078,Predictive Biases in Natural Language Processing Models: A Conceptual Framework and Overview,"Deven Santosh Shah, H. A. Schwartz, Dirk Hovy","An increasing number of natural language processing papers address the effect of bias on predictions, introducing mitigation techniques at different parts of the standard NLP pipeline (data and models). However, these works have been conducted individually, without a unifying framework to organize efforts within the field. This situation leads to repetitive approaches, and focuses overly on bias symptoms/effects, rather than on their origins, which could limit the development of effective countermeasures. In this paper, we propose a unifying predictive bias framework for NLP. We summarize the NLP literature and suggest general mathematical definitions of predictive bias. We differentiate two consequences of bias: outcome disparities and error disparities, as well as four potential origins of biases: label bias, selection bias, model overamplification, and semantic bias. Our framework serves as an overview of predictive bias in NLP, integrating existing work into a single structure, and providing a conceptual baseline for improved frameworks.",annual meeting of the association for computational linguistics,preprint,2019,cs.CL,https://arxiv.org/abs/1912.11078,final,2026-06-10,,,lev=0.328; q='natural language processing'
B-0005-v1,B,arXiv:1907.04433,GluonCV and GluonNLP: Deep Learning in Computer Vision and Natural Language Processing,"Jian Guo, He He, Tong He, Leonard Lausen, Mu Li, Haibin Lin, Xingjian Shi, Chenguang Wang, Junyuan Xie, Sheng Zha, Aston Zhang, Hang Zhang, Zhi Zhang, Zhongyue Zhang, Shuai Zheng, Yi Zhu","We present GluonCV and GluonNLP, the deep learning toolkits for computer vision and natural language processing based on Apache MXNet (incubating). These toolkits provide state-of-the-art pre-trained models, training scripts, and training logs, to facilitate rapid prototyping and promote reproducible research. We also provide modular APIs with flexible building blocks to enable efficient customization. Leveraging the MXNet ecosystem, the deep learning models in GluonCV and GluonNLP can be deployed onto a variety of platforms with different programming languages. Benefiting from open source under the Apache 2.0 license, GluonCV and GluonNLP have attracted 100 contributors worldwide on GitHub. Models of GluonCV and GluonNLP have been downloaded for more than 1.6 million times in fewer than 10 months.",arXiv,preprint,2019,cs.CL,https://arxiv.org/abs/1907.04433,v1,2026-06-10,,,lev=0.204; q='natural language processing'
B-0005-fn,B,arXiv:1907.04433,GluonCV and GluonNLP: Deep Learning in Computer Vision and Natural Language Processing,"Jian Guo, He He, Tong He, Leonard Lausen, Mu Li, Haibin Lin, Xingjian Shi, Chenguang Wang, Junyuan Xie, Sheng Zha, Aston Zhang, Hang Zhang, Zhi Zhang, Zhongyue Zhang, Shuai Zheng, Yi Zhu","We present GluonCV and GluonNLP, the deep learning toolkits for computer vision and natural language processing based on Apache MXNet (incubating). These toolkits provide state-of-the-art pre-trained models, training scripts, and training logs, to facilitate rapid prototyping and promote reproducible research. We also provide modular APIs with flexible building blocks to enable efficient customization. Leveraging the MXNet ecosystem, the deep learning models in GluonCV and GluonNLP can be deployed onto a variety of platforms with different programming languages. The Apache 2.0 license has been adopted by GluonCV and GluonNLP to allow for software distribution, modification, and usage.",journal of machine learning research,preprint,2019,cs.CL,https://arxiv.org/abs/1907.04433,final,2026-06-10,,,lev=0.204; q='natural language processing'
B-0006-v1,B,arXiv:1802.00400,A Comparison of Word Embeddings for the Biomedical Natural Language Processing,"Yanshan Wang, Sijia Liu, Naveed Afzal, M. Rastegar-Mojarad, Liwei Wang, F. Shen, Paul R. Kingsbury, Hongfang Liu","Neural word embeddings have been widely used in biomedical Natural Language Processing (NLP) applications since they provide vector representations of words that capture the semantic properties of words and the linguistic relationship between words. Many biomedical applications use different textual sources to train word embeddings and apply these word embeddings to downstream biomedical applications. However, there has been little work on comprehensively evaluating the word embeddings trained from these resources. In this study, we provide a comprehensive empirical evaluation of word embeddings trained from four different resources, namely clinical notes, biomedical publications, Wikepedia, and news. We perform the evaluation qualitatively and quantitatively. In qualitative evaluation, we manually inspect five most similar medical words to a given set of target medical words, and then analyze word embeddings through the visualization of those word embeddings. Quantitative evaluation falls into two categories: extrinsic and intrinsic evaluation. Based on the evaluation results, we can draw the following conclusions. First, EHR and PubMed can capture the semantics of medical terms better than GloVe and Google News and find more relevant similar medical terms. Second, the medical semantic similarity captured by the word embeddings trained on EHR and PubMed are closer to human experts' judgments, compared to these trained on GloVe and Google News. Third, there does not exist a consistent global ranking of word embedding quality for downstream biomedical NLP applications. However, adding word embeddings as extra features will improve results on most downstream tasks. Finally, word embeddings trained from a similar domain corpus do not necessarily have better performance than other word embeddings for any downstream biomedical tasks.",arXiv,preprint,2018,cs.CL,https://arxiv.org/abs/1802.00400,v1,2026-06-10,,,lev=0.595; q='natural language processing'
B-0006-fn,B,arXiv:1802.00400,A Comparison of Word Embeddings for the Biomedical Natural Language Processing,"Yanshan Wang, Sijia Liu, Naveed Afzal, M. Rastegar-Mojarad, Liwei Wang, F. Shen, Paul R. Kingsbury, Hongfang Liu","Background Word embeddings have been prevalently used in biomedical Natural Language Processing (NLP) applications due to the vector representations of words capturing useful semantic properties and linguistic relationships between words. Different textual resources (e.g., Wikipedia and biomedical literature corpus) have been utilized in biomedical NLP to train word embeddings and these word embeddings have been commonly leveraged as feature input to downstream machine learning models. However, there has been little work on evaluating the word embeddings trained from different textual resources. Methods In this study, we empirically evaluated word embeddings trained from four different corpora, namely clinical notes, biomedical publications, Wikipedia, and news. For the former two resources, we trained word embeddings using unstructured electronic health record (EHR) data available at Mayo Clinic and articles (MedLit) from PubMed Central, respectively. For the latter two resources, we used publicly available pre-trained word embeddings, GloVe and Google News. The evaluation was done qualitatively and quantitatively. For the qualitative evaluation, we arbitrarily selected medical terms from three medical categories (i.e., disorder, symptom, and drug), and manually inspected the five most similar words computed by word embeddings for each of them. We also analyzed the word embeddings through a 2-dimensional visualization plot of 377 medical terms. For the quantitative evaluation, we conducted both intrinsic and extrinsic evaluation. For the intrinsic evaluation, we evaluated the medical semantics of word embeddings using four published datasets for measuring semantic similarity between medical terms, i.e., Pedersen’s dataset, Hliaoutakis’s dataset, MayoSRS, and UMNSRS. For the extrinsic evaluation, we applied word embeddings to multiple downstream biomedical NLP applications, including clinical information extraction (IE), biomedical information retrieval (IR), and relation extraction (RE), with data from shared tasks. Results The qualitative evaluation shows that the word embeddings trained from EHR and MedLit can find more relevant similar medical terms than those from GloVe and Google News. The intrinsic quantitative evaluation verifies that the semantic similarity captured by the word embeddings trained from EHR is closer to human experts’ judgments on all four tested datasets. The extrinsic quantitative evaluation shows that the word embeddings trained on EHR achieved the best F1 score of 0.900 for the clinical IE task; no word embeddings improved the performance for the biomedical IR task; and the word embeddings trained on Google News had the best overall F1 score of 0.790 for the RE task. Conclusion Based on the evaluation results, we can draw the following conclusions. First, the word embeddings trained on EHR and MedLit can capture the semantics of medical terms better and find semantically relevant medical terms closer to human experts’ judgments than those trained on GloVe and Google News. Second, there does not exist a consistent global ranking of word embeddings for all downstream biomedical NLP applications. However, adding word embeddings as extra features will improve results on most downstream tasks. Finally, the word embeddings trained on biomedical domain corpora do not necessarily have better performance than those trained on general domain corpora for any downstream biomedical NLP task.",journal of biomedical informatics,preprint,2018,cs.CL,https://arxiv.org/abs/1802.00400,final,2026-06-10,,,lev=0.595; q='natural language processing'
B-0007-v1,B,arXiv:1811.00770,A Survey on Natural Language Processing for Fake News Detection,"Ray Oshikawa, Jing Qian, William Yang Wang","Fake news detection is a critical yet challenging problem in Natural Language Processing (NLP). The rapid rise of social networking platforms has not only yielded a vast increase in information accessibility but has also accelerated the spread of fake news. Given the massive amount of Web content, automatic fake news detection is a practical NLP problem required by all online content providers. This paper presents a survey on fake news detection. Our survey introduces the challenges of automatic fake news detection. We systematically review the datasets and NLP solutions that have been developed for this task. We also discuss the limits of these datasets and problem formulations, our insights, and recommended solutions.",arXiv,preprint,2018,cs.CL,https://arxiv.org/abs/1811.00770,v1,2026-06-10,,,lev=0.464; q='natural language processing'
B-0007-fn,B,arXiv:1811.00770,A Survey on Natural Language Processing for Fake News Detection,"Ray Oshikawa, Jing Qian, William Yang Wang","Fake news detection is a critical yet challenging problem in Natural Language Processing (NLP). The rapid rise of social networking platforms has not only yielded a vast increase in information accessibility but has also accelerated the spread of fake news. Thus, the effect of fake news has been growing, sometimes extending to the offline world and threatening public safety. Given the massive amount of Web content, automatic fake news detection is a practical NLP problem useful to all online content providers, in order to reduce the human time and effort to detect and prevent the spread of fake news. In this paper, we describe the challenges involved in fake news detection and also describe related tasks. We systematically review and compare the task formulations, datasets and NLP solutions that have been developed for this task, and also discuss the potentials and limitations of them. Based on our insights, we outline promising research directions, including more fine-grained, detailed, fair, and practical detection models. We also highlight the difference between fake news detection and other related tasks, and the importance of NLP solutions for fake news detection.",international conference on language resources and evaluation,preprint,2018,cs.CL,https://arxiv.org/abs/1811.00770,final,2026-06-10,,,lev=0.464; q='natural language processing'
B-0008-v1,B,arXiv:1807.00914,Modeling Language Variation and Universals: A Survey on Typological Linguistics for Natural Language Processing,"E. Ponti, Helen O'Horan, Yevgeni Berzak, Ivan Vulic, Roi Reichart, T. Poibeau, Ekaterina Shutova, A. Korhonen","Addressing the cross-lingual variation of grammatical structures and meaning categorization is a key challenge for multilingual Natural Language Processing. The lack of resources for the majority of the world's languages makes supervised learning not viable. Moreover, the performance of most algorithms is hampered by language-specific biases and the neglect of informative multilingual data. The discipline of Linguistic Typology provides a principled framework to compare languages systematically and empirically and documents their variation in publicly available databases. These enshrine crucial information to design language-independent algorithms and refine techniques devised to mitigate the above-mentioned issues, including cross-lingual transfer and multilingual joint models, with typological features. In this survey, we demonstrate that typology is beneficial to several NLP applications, involving both semantic and syntactic tasks. Moreover, we outline several techniques to extract features from databases or acquire them automatically: these features can be subsequently integrated into multilingual models to tie parameters together cross-lingually or gear a model towards a specific language. Finally, we advocate for a new typology that accounts for the patterns within individual examples rather than entire languages, and for graded categories rather than discrete ones, in oder to bridge the gap with the contextual and continuous nature of machine learning algorithms.",arXiv,preprint,2018,cs.CL,https://arxiv.org/abs/1807.00914,v1,2026-06-10,,,lev=0.712; q='natural language processing'
B-0008-fn,B,arXiv:1807.00914,Modeling Language Variation and Universals: A Survey on Typological Linguistics for Natural Language Processing,"E. Ponti, Helen O'Horan, Yevgeni Berzak, Ivan Vulic, Roi Reichart, T. Poibeau, Ekaterina Shutova, A. Korhonen","Linguistic typology aims to capture structural and semantic variation across the world’s languages. A large-scale typology could provide excellent guidance for multilingual Natural Language Processing (NLP), particularly for languages that suffer from the lack of human labeled resources. We present an extensive literature survey on the use of typological information in the development of NLP techniques. Our survey demonstrates that to date, the use of information in existing typological databases has resulted in consistent but modest improvements in system performance. We show that this is due to both intrinsic limitations of databases (in terms of coverage and feature granularity) and under-utilization of the typological features included in them. We advocate for a new approach that adapts the broad and discrete nature of typological categories to the contextual and continuous nature of machine learning algorithms used in contemporary NLP. In particular, we suggest that such an approach could be facilitated by recent developments in data-driven induction of typological knowledge.",computational linguistics,preprint,2018,cs.CL,https://arxiv.org/abs/1807.00914,final,2026-06-10,,,lev=0.712; q='natural language processing'
B-0009-v1,B,arXiv:1909.10351,TinyBERT: Distilling BERT for Natural Language Understanding,"Xiaoqi Jiao, Yichun Yin, Lifeng Shang, Xin Jiang, Xiao Chen, Linlin Li, F. Wang, Qun Liu","Language model pre-training, such as BERT, has significantly improved the performances of many natural language processing tasks. However, pre-trained language models are usually computationally expensive and memory intensive, so it is difficult to effectively execute them on some resource-restricted devices. To accelerate inference and reduce model size while maintaining accuracy, we firstly propose a novel transformer distillation method that is a specially designed knowledge distillation (KD) method for transformer-based models. By leveraging this new KD method, the plenty of knowledge encoded in a large teacher BERT can be well transferred to a small student TinyBERT. Moreover, we introduce a new two-stage learning framework for TinyBERT, which performs transformer distillation at both the pre-training and task-specific learning stages. This framework ensures that TinyBERT can capture both the general-domain and task-specific knowledge of the teacher BERT. TinyBERT is empirically effective and achieves comparable results with BERT in GLUE datasets, while being 7.5x smaller and 9.4x faster on inference. TinyBERT is also significantly better than state-of-the-art baselines, even with only about 28% parameters and 31% inference time of baselines.",arXiv,preprint,2019,cs.CL,https://arxiv.org/abs/1909.10351,v1,2026-06-10,,,lev=0.202; q='natural language processing'
B-0009-fn,B,arXiv:1909.10351,TinyBERT: Distilling BERT for Natural Language Understanding,"Xiaoqi Jiao, Yichun Yin, Lifeng Shang, Xin Jiang, Xiao Chen, Linlin Li, F. Wang, Qun Liu","Language model pre-training, such as BERT, has significantly improved the performances of many natural language processing tasks. However, pre-trained language models are usually computationally expensive, so it is difficult to efficiently execute them on resource-restricted devices. To accelerate inference and reduce model size while maintaining accuracy, we first propose a novel Transformer distillation method that is specially designed for knowledge distillation (KD) of the Transformer-based models. By leveraging this new KD method, the plenty of knowledge encoded in a large “teacher” BERT can be effectively transferred to a small “student” TinyBERT. Then, we introduce a new two-stage learning framework for TinyBERT, which performs Transformer distillation at both the pre-training and task-specific learning stages. This framework ensures that TinyBERT can capture the general-domain as well as the task-specific knowledge in BERT. TinyBERT4 with 4 layers is empirically effective and achieves more than 96.8% the performance of its teacher BERT-Base on GLUE benchmark, while being 7.5x smaller and 9.4x faster on inference. TinyBERT4 is also significantly better than 4-layer state-of-the-art baselines on BERT distillation, with only ~28% parameters and ~31% inference time of them. Moreover, TinyBERT6 with 6 layers performs on-par with its teacher BERT-Base.",findings,preprint,2019,cs.CL,https://arxiv.org/abs/1909.10351,final,2026-06-10,,,lev=0.202; q='natural language processing'
B-0010-v1,B,arXiv:1901.08746,BioBERT: a pre-trained biomedical language representation model for biomedical text mining,"Jinhyuk Lee, WonJin Yoon, Sungdong Kim, Donghyeon Kim, Sunkyu Kim, Chan Ho So, Jaewoo Kang","Biomedical text mining has become more important than ever as the number of biomedical documents rapidly grows. With the progress of machine learning, extracting valuable information from biomedical literature has gained popularity among researchers, and deep learning is boosting the development of effective biomedical text mining models. However, as deep learning models require a large amount of training data, biomedical text mining with deep learning often fails due to the small sizes of training datasets in biomedical fields. Recent researches on learning contextualized language representation models from text corpora shed light on the possibility of leveraging a large number of unannotated biomedical text corpora. We introduce BioBERT (Bidirectional Encoder Representations from Transformers for Biomedical Text Mining), which is a domain specific language representation model pre-trained on large-scale biomedical corpora. Based on the BERT architecture, BioBERT effectively transfers the knowledge of large amount of biomedical texts into biomedical text mining models. While BERT also shows competitive performances with previous state-of-the-art models, BioBERT significantly outperforms them on three representative biomedical text mining tasks including biomedical named entity recognition (1.86% absolute improvement), biomedical relation extraction (3.33% absolute improvement), and biomedical question answering (9.61% absolute improvement) with minimal task-specific architecture modifications. We make pre-trained weights of BioBERT freely available in https://github.com/naver/biobert-pretrained, and source codes of fine-tuned models in https://github.com/dmis-lab/biobert.",arXiv,preprint,2019,cs.CL,https://arxiv.org/abs/1901.08746,v1,2026-06-10,,,lev=0.384; q='natural language processing'
B-0010-fn,B,arXiv:1901.08746,BioBERT: a pre-trained biomedical language representation model for biomedical text mining,"Jinhyuk Lee, WonJin Yoon, Sungdong Kim, Donghyeon Kim, Sunkyu Kim, Chan Ho So, Jaewoo Kang","Abstract Motivation Biomedical text mining is becoming increasingly important as the number of biomedical documents rapidly grows. With the progress in natural language processing (NLP), extracting valuable information from biomedical literature has gained popularity among researchers, and deep learning has boosted the development of effective biomedical text mining models. However, directly applying the advancements in NLP to biomedical text mining often yields unsatisfactory results due to a word distribution shift from general domain corpora to biomedical corpora. In this article, we investigate how the recently introduced pre-trained language model BERT can be adapted for biomedical corpora. Results We introduce BioBERT (Bidirectional Encoder Representations from Transformers for Biomedical Text Mining), which is a domain-specific language representation model pre-trained on large-scale biomedical corpora. With almost the same architecture across tasks, BioBERT largely outperforms BERT and previous state-of-the-art models in a variety of biomedical text mining tasks when pre-trained on biomedical corpora. While BERT obtains performance comparable to that of previous state-of-the-art models, BioBERT significantly outperforms them on the following three representative biomedical text mining tasks: biomedical named entity recognition (0.62% F1 score improvement), biomedical relation extraction (2.80% F1 score improvement) and biomedical question answering (12.24% MRR improvement). Our analysis results show that pre-training BERT on biomedical corpora helps it to understand complex biomedical texts. Availability and implementation We make the pre-trained weights of BioBERT freely available at https://github.com/naver/biobert-pretrained, and the source code for fine-tuning BioBERT available at https://github.com/dmis-lab/biobert.",bioinform.,preprint,2019,cs.CL,https://arxiv.org/abs/1901.08746,final,2026-06-10,,,lev=0.384; q='natural language processing'
B-0011-v1,B,arXiv:1908.05780,Natural Language Processing of Clinical Notes on Chronic Diseases: Systematic Review,"S. Sheikhalishahi, Riccardo Miotto, J. Dudley, A. Lavelli, Fabio Rinaldi, V. Osmani","Of the 2652 articles considered, 106 met the inclusion criteria. Review of the included papers resulted in identification of 43 chronic diseases, which were then further classified into 10 disease categories using ICD-10. The majority of studies focused on diseases of the circulatory system (n=38) while endocrine and metabolic diseases were fewest (n=14). This was due to the structure of clinical records related to metabolic diseases, which typically contain much more structured data, compared with medical records for diseases of the circulatory system, which focus more on unstructured data and consequently have seen a stronger focus of NLP. The review has shown that there is a significant increase in the use of machine learning methods compared to rule-based approaches; however, deep learning methods remain emergent (n=3). Consequently, the majority of works focus on classification of disease phenotype with only a handful of papers addressing extraction of comorbidities from the free text or integration of clinical notes with structured data. There is a notable use of relatively simple methods, such as shallow classifiers (or combination with rule-based methods), due to the interpretability of predictions, which still represents a significant issue for more complex methods. Finally, scarcity of publicly available data may also have contributed to insufficient development of more advanced methods, such as extraction of word embeddings from clinical notes. Further efforts are still required to improve (1) progression of clinical NLP methods from extraction toward understanding; (2) recognition of relations among entities rather than entities in isolation; (3) temporal extraction to understand past, current, and future clinical events; (4) exploitation of alternative sources of clinical knowledge; and (5) availability of large-scale, de-identified clinical corpora.",arXiv,preprint,2008,cs.CL,https://arxiv.org/abs/1908.05780,v1,2026-06-10,,,lev=0.467; q='natural language processing'
B-0011-fn,B,arXiv:1908.05780,Natural Language Processing of Clinical Notes on Chronic Diseases: Systematic Review,"S. Sheikhalishahi, Riccardo Miotto, J. Dudley, A. Lavelli, Fabio Rinaldi, V. Osmani","Background Novel approaches that complement and go beyond evidence-based medicine are required in the domain of chronic diseases, given the growing incidence of such conditions on the worldwide population. A promising avenue is the secondary use of electronic health records (EHRs), where patient data are analyzed to conduct clinical and translational research. Methods based on machine learning to process EHRs are resulting in improved understanding of patient clinical trajectories and chronic disease risk prediction, creating a unique opportunity to derive previously unknown clinical insights. However, a wealth of clinical histories remains locked behind clinical narratives in free-form text. Consequently, unlocking the full potential of EHR data is contingent on the development of natural language processing (NLP) methods to automatically transform clinical text into structured clinical data that can guide clinical decisions and potentially delay or prevent disease onset. Objective The goal of the research was to provide a comprehensive overview of the development and uptake of NLP methods applied to free-text clinical notes related to chronic diseases, including the investigation of challenges faced by NLP methodologies in understanding clinical narratives. Methods Preferred Reporting Items for Systematic Reviews and Meta-Analyses (PRISMA) guidelines were followed and searches were conducted in 5 databases using “clinical notes,” “natural language processing,” and “chronic disease” and their variations as keywords to maximize coverage of the articles. Results Of the 2652 articles considered, 106 met the inclusion criteria. Review of the included papers resulted in identification of 43 chronic diseases, which were then further classified into 10 disease categories using the International Classification of Diseases, 10th Revision. The majority of studies focused on diseases of the circulatory system (n=38) while endocrine and metabolic diseases were fewest (n=14). This was due to the structure of clinical records related to metabolic diseases, which typically contain much more structured data, compared with medical records for diseases of the circulatory system, which focus more on unstructured data and consequently have seen a stronger focus of NLP. The review has shown that there is a significant increase in the use of machine learning methods compared to rule-based approaches; however, deep learning methods remain emergent (n=3). Consequently, the majority of works focus on classification of disease phenotype with only a handful of papers addressing extraction of comorbidities from the free text or integration of clinical notes with structured data. There is a notable use of relatively simple methods, such as shallow classifiers (or combination with rule-based methods), due to the interpretability of predictions, which still represents a significant issue for more complex methods. Finally, scarcity of publicly available data may also have contributed to insufficient development of more advanced methods, such as extraction of word embeddings from clinical notes. Conclusions Efforts are still required to improve (1) progression of clinical NLP methods from extraction toward understanding; (2) recognition of relations among entities rather than entities in isolation; (3) temporal extraction to understand past, current, and future clinical events; (4) exploitation of alternative sources of clinical knowledge; and (5) availability of large-scale, de-identified clinical corpora.",jmir medical informatics,preprint,2008,cs.CL,https://arxiv.org/abs/1908.05780,final,2026-06-10,,,lev=0.467; q='natural language processing'
B-0012-v1,B,arXiv:1506.01070,Do Multi-Sense Embeddings Improve Natural Language Understanding?,"Jiwei Li, Dan Jurafsky","Learning a distinct representation for each sense of an ambiguous word could lead to more powerful and fine-grained models of vector-space representations. Yet while `multi-sense' methods have been proposed and tested on artificial word-similarity tasks, we don't know if they improve real natural language understanding tasks. In this paper we introduce a pipelined architecture for incorporating multi-sense embeddings into language understanding, and test the performance of a state-of-the-art multi-sense embedding model (based on Chinese Restaurant Processes).   We apply the model to part-of-speech tagging, named entity recognition, sentiment analysis, semantic relation identification and semantic relatedness. We find that---if we carefully control for the number of dimensions--- sense-specific embeddings, whether alone or concatenated with standard (one vector for all senses) embeddings, introduce slight performance boost in semantic-related tasks, but is of little in others that depend on correctly identifying a few key words such as sentiment analysis.",arXiv,preprint,2015,cs.CL,https://arxiv.org/abs/1506.01070,v1,2026-06-10,,,lev=0.452; q='natural language processing'
B-0012-fn,B,arXiv:1506.01070,Do Multi-Sense Embeddings Improve Natural Language Understanding?,"Jiwei Li, Dan Jurafsky","Learning a distinct representation for each sense of an ambiguous word could lead to more powerful and fine-grained models of vector-space representations. Yet while ‘multi-sense’ methods have been proposed and tested on artificial wordsimilarity tasks, we don’t know if they improve real natural language understanding tasks. In this paper we introduce a multisense embedding model based on Chinese Restaurant Processes that achieves state of the art performance on matching human word similarity judgments, and propose a pipelined architecture for incorporating multi-sense embeddings into language understanding. We then test the performance of our model on part-of-speech tagging, named entity recognition, sentiment analysis, semantic relation identification and semantic relatedness, controlling for embedding dimensionality. We find that multi-sense embeddings do improve performance on some tasks (part-of-speech tagging, semantic relation identification, semantic relatedness) but not on others (named entity recognition, various forms of sentiment analysis). We discuss how these differences may be caused by the different role of word sense information in each of the tasks. The results highlight the importance of testing embedding models in real applications.",conference on empirical methods in natural language processing,preprint,2015,cs.CL,https://arxiv.org/abs/1506.01070,final,2026-06-10,,,lev=0.452; q='natural language processing'
B-0013-v1,B,arXiv:cs/0205028,NLTK: The Natural Language Toolkit,"E. Loper, Steven Bird","NLTK, the Natural Language Toolkit, is a suite of open source program modules, tutorials and problem sets, providing ready-to-use computational linguistics courseware. NLTK covers symbolic and statistical natural language processing, and is interfaced to annotated corpora. Students augment and replace existing components, learn structured programming by example, and manipulate sophisticated models from the outset.",arXiv,preprint,2002,cs.CL,https://arxiv.org/abs/cs/0205028,v1,2026-06-10,,,lev=0.657; q='natural language processing'
B-0013-fn,B,arXiv:cs/0205028,NLTK: The Natural Language Toolkit,"E. Loper, Steven Bird","The Natural Language Toolkit is a suite of program modules, data sets and tutorials supporting research and teaching in computational linguistics and natural language processing. NLTK is written in Python and distributed under the GPL open source license. Over the past year the toolkit has been rewritten, simplifying many linguistic data structures and taking advantage of recent enhancements in the Python language. This paper reports on the simplified toolkit and explains how it is used in teaching NLP.",annual meeting of the association for computational linguistics,preprint,2002,cs.CL,https://arxiv.org/abs/cs/0205028,final,2026-06-10,,,lev=0.657; q='natural language processing'
B-0014-v1,B,arXiv:1911.03894,CamemBERT: a Tasty French Language Model,"Louis Martin, Benjamin Muller, Pedro Ortiz Suarez, Yoann Dupont, L. Romary, Eric Villemonte de la Clergerie, Djamé Seddah, Benoît Sagot","Pretrained language models are now ubiquitous in Natural Language Processing. Despite their success, most available models have either been trained on English data or on the concatenation of data in multiple languages. This makes practical use of such models --in all languages except English-- very limited. Aiming to address this issue for French, we release CamemBERT, a French version of the Bi-directional Encoders for Transformers (BERT). We measure the performance of CamemBERT compared to multilingual models in multiple downstream tasks, namely part-of-speech tagging, dependency parsing, named-entity recognition, and natural language inference. CamemBERT improves the state of the art for most of the tasks considered. We release the pretrained model for CamemBERT hoping to foster research and downstream applications for French NLP.",arXiv,preprint,2019,cs.CL,https://arxiv.org/abs/1911.03894,v1,2026-06-10,,,lev=0.472; q='natural language processing'
B-0014-fn,B,arXiv:1911.03894,CamemBERT: a Tasty French Language Model,"Louis Martin, Benjamin Muller, Pedro Ortiz Suarez, Yoann Dupont, L. Romary, Eric Villemonte de la Clergerie, Djamé Seddah, Benoît Sagot","Pretrained language models are now ubiquitous in Natural Language Processing. Despite their success, most available models have either been trained on English data or on the concatenation of data in multiple languages. This makes practical use of such models –in all languages except English– very limited. In this paper, we investigate the feasibility of training monolingual Transformer-based language models for other languages, taking French as an example and evaluating our language models on part-of-speech tagging, dependency parsing, named entity recognition and natural language inference tasks. We show that the use of web crawled data is preferable to the use of Wikipedia data. More surprisingly, we show that a relatively small web crawled dataset (4GB) leads to results that are as good as those obtained using larger datasets (130+GB). Our best performing model CamemBERT reaches or improves the state of the art in all four downstream tasks.",annual meeting of the association for computational linguistics,preprint,2019,cs.CL,https://arxiv.org/abs/1911.03894,final,2026-06-10,,,lev=0.472; q='natural language processing'
B-0015-v1,B,arXiv:1412.7449,Grammar as a Foreign Language,"O. Vinyals, Lukasz Kaiser, Terry Koo, Slav Petrov, I. Sutskever, Geoffrey E. Hinton","Syntactic parsing is a fundamental problem in computational linguistics and Natural Language Processing. Traditional approaches to parsing are highly complex and problem specific. Recently, Sutskever et al. (2014) presented a domain-independent method for learning to map input sequences to output sequences that achieved strong results on a large scale machine translation problem. In this work, we show that precisely the same sequence-to-sequence method achieves results that are close to state-of-the-art on syntactic constituency parsing, whilst making almost no assumptions about the structure of the problem.",arXiv,preprint,2014,cs.CL,https://arxiv.org/abs/1412.7449,v1,2026-06-10,,,lev=0.679; q='natural language processing'
B-0015-fn,B,arXiv:1412.7449,Grammar as a Foreign Language,"O. Vinyals, Lukasz Kaiser, Terry Koo, Slav Petrov, I. Sutskever, Geoffrey E. Hinton","Syntactic constituency parsing is a fundamental problem in natural language processing and has been the subject of intensive research and engineering for decades. As a result, the most accurate parsers are domain specific, complex, and inefficient. In this paper we show that the domain agnostic attention-enhanced sequence-to-sequence model achieves state-of-the-art results on the most widely used syntactic constituency parsing dataset, when trained on a large synthetic corpus that was annotated using existing parsers. It also matches the performance of standard parsers when trained only on a small human-annotated dataset, which shows that this model is highly data-efficient, in contrast to sequence-to-sequence models without the attention mechanism. Our parser is also fast, processing over a hundred sentences per second with an unoptimized CPU implementation.",neural information processing systems,preprint,2014,cs.CL,https://arxiv.org/abs/1412.7449,final,2026-06-10,,,lev=0.679; q='natural language processing'
B-0016-v1,B,arXiv:1607.04606,Enriching Word Vectors with Subword Information,"Piotr Bojanowski, Edouard Grave, Armand Joulin, Tomas Mikolov","Continuous word representations, trained on large unlabeled corpora are useful for many natural language processing tasks. Many popular models to learn such representations ignore the morphology of words, by assigning a distinct vector to each word. This is a limitation, especially for morphologically rich languages with large vocabularies and many rare words. In this paper, we propose a new approach based on the skip-gram model, where each word is represented as a bag of character n-grams. A vector representation is associated to each character n-gram, words being represented as the sum of these representations. Our method is fast, allowing to train models on large corpus quickly. We evaluate the obtained word representations on five different languages, on word similarity and analogy tasks.",arXiv,preprint,2016,cs.CL,https://arxiv.org/abs/1607.04606,v1,2026-06-10,,,lev=0.282; q='natural language processing'
B-0016-fn,B,arXiv:1607.04606,Enriching Word Vectors with Subword Information,"Piotr Bojanowski, Edouard Grave, Armand Joulin, Tomas Mikolov","Continuous word representations, trained on large unlabeled corpora are useful for many natural language processing tasks. Popular models that learn such representations ignore the morphology of words, by assigning a distinct vector to each word. This is a limitation, especially for languages with large vocabularies and many rare words. In this paper, we propose a new approach based on the skipgram model, where each word is represented as a bag of character n-grams. A vector representation is associated to each character n-gram; words being represented as the sum of these representations. Our method is fast, allowing to train models on large corpora quickly and allows us to compute word representations for words that did not appear in the training data. We evaluate our word representations on nine different languages, both on word similarity and analogy tasks. By comparing to recently proposed morphological word representations, we show that our vectors achieve state-of-the-art performance on these tasks.",transactions of the association for computational linguistics,preprint,2016,cs.CL,https://arxiv.org/abs/1607.04606,final,2026-06-10,,,lev=0.282; q='natural language processing'
B-0017-v1,B,arXiv:1901.00596,A Comprehensive Survey on Graph Neural Networks,"Zonghan Wu, Shirui Pan, Fengwen Chen, Guodong Long, Chengqi Zhang, Philip S. Yu","Deep learning has revolutionized many machine learning tasks in recent years, ranging from image classification and video processing to speech recognition and natural language understanding. The data in these tasks are typically represented in the Euclidean space. However, there is an increasing number of applications where data are generated from non-Euclidean domains and are represented as graphs with complex relationships and interdependency between objects. The complexity of graph data has imposed significant challenges on existing machine learning algorithms. Recently, many studies on extending deep learning approaches for graph data have emerged. In this survey, we provide a comprehensive overview of graph neural networks (GNNs) in data mining and machine learning fields. We propose a new taxonomy to divide the state-of-the-art graph neural networks into different categories. With a focus on graph convolutional networks, we review alternative architectures that have recently been developed; these learning paradigms include graph attention networks, graph autoencoders, graph generative networks, and graph spatial-temporal networks. We further discuss the applications of graph neural networks across various domains and summarize the open source codes and benchmarks of the existing algorithms on different learning tasks. Finally, we propose potential research directions in this fast-growing field.",arXiv,preprint,2019,cs.CL,https://arxiv.org/abs/1901.00596,v1,2026-06-10,,,lev=0.214; q='natural language processing'
B-0017-fn,B,arXiv:1901.00596,A Comprehensive Survey on Graph Neural Networks,"Zonghan Wu, Shirui Pan, Fengwen Chen, Guodong Long, Chengqi Zhang, Philip S. Yu","Deep learning has revolutionized many machine learning tasks in recent years, ranging from image classification and video processing to speech recognition and natural language understanding. The data in these tasks are typically represented in the Euclidean space. However, there is an increasing number of applications, where data are generated from non-Euclidean domains and are represented as graphs with complex relationships and interdependency between objects. The complexity of graph data has imposed significant challenges on the existing machine learning algorithms. Recently, many studies on extending deep learning approaches for graph data have emerged. In this article, we provide a comprehensive overview of graph neural networks (GNNs) in data mining and machine learning fields. We propose a new taxonomy to divide the state-of-the-art GNNs into four categories, namely, recurrent GNNs, convolutional GNNs, graph autoencoders, and spatial–temporal GNNs. We further discuss the applications of GNNs across various domains and summarize the open-source codes, benchmark data sets, and model evaluation of GNNs. Finally, we propose potential research directions in this rapidly growing field.",ieee transactions on neural networks and learning systems,preprint,2019,cs.CL,https://arxiv.org/abs/1901.00596,final,2026-06-10,,,lev=0.214; q='natural language processing'
B-0018-v1,B,arXiv:1512.07108,Recent advances in convolutional neural networks,"Jiuxiang Gu, Zhenhua Wang, Jason Kuen, Lianyang Ma, Amir Shahroudy, Bing Shuai, Ting Liu, Xingxing Wang, Gang Wang, Jianfei Cai, Tsuhan Chen","In the last few years, deep learning has lead to very good performance on a variety of problems, such as object recognition, speech recognition and natural language processing. Among different types of deep neural networks, convolutional neural networks have been most extensively studied. Due to the lack of training data and computing power in early days, it is hard to train a large high-capacity convolutional neural network without overfitting. Recently, with the rapid growth of data size and the increasing power of graphics processor unit, many researchers have improved the convolutional neural networks and achieved state-of-the-art results on various tasks. In this paper, we provide a broad survey of the recent advances in convolutional neural networks. Besides, we also introduce some applications of convolutional neural networks in computer vision.",arXiv,preprint,2015,cs.CL,https://arxiv.org/abs/1512.07108,v1,2026-06-10,,,lev=0.435; q='natural language processing'
B-0018-fn,B,arXiv:1512.07108,Recent advances in convolutional neural networks,"Jiuxiang Gu, Zhenhua Wang, Jason Kuen, Lianyang Ma, Amir Shahroudy, Bing Shuai, Ting Liu, Xingxing Wang, Gang Wang, Jianfei Cai, Tsuhan Chen","In the last few years, deep learning has led to very good performance on a variety of problems, such as visual recognition, speech recognition and natural language processing. Among different types of deep neural networks, convolutional neural networks have been most extensively studied. Leveraging on the rapid growth in the amount of the annotated data and the great improvements in the strengths of graphics processor units, the research on convolutional neural networks has been emerged swiftly and achieved state-of-the-art results on various tasks. In this paper, we provide a broad survey of the recent advances in convolutional neural networks. We detailize the improvements of CNN on different aspects, including layer design, activation function, loss function, regularization, optimization and fast computation. Besides, we also introduce various applications of convolutional neural networks in computer vision, speech and natural language processing.",pattern recognition,preprint,2015,cs.CL,https://arxiv.org/abs/1512.07108,final,2026-06-10,,,lev=0.435; q='natural language processing'
B-0019-v1,B,arXiv:1611.08097,Geometric Deep Learning: Going beyond Euclidean data,"M. Bronstein, Joan Bruna, Yann LeCun, Arthur Szlam, P. Vandergheynst","Many signal processing problems involve data whose underlying structure is non-Euclidean, but may be modeled as a manifold or (combinatorial) graph. For instance, in social networks, the characteristics of users can be modeled as signals on the vertices of the social graph. Sensor networks are graph models of distributed interconnected sensors, whose readings are modelled as time-dependent signals on the vertices. In genetics, gene expression data are modeled as signals defined on the regulatory network. In neuroscience, graph models are used to represent anatomical and functional structures of the brain. Modeling data given as points in a high-dimensional Euclidean space using nearest neighbor graphs is an increasingly popular trend in data science, allowing practitioners access to the intrinsic structure of the data. In computer graphics and vision, 3D objects are modeled as Riemannian manifolds (surfaces) endowed with properties such as color texture. Even more complex examples include networks of operators, e.g., functional correspondences or difference operators in a collection of 3D shapes, or orientations of overlapping cameras in multi-view vision (""structure from motion"") problems. The complexity of geometric data and the availability of very large datasets (in the case of social networks, on the scale of billions) suggest the use of machine learning techniques. In particular, deep learning has recently proven to be a powerful tool for problems with large datasets with underlying Euclidean structure. The purpose of this paper is to overview the problems arising in relation to geometric deep learning and present solutions existing today for this class of problems, as well as key difficulties and future research directions.",arXiv,preprint,2016,cs.CL,https://arxiv.org/abs/1611.08097,v1,2026-06-10,,,lev=0.710; q='natural language processing'
B-0019-fn,B,arXiv:1611.08097,Geometric Deep Learning: Going beyond Euclidean data,"M. Bronstein, Joan Bruna, Yann LeCun, Arthur Szlam, P. Vandergheynst","Many scientific fields study data with an underlying structure that is non-Euclidean. Some examples include social networks in computational social sciences, sensor networks in communications, functional networks in brain imaging, regulatory networks in genetics, and meshed surfaces in computer graphics. In many applications, such geometric data are large and complex (in the case of social networks, on the scale of billions) and are natural targets for machine-learning techniques. In particular, we would like to use deep neural networks, which have recently proven to be powerful tools for a broad range of problems from computer vision, natural-language processing, and audio analysis. However, these tools have been most successful on data with an underlying Euclidean or grid-like structure and in cases where the invariances of these structures are built into networks used to model them.",ieee signal processing magazine,preprint,2016,cs.CL,https://arxiv.org/abs/1611.08097,final,2026-06-10,,,lev=0.710; q='natural language processing'
B-0020-v1,B,arXiv:1601.06733,Long Short-Term Memory-Networks for Machine Reading,"Jianpeng Cheng, Li Dong, Mirella Lapata","Teaching machines to process text with psycholinguistics insights is a challenging task. We propose an attentive machine reader that reads text from left to right, whilst linking the word at the current fixation point to previous words stored in the memory as a kind of implicit information parsing to facilitate understanding. The reader is equipped with a Long Short-Term Memory architecture, which, different from previous work, has a memory tape (instead of a memory cell) to store the past information and adaptively use them without severe information compression. We demonstrate the excellent performance of the machine reader in language modeling as well as the downstream sentiment analysis and natural language inference.",arXiv,preprint,2016,cs.CL,https://arxiv.org/abs/1601.06733,v1,2026-06-10,,,lev=0.716; q='natural language processing'
B-0020-fn,B,arXiv:1601.06733,Long Short-Term Memory-Networks for Machine Reading,"Jianpeng Cheng, Li Dong, Mirella Lapata","In this paper we address the question of how to render sequence-level networks better at handling structured input. We propose a machine reading simulator which processes text incrementally from left to right and performs shallow reasoning with memory and attention. The reader extends the Long Short-Term Memory architecture with a memory network in place of a single memory cell. This enables adaptive memory usage during recurrence with neural attention, offering a way to weakly induce relations among tokens. The system is initially designed to process a single sequence but we also demonstrate how to integrate it with an encoder-decoder architecture. Experiments on language modeling, sentiment analysis, and natural language inference show that our model matches or outperforms the state of the art.",conference on empirical methods in natural language processing,preprint,2016,cs.CL,https://arxiv.org/abs/1601.06733,final,2026-06-10,,,lev=0.716; q='natural language processing'
B-0021-v1,B,arXiv:1402.4182,Learning natural coding conventions,"Miltiadis Allamanis, Earl T. Barr, Charles Sutton","Every programmer has a characteristic style, ranging from preferences about identifier naming to preferences about object relationships and design patterns. Local, syntactic style, such as naming and formatting, can foster readability and hence maintainability. Indeed, when programmers collaborate, they attempt to maintain consistent local style, but this is difficult because style is context dependent, and often programmers are unaware of their own tendencies. These factors frustrate current rule-based code formatters, to the extent that programmers often avoid such tools. We present Naturalize, a framework that learns the style of an existing codebase, discovers emerging consensus on style, and suggests revisions to improve stylistic consistency. To our knowledge, this is the first approach that treats style as a problem of mores rather than of laws. Naturalize builds on recent work in applying statistical natural language processing to source code. We apply Naturalize to suggest natural identifier names and formatting conventions. We present three new tools focused on ensuring natural code during development and release management, including tools to support code review. Naturalize achieves 94% accuracy in its top suggestions for identifier names and can even transfer knowledge about conventions across projects, leveraging a corpus of 10,968 open source projects.",arXiv,preprint,2014,cs.CL,https://arxiv.org/abs/1402.4182,v1,2026-06-10,,,lev=0.461; q='natural language processing'
B-0021-fn,B,arXiv:1402.4182,Learning natural coding conventions,"Miltiadis Allamanis, Earl T. Barr, Charles Sutton","Every programmer has a characteristic style, ranging from preferences about identifier naming to preferences about object relationships and design patterns. Coding conventions define a consistent syntactic style, fostering readability and hence maintainability. When collaborating, programmers strive to obey a project’s coding conventions. However, one third of reviews of changes contain feedback about coding conventions, indicating that programmers do not always follow them and that project members care deeply about adherence. Unfortunately, programmers are often unaware of coding conventions because inferring them requires a global view, one that aggregates the many local decisions programmers make and identifies emergent consensus on style. We present NATURALIZE, a framework that learns the style of a codebase, and suggests revisions to improve stylistic consistency. NATURALIZE builds on recent work in applying statistical natural language processing to source code. We apply NATURALIZE to suggest natural identifier names and formatting conventions. We present four tools focused on ensuring natural code during development and release management, including code review. NATURALIZE achieves 94 % accuracy in its top suggestions for identifier names. We used NATURALIZE to generate 18 patches for 5 open source projects: 14 were accepted.",sigsoft fse,preprint,2014,cs.CL,https://arxiv.org/abs/1402.4182,final,2026-06-10,,,lev=0.461; q='natural language processing'
B-0022-v1,B,arXiv:1706.04902,A Survey of Cross-lingual Word Embedding Models,"Sebastian Ruder, Ivan Vulic, Anders Søgaard","Cross-lingual embedding models allow us to project words from different languages into a shared embedding space. This allows us to apply models trained on languages with a lot of data, e.g. English to low-resource languages. In the following, we will survey models that seek to learn cross-lingual embeddings. We will discuss them based on the type of approach and the nature of parallel data that they employ. Finally, we will present challenges and summarize how to evaluate cross-lingual embedding models.",arXiv,preprint,2017,cs.CL,https://arxiv.org/abs/1706.04902,v1,2026-06-10,,,lev=0.674; q='natural language processing'
B-0022-fn,B,arXiv:1706.04902,A Survey of Cross-lingual Word Embedding Models,"Sebastian Ruder, Ivan Vulic, Anders Søgaard","Cross-lingual representations of words enable us to reason about word meaning in multilingual contexts and are a key facilitator of cross-lingual transfer when developing natural language processing models for low-resource languages. In this survey, we provide a comprehensive typology of cross-lingual word embedding models. We compare their data requirements and objective functions. The recurring theme of the survey is that many of the models presented in the literature optimize for the same objectives, and that seemingly different models are often equivalent, modulo optimization strategies, hyper-parameters, and such. We also discuss the different ways cross-lingual word embeddings are evaluated, as well as future challenges and research horizons.",journal of artificial intelligence research,preprint,2017,cs.CL,https://arxiv.org/abs/1706.04902,final,2026-06-10,,,lev=0.674; q='natural language processing'
B-0023-v1,B,arXiv:1505.01121,Ask Your Neurons: A Neural-Based Approach to Answering Questions about Images,"Mateusz Malinowski, Marcus Rohrbach, Mario Fritz","We address a question answering task on real-world im- ages that is set up as a Visual Turing Test. By combining latest advances in image representation and natural language processing, we propose Neural-Image-QA, an end-to-end formulation of this problem for which all parts are trained jointly. In contrast to previous efforts, we are facing a multi-modal problem where the language output (answer) is conditioned on visual and natural language input (ques- tion). Our result doubles the performance of the previous best result on this problem. We provide additional insights into the problem by analyzing how much information is con- tained only in the language part for which we provide a new human baseline. Further annotations were collected to study human consensus, which is related to the ambiguities inherent in this challenging task.",arXiv,preprint,2015,cs.CL,https://arxiv.org/abs/1505.01121,v1,2026-06-10,,,lev=0.215; q='natural language processing'
B-0023-fn,B,arXiv:1505.01121,Ask Your Neurons: A Neural-Based Approach to Answering Questions about Images,"Mateusz Malinowski, Marcus Rohrbach, Mario Fritz","We address a question answering task on real-world images that is set up as a Visual Turing Test. By combining latest advances in image representation and natural language processing, we propose Neural-Image-QA, an end-to-end formulation to this problem for which all parts are trained jointly. In contrast to previous efforts, we are facing a multi-modal problem where the language output (answer) is conditioned on visual and natural language input (image and question). Our approach Neural-Image-QA doubles the performance of the previous best approach on this problem. We provide additional insights into the problem by analyzing how much information is contained only in the language part for which we provide a new human baseline. To study human consensus, which is related to the ambiguities inherent in this challenging task, we propose two novel metrics and collect additional answers which extends the original DAQUAR dataset to DAQUAR-Consensus.",ieee international conference on computer vision,preprint,2015,cs.CL,https://arxiv.org/abs/1505.01121,final,2026-06-10,,,lev=0.215; q='natural language processing'
B-0024-v1,B,arXiv:1907.12461,Leveraging Pre-trained Checkpoints for Sequence Generation Tasks,"S. Rothe, Shashi Narayan, A. Severyn","Unsupervised pre-training of large neural models has recently revolutionized Natural Language Processing. Warm-starting from the publicly released checkpoints, NLP practitioners have pushed the state-of-the-art on multiple benchmarks while saving significant amounts of compute time. So far the focus has been mainly on the Natural Language Understanding tasks. In this paper, we present an extensive empirical study on the utility of initializing large Transformer-based sequence-to-sequence models with the publicly available pre-trained BERT and GPT-2 checkpoints for sequence generation. We have run over 300 experiments spending thousands of TPU hours to find the recipe that works best and demonstrate that it results in new state-of-the-art results on Machine Translation, Summarization, Sentence Splitting and Sentence Fusion.",arXiv,preprint,2019,cs.CL,https://arxiv.org/abs/1907.12461,v1,2026-06-10,,,lev=0.278; q='natural language processing'
B-0024-fn,B,arXiv:1907.12461,Leveraging Pre-trained Checkpoints for Sequence Generation Tasks,"S. Rothe, Shashi Narayan, A. Severyn","Abstract Unsupervised pre-training of large neural models has recently revolutionized Natural Language Processing. By warm-starting from the publicly released checkpoints, NLP practitioners have pushed the state-of-the-art on multiple benchmarks while saving significant amounts of compute time. So far the focus has been mainly on the Natural Language Understanding tasks. In this paper, we demonstrate the efficacy of pre-trained checkpoints for Sequence Generation. We developed a Transformer-based sequence-to-sequence model that is compatible with publicly available pre-trained BERT, GPT-2, and RoBERTa checkpoints and conducted an extensive empirical study on the utility of initializing our model, both encoder and decoder, with these checkpoints. Our models result in new state-of-the-art results on Machine Translation, Text Summarization, Sentence Splitting, and Sentence Fusion.",transactions of the association for computational linguistics,preprint,2019,cs.CL,https://arxiv.org/abs/1907.12461,final,2026-06-10,,,lev=0.278; q='natural language processing'
B-0025-v1,B,arXiv:1612.04600,Predicting process behaviour using deep learning,"Joerg Evermann, Jana-Rebecca Rehse, Peter Fettke","Predicting business process behaviour, such as the final state of a running process, the remaining time to completion or the next activity of a running process, is an important aspect of business process management. Motivated by research in natural language processing, this paper describes an application of deep learning with recurrent neural networks to the problem of predicting the next event in a business process. This is both a novel method in process prediction, which has largely relied on explicit process models, and also a novel application of deep learning methods. The approach is evaluated on two real datasets and our results surpass the state-of-the-art in prediction precision. The paper offers recommendations for researchers and practitioners and points out areas for future applications of deep learning in business process management.",arXiv,preprint,2016,cs.CL,https://arxiv.org/abs/1612.04600,v1,2026-06-10,,,lev=0.340; q='natural language processing'
B-0025-fn,B,arXiv:1612.04600,Predicting process behaviour using deep learning,"Joerg Evermann, Jana-Rebecca Rehse, Peter Fettke","Abstract Predicting business process behaviour is an important aspect of business process management. Motivated by research in natural language processing, this paper describes an application of deep learning with recurrent neural networks to the problem of predicting the next event in a business process. This is both a novel method in process prediction, which has largely relied on explicit process models, and also a novel application of deep learning methods. The approach is evaluated on two real datasets and our results surpass the state-of-the-art in prediction precision.",decision support systems,preprint,2016,cs.CL,https://arxiv.org/abs/1612.04600,final,2026-06-10,,,lev=0.340; q='natural language processing'
B-0026-v1,B,arXiv:1906.06755,Theoretical Limitations of Self-Attention in Neural Sequence Models,Michael Hahn,"Transformers are emerging as the new workhorse of NLP, showing great success across tasks. Unlike LSTMs, transformers process input sequences entirely through self-attention. Previous work has suggested that the computational capabilities of self-attention to process hierarchical structures are limited. In this work, we mathematically investigate the computational power of self-attention to model formal languages. Across both soft and hard attention, we show strong theoretical limitations of the computational abilities of self-attention, finding that it cannot model periodic finite-state languages, nor hierarchical structure, unless the number of layers or heads increases with input length. Our results precisely describe theoretical limitations of the techniques underlying recent advances in NLP.",arXiv,preprint,2019,cs.CL,https://arxiv.org/abs/1906.06755,v1,2026-06-10,,,lev=0.246; q='natural language processing'
B-0026-fn,B,arXiv:1906.06755,Theoretical Limitations of Self-Attention in Neural Sequence Models,Michael Hahn,"Transformers are emerging as the new workhorse of NLP, showing great success across tasks. Unlike LSTMs, transformers process input sequences entirely through self-attention. Previous work has suggested that the computational capabilities of self-attention to process hierarchical structures are limited. In this work, we mathematically investigate the computational power of self-attention to model formal languages. Across both soft and hard attention, we show strong theoretical limitations of the computational abilities of self-attention, finding that it cannot model periodic finite-state languages, nor hierarchical structure, unless the number of layers or heads increases with input length. These limitations seem surprising given the practical success of self-attention and the prominent role assigned to hierarchical structure in linguistics, suggesting that natural language can be approximated well with models that are too weak for the formal languages typically assumed in theoretical linguistics.",transactions of the association for computational linguistics,preprint,2019,cs.CL,https://arxiv.org/abs/1906.06755,final,2026-06-10,,,lev=0.246; q='natural language processing'
B-0027-v1,B,arXiv:1603.01360,Neural Architectures for Named Entity Recognition,"Guillaume Lample, Miguel Ballesteros, Sandeep Subramanian, Kazuya Kawakami, Chris Dyer","State-of-the-art named entity recognition systems rely heavily on hand-crafted features and domain-specific knowledge in order to learn effectively from the small, supervised training corpora that are available. In this paper, we introduce two new neural architectures---one based on bidirectional LSTMs and conditional random fields, and the other that constructs and labels segments using a transition-based approach inspired by shift-reduce parsers. Our models rely on two sources of information about words: character-based word representations learned from the supervised corpus and unsupervised word representations learned from unannotated corpora. Our models obtain state-of-the-art performance in NER in four languages without resorting to any language-specific knowledge or resources such as gazetteers.",arXiv,preprint,2016,cs.CL,https://arxiv.org/abs/1603.01360,v1,2026-06-10,,,lev=0.844; q='computational linguistics arxiv'
B-0027-fn,B,arXiv:1603.01360,Neural Architectures for Named Entity Recognition,"Guillaume Lample, Miguel Ballesteros, Sandeep Subramanian, Kazuya Kawakami, Chris Dyer","Comunicacio presentada a la 2016 Conference of the North American Chapter of the Association for Computational Linguistics, celebrada a San Diego (CA, EUA) els dies 12 a 17 de juny 2016.",north american chapter of the association for computational linguistics,preprint,2016,cs.CL,https://arxiv.org/abs/1603.01360,final,2026-06-10,,,lev=0.844; q='computational linguistics arxiv'
B-0028-v1,B,arXiv:1905.01896,Distributional Semantics and Linguistic Theory,Gemma Boleda,"Distributional semantics provides multi-dimensional, graded, empirically induced word representations that successfully capture many aspects of meaning in natural languages, as shown in a large body of work in computational linguistics; yet, its impact in theoretical linguistics has so far been limited. This survey provides a critical discussion of the literature on distributional semantics, with an emphasis on methods and results that are of relevance for theoretical linguistics, in three areas: semantic change, polysemy, and the grammar-semantics interface.",arXiv,preprint,2019,cs.CL,https://arxiv.org/abs/1905.01896,v1,2026-06-10,,,lev=0.363; q='computational linguistics arxiv'
B-0028-fn,B,arXiv:1905.01896,Distributional Semantics and Linguistic Theory,Gemma Boleda,"Distributional semantics provides multidimensional, graded, empirically induced word representations that successfully capture many aspects of meaning in natural languages, as shown by a large body of research in computational linguistics; yet, its impact in theoretical linguistics has so far been limited. This review provides a critical discussion of the literature on distributional semantics, with an emphasis on methods and results that are relevant for theoretical linguistics, in three areas: semantic change, polysemy and composition, and the grammar–semantics interface (specifically, the interface of semantics with syntax and with derivational morphology). The goal of this review is to foster greater cross-fertilization of theoretical and computational approaches to language as a means to advance our collective knowledge of how it works.",annual review of linguistics,preprint,2019,cs.CL,https://arxiv.org/abs/1905.01896,final,2026-06-10,,,lev=0.363; q='computational linguistics arxiv'
B-0029-v1,B,arXiv:1801.09872,A state-of-the-art of semantic change computation,Xuri Tang,"This paper reviews the state-of-the-art of semantic change computation, one emerging research field in computational linguistics, proposing a framework that summarizes the literature by identifying and expounding five essential components in the field: diachronic corpus, diachronic word sense characterization, change modelling, evaluation data and data visualization. Despite the potential of the field, the review shows that current studies are mainly focused on testifying hypotheses proposed in theoretical linguistics and that several core issues remain to be solved: the need for diachronic corpora of languages other than English, the need for comprehensive evaluation data for evaluation, the comparison and construction of approaches to diachronic word sense characterization and change modelling, and further exploration of data visualization techniques for hypothesis justification.",arXiv,preprint,2018,cs.CL,https://arxiv.org/abs/1801.09872,v1,2026-06-10,,,lev=0.304; q='computational linguistics arxiv'
B-0029-fn,B,arXiv:1801.09872,A state-of-the-art of semantic change computation,Xuri Tang,"Abstract This paper reviews the state-of-the-art of one emergent field in computational linguistics—semantic change computation. It summarizes the literature by proposing a framework that identifies five components in the field: diachronic corpus, diachronic word sense characterization, change modelling, evaluation and data visualization. Despite its potentials, the review shows that current studies are mainly focused on testifying hypotheses of semantic change from theoretical linguistics and that several core issues remain to be tackled: the need of diachronic corpora for languages other than English, the comparison and development of approaches to diachronic word sense characterization and change modelling, the need of comprehensive evaluation data and further exploration of data visualization techniques for hypothesis justification.",natural language engineering,preprint,2018,cs.CL,https://arxiv.org/abs/1801.09872,final,2026-06-10,,,lev=0.304; q='computational linguistics arxiv'
B-0030-v1,B,arXiv:1406.3058,Multilevel Polynomial Partitions and Simplified Range Searching,"J. Matoušek, Zuzana Patáková","The polynomial partitioning method of Guth and Katz [arXiv:1011.4105], with numerous applications in discrete and computational geometry, partitions a given $n$-point set $P\subset\mathbb{R}^d$ using the zero set $Z(f)$ of a suitable $d$-variate polynomial $f$. Applications of this result are often complicated by the problem, what should be done with the points of $P$ lying within $Z(f)$? A natural approach is to partition these points with another polynomial and continue further in a similar manner. So far it has been pursued with limited success---several authors managed to construct and apply a second partitioning polynomial, but further progress has been prevented by technical obstacles. We provide a polynomial partitioning method with up to $d$ polynomials in dimension $d$, which allows for a complete decomposition of the given point set. We apply it to obtain a new algorithm for the semialgebraic range searching problem. Our algorithm has running time bounds similar to a recent algorithm by Agarwal, Sharir, and the first author [SIAM~J.~Comput. 42(2013) 2039--2062], but it is simpler both conceptually and technically. While this paper has been in preparation, Basu and Sombra, as well as Fox, Pach, Sheffer, Suk, and Zahl, obtained results concerning polynomial partitions which overlap with ours to some extent.",arXiv,preprint,2014,cs.CL,https://arxiv.org/abs/1406.3058,v1,2026-06-10,,,lev=0.212; q='computational linguistics arxiv'
B-0030-fn,B,arXiv:1406.3058,Multilevel Polynomial Partitions and Simplified Range Searching,"J. Matoušek, Zuzana Patáková","The polynomial partitioning method of Guth and Katz (arXiv:1011.4105) has numerous applications in discrete and computational geometry. It partitions a given n-point set P⊂Rd\documentclass[12pt]{minimal} \usepackage{amsmath} \usepackage{wasysym} \usepackage{amsfonts} \usepackage{amssymb} \usepackage{amsbsy} \usepackage{mathrsfs} \usepackage{upgreek} \setlength{\oddsidemargin}{-69pt} \begin{document}$$P\subset {\mathbb {R}}^d$$\end{document} using the zero set Z(f) of a suitable d-variate polynomial f. Applications of this result are often complicated by the problem, “What should be done with the points of P lying within Z(f)?” A natural approach is to partition these points with another polynomial and continue further in a similar manner. So far this has been pursued with limited success—several authors managed to construct and apply a second partitioning polynomial, but further progress has been prevented by technical obstacles. We provide a polynomial partitioning method with up to d polynomials in dimension d, which allows for a complete decomposition of the given point set. We apply it to obtain a new algorithm for the semialgebraic range searching problem. Our algorithm has running time bounds similar to a recent algorithm by Agarwal et al. (SIAM J Comput 42:2039–2062, 2013), but it is simpler both conceptually and technically. While this paper has been in preparation, Basu and Sombra, as well as Fox, Pach, Sheffer, Suk, and Zahl, obtained results concerning polynomial partitions which overlap with ours to some extent.",discrete & computational geometry,preprint,2014,cs.CL,https://arxiv.org/abs/1406.3058,final,2026-06-10,,,lev=0.212; q='computational linguistics arxiv'
B-0031-v1,B,arXiv:1905.09062,Effective Models and Numerical Homogenization for Wave Propagation in Heterogeneous Media on Arbitrary Timescales,"A. Abdulle, Timothée Pouchon","A family of effective equations for wave propagation in periodic media for arbitrary timescales $\mathcal{O}(\varepsilon^{-α})$, where $\varepsilon\ll1$ is the period of the tensor describing the medium, is proposed. The well-posedness of the effective equations of the family is ensured without requiring a regularization process as in previous models [A. Benoit and A. Gloria, arXiv:1701.08600, 2017], [G. Allaire, A. Lamacz, and J. Rauch, arXiv:1803.09455, 2018]. The effective solutions in the family are proved to be $\varepsilon$ close to the original wave in a norm equivalent to the $L^\infty(0,\varepsilon^{-α}T;L^2((Ω))$ norm.In addition, a numerical procedure for the computation of the effective tensors of arbitrary order is provided. In particular, we present a new relation between the correctors of arbitrary order, which allows to substantially reduce the computational cost of the effective tensors of arbitrary order. This relation is not limited to the effective equations presented in this paper and can be used to compute the effective tensors of alternative effective models.",arXiv,preprint,2019,cs.CL,https://arxiv.org/abs/1905.09062,v1,2026-06-10,,,lev=0.214; q='computational linguistics arxiv'
B-0031-fn,B,arXiv:1905.09062,Effective Models and Numerical Homogenization for Wave Propagation in Heterogeneous Media on Arbitrary Timescales,"A. Abdulle, Timothée Pouchon","A family of effective equations for wave propagation in periodic media for arbitrary timescales $$\mathcal {O}(\varepsilon ^{-\alpha })$$ O ( ε - α ) , where $$\varepsilon \ll 1$$ ε ≪ 1 is the period of the tensor describing the medium, is proposed. The well-posedness of the effective equations of the family is ensured without requiring a regularization process as in previous models (Benoit and Gloria in Long-time homogenization and asymptotic ballistic transport of classical waves, 2017, arXiv:1701.08600 ; Allaire et al. in Crime pays; homogenized wave equations for long times, 2018, arXiv:1803.09455 ). The effective solutions in the family are proved to be $$\varepsilon $$ ε close to the original wave in a norm equivalent to the $${\mathrm {L}^{\infty }}(0,\varepsilon ^{-\alpha }T;{{\mathrm {L}^{2}}(\varOmega )})$$ L ∞ ( 0 , ε - α T ; L 2 ( Ω ) ) norm. In addition, a numerical procedure for the computation of the effective tensors of arbitrary order is provided. In particular, we present a new relation between the correctors of arbitrary order, which allows to substantially reduce the computational cost of the effective tensors of arbitrary order. This relation is not limited to the effective equations presented in this paper and can be used to compute the effective tensors of alternative effective models.",foundations of computational mathematics,preprint,2019,cs.CL,https://arxiv.org/abs/1905.09062,final,2026-06-10,,,lev=0.214; q='computational linguistics arxiv'
B-0032-v1,B,arXiv:1808.04932,Sparse Harmonic Transforms: A New Class of Sublinear-Time Algorithms for Learning Functions of Many Variables,"Bosu Choi, M. Iwen, Felix Krahmer","We develop fast and memory efficient numerical methods for learning functions of many variables that admit sparse representations in terms of general bounded orthonormal tensor product bases. Such functions appear in many applications including, e.g., various Uncertainty Quantification(UQ) problems involving the solution of parametric PDE that are approximately sparse in Chebyshev or Legendre product bases. We expect that our results provide a starting point for a new line of research on sublinear-time solution techniques for UQ applications of the type above which will eventually be able to scale to significantly higher-dimensional problems than what are currently computationally feasible.   More concretely, let $B$ be a finite Bounded Orthonormal Product Basis (BOPB) of cardinality $|B|=N$. We will develop methods that approximate any function $f$ that is sparse in the BOPB, that is, $f:\mathcal{D}\subset R^D\rightarrow C$ of the form $f(\mathbf{x})=\sum_{b\in S}c_b\cdot b(\mathbf{x})$ with $S\subset B$ of cardinality $|S| =s\ll N$. Our method has a runtime of just $(s\log N)^{O(1)}$, uses only $(s\log N)^{O(1)}$ function evaluations on a fixed and nonadaptive grid, and not more than $(s\log N)^{O(1)}$ bits of memory.   For $s\ll N$, the runtime $(s\log N)^{O(1)}$ will be less than what is required to simply enumerate the elements of the basis $B$; thus our method is the first approach applicable in a general BOPB framework that falls into the class referred to as ""sublinear-time"". This and the similarly reduced sample and memory requirements set our algorithm apart from previous works based on standard compressive sensing algorithms such as basis pursuit which typically store and utilize full intermediate basis representations of size $Ω(N)$.",arXiv,preprint,2018,cs.CL,https://arxiv.org/abs/1808.04932,v1,2026-06-10,,,lev=0.469; q='computational linguistics arxiv'
B-0032-fn,B,arXiv:1808.04932,Sparse Harmonic Transforms: A New Class of Sublinear-Time Algorithms for Learning Functions of Many Variables,"Bosu Choi, M. Iwen, Felix Krahmer","In this paper we develop fast and memory efficient numerical methods for learning functions of many variables that admit sparse representations in terms of general bounded orthonormal tensor product bases. Such functions appear in many applications including, e.g., various Uncertainty Quantification (UQ) problems involving the solution of parametric PDE that are approximately sparse in Chebyshev or Legendre product bases (Chkifa et al. in Polynomial approximation via compressed sensing of high-dimensional functions on lower sets. arXiv:1602.05823 , 2016; Rauhut and Schwab in Math Comput 86(304):661–700, 2017). We expect that our results provide a starting point for a new line of research on sublinear-time solution techniques for UQ applications of the type above which will eventually be able to scale to significantly higher-dimensional problems than what are currently computationally feasible. More concretely, let $${\mathcal {B}}$$ B be a finite Bounded Orthonormal Product Basis (BOPB) of cardinality $$|{\mathcal {B}}| = N$$ | B | = N . Herein we will develop methods that rapidly approximate any function f that is sparse in the BOPB, that is, $$f: {\mathcal {D}} \subset {\mathbb {R}}^D \rightarrow {\mathbb {C}}$$ f : D ⊂ R D → C of the form $$\begin{aligned} f(\varvec{x}) = \sum _{b \in {\mathcal {S}}} c_b \cdot b(\varvec{x}) \end{aligned}$$ f ( x ) = ∑ b ∈ S c b · b ( x ) with $${\mathcal {S}} \subset {\mathcal {B}}$$ S ⊂ B of cardinality $$|{\mathcal {S}}| = s \ll N$$ | S | = s ≪ N . Our method adapts the CoSaMP algorithm (Needell and Tropp in Appl Comput Harmon Anal 26(3):301–321, 2009) to use additional function samples from f along a randomly constructed grid $${\mathcal {G}} \subset {\mathbb {R}}^D$$ G ⊂ R D with universal approximation properties in order to rapidly identify the multi-indices of the most dominant basis functions in $${\mathcal {S}}$$ S component by component during each CoSaMP iteration. It has a runtime of just $$(s \log N)^{{\mathcal {O}}(1)}$$ ( s log N ) O ( 1 ) , uses only $$(s \log N)^{{\mathcal {O}}(1)}$$ ( s log N ) O ( 1 ) function evaluations on the fixed and nonadaptive grid $${\mathcal {G}}$$ G , and requires not more than $$(s \log N)^{{\mathcal {O}}(1)}$$ ( s log N ) O ( 1 ) bits of memory. We emphasize that nothing about $${\mathcal {S}}$$ S or any of the coefficients $$c_b \in {\mathbb {C}}$$ c b ∈ C is assumed in advance other than that $${\mathcal {S}} \subset {\mathcal {B}}$$ S ⊂ B has $$|{\mathcal {S}}| \le s$$ | S | ≤ s . Both $${\mathcal {S}}$$ S and its related coefficients $$c_b$$ c b will be learned from the given function evaluations by the developed method. For $$s\ll N$$ s ≪ N , the runtime $$(s \log N)^{{\mathcal {O}}(1)}$$ ( s log N ) O ( 1 ) will be less than what is required to simply enumerate the elements of the basis $${\mathcal {B}}$$ B ; thus our method is the first approach applicable in a general BOPB framework that falls into the class referred to as sublinear-time . This and the similarly reduced sample and memory requirements set our algorithm apart from previous works based on standard compressive sensing algorithms such as basis pursuit which typically store and utilize full intermediate basis representations of size $$\varOmega (N)$$ Ω ( N ) during the solution process.",foundations of computational mathematics,preprint,2018,cs.CL,https://arxiv.org/abs/1808.04932,final,2026-06-10,,,lev=0.469; q='computational linguistics arxiv'
B-0033-v1,B,arXiv:1809.05328,Computing credit valuation adjustment solving coupled PIDEs in the Bates model,"Ludovic Goudenège, Andrea Molent, Antonino Zanette","Credit value adjustment (CVA) is the charge applied by financial institutions to the counterparty to cover the risk of losses on a counterpart default event. In this paper we estimate such a premium under the Bates stochastic model (Bates [4]), which considers an underlying affected by both stochastic volatility and random jumps. We propose an efficient method which improves the finite-difference Monte Carlo (FDMC) approach introduced by de Graaf et al. [11]. In particular, the method we propose consists in replacing the Monte Carlo step of the FDMC approach with a finite difference step and the whole method relies on the efficient solution of two coupled partial integro-differential equations (PIDE) which is done by employing the Hybrid Tree-Finite Difference method developed by Briani et al. [6, 7, 8]. Moreover, the direct application of the hybrid techniques in the original FDMC approach is also considered for comparison purposes. Several numerical tests prove the effectiveness and the reliability of the proposed approach when both European and American options are considered.",arXiv,preprint,2018,cs.CL,https://arxiv.org/abs/1809.05328,v1,2026-06-10,,,lev=0.212; q='computational linguistics arxiv'
B-0033-fn,B,arXiv:1809.05328,Computing credit valuation adjustment solving coupled PIDEs in the Bates model,"Ludovic Goudenège, Andrea Molent, Antonino Zanette","Credit Value Adjustment is the charge applied by financial institutions to the counter-party to cover the risk of losses on a counterpart default event. In this paper we estimate such a premium under the Bates stochastic model (Bates in The Review of Financial Studies 9(1): 69–107, 1996), which considers an underlying affected by both stochastic volatility and random jumps. We propose an efficient method which improves the Finite-Difference Monte Carlo (FDMC) approach introduced by de Graaf et al. (Journal of Computational Finance 21, 2017) In particular, the method we propose consists in replacing the Monte Carlo step of the FDMC approach with a finite difference step and the whole method relies on the efficient solution of two coupled partial integro-differential equations which is done by employing the Hybrid Tree-Finite Difference method developed by Briani et al. (arXiv:1603.07225 2016;IMA Journal of Management Mathematics 28(4): 467–500, 2017;The Journal of Computational Finance 21(3): 1–45, 2017). Moreover, the direct application of the hybrid techniques in the original FDMC approach is also considered for comparison purposes. Several numerical tests prove the effectiveness and the reliability of the proposed approach when both European and American options are considered. Subject classification numbers as needed.",computational management science,preprint,2018,cs.CL,https://arxiv.org/abs/1809.05328,final,2026-06-10,,,lev=0.212; q='computational linguistics arxiv'
B-0034-v1,B,arXiv:1905.01647,A Type-Driven Vector Semantics for Ellipsis with Anaphora Using Lambek Calculus with Limited Contraction,"G. Wijnholds, M. Sadrzadeh","We develop a vector space semantics for verb phrase ellipsis with anaphora using type-driven compositional distributional semantics based on the Lambek calculus with limited contraction (LCC) of Jäger (2006). Distributional semantics has a lot to say about the statistical collocation-based meanings of content words, but provides little guidance on how to treat function words. Formal semantics on the other hand, has powerful mechanisms for dealing with relative pronouns, coordinators, and the like. Type-driven compositional distributional semantics brings these two models together. We review previous compositional distributional models of relative pronouns, coordination and a restricted account of ellipsis in the DisCoCat framework of Coecke et al. (2010, 2013). We show how DisCoCat cannot deal with general forms of ellipsis, which rely on copying of information, and develop a novel way of connecting typelogical grammar to distributional semantics by assigning vector interpretable lambda terms to derivations of LCC in the style of Muskens & Sadrzadeh (2016). What follows is an account of (verb phrase) ellipsis in which word meanings can be copied: the meaning of a sentence is now a program with non-linear access to individual word embeddings. We present the theoretical setting, work out examples, and demonstrate our results on a toy distributional model motivated by data.",arXiv,preprint,2019,cs.CL,https://arxiv.org/abs/1905.01647,v1,2026-06-10,,,lev=0.203; q='computational linguistics arxiv'
B-0034-fn,B,arXiv:1905.01647,A Type-Driven Vector Semantics for Ellipsis with Anaphora Using Lambek Calculus with Limited Contraction,"G. Wijnholds, M. Sadrzadeh","We develop a vector space semantics for verb phrase ellipsis with anaphora using type-driven compositional distributional semantics based on the Lambek calculus with limited contraction (LCC) of Jäger (Anaphora and type logical grammar, Springer, Berlin, 2006). Distributional semantics has a lot to say about the statistical collocation based meanings of content words, but provides little guidance on how to treat function words. Formal semantics on the other hand, has powerful mechanisms for dealing with relative pronouns, coordinators, and the like. Type-driven compositional distributional semantics brings these two models together. We review previous compositional distributional models of relative pronouns, coordination and a restricted account of ellipsis in the DisCoCat framework of Coecke et al. (Mathematical foundations for a compositional distributional model of meaning, 2010. arXiv:1003.4394, Ann Pure Appl Log 164(11):1079–1100, 2013). We show how DisCoCat cannot deal with general forms of ellipsis, which rely on copying of information, and develop a novel way of connecting typelogical grammar to distributional semantics by assigning vector interpretable lambda terms to derivations of LCC in the style of Muskens and Sadrzadeh (in: Amblard, de Groote, Pogodalla, Retoré (eds) Logical aspects of computational linguistics, Springer, Berlin, 2016). What follows is an account of (verb phrase) ellipsis in which word meanings can be copied: the meaning of a sentence is now a program with non-linear access to individual word embeddings. We present the theoretical setting, work out examples, and demonstrate our results with a state of the art distributional model on an extended verb disambiguation dataset.","journal of logic, language and information",preprint,2019,cs.CL,https://arxiv.org/abs/1905.01647,final,2026-06-10,,,lev=0.203; q='computational linguistics arxiv'
B-0035-v1,B,arXiv:cs/0610124,"Dependency treebanks: methods, annotation schemes and tools",Tuomo Kakkonen,"In this paper, current dependencybased treebanks are introduced and analyzed. The methods used for building the resources, the annotation schemes applied, and the tools used (such as POS taggers, parsers and annotation software) are discussed.",arXiv,preprint,2006,cs.CL,https://arxiv.org/abs/cs/0610124,v1,2026-06-10,,,lev=0.924; q='computational linguistics arxiv'
B-0035-fn,B,arXiv:cs/0610124,"Dependency treebanks: methods, annotation schemes and tools",Tuomo Kakkonen,"Abstract In this paper, current dependency-based treebanks are introduced andanalyzed. The methods used forbuilding the resources, the annotationschemes applied, and the tools used(such as POS taggers, parsers and an-notation software) are discussed. 1 Introduction Annotated data is a crucial resource for devel-opments in computational linguistics and nat-ural language processing. Syntactically anno-tated corpora, treebanks, are needed for de-veloping and evaluating natural language pro-cessing applications, as well as for researchin empirical linguistics. The choice of annota-tion type in a treebank usually boils down totwo options: the linguistic resource is anno-tated either according to some constituent orfunctional structure scheme. As the name tree-bank suggests, these linguistic resources wereﬁrst developed in the phrase-structure frame-work, usually represented as tree-shaped con-structions. The ﬁrst efforts to create such re-sources started around 30 years ago. The mostwell-known of such a treebank is the Penn Tree-bank for English (Marcus et al., 1993).In recent years, there has been a wide in-terest towards functional annotation of tree-banks. In particular, many dependency-basedtreebanks have been constructed. In addi-tion, grammatical function annotation has beenadded to some constituent-type treebanks. De-pendency Grammar formalisms stem from thework of Tesnieere (1959). In dependency gram-mars, only the lexical nodes are recognized,and the phrasal ones are omitted. The lexi-cal nodes are linked with directed binary re-lations. The most commonly used argumentfor selecting the dependency format for build-ing a treebank is that the treebank is beingcreated for a language with a relatively freeword order. Such treebanks exist e.g. forBasque, Czech, German and Turkish. On theother hand, dependency treebanks have beendeveloped for languages such as English, whichhave been usually seen as languages that canbe better represented with constituent formal-ism. The motivations for using dependency an-notation vary from the fact that the type ofstructure is the one needed by many, if notmost, applications to the fact that it offers aproper interface between syntactic and seman-tic representation. Furthermore, dependencystructures can be automatically converted intophrase structures if needed (Lin, 1995; Xiaand Palmer, 2000), although not always with100% accuracy. The TIGER Treebank of Ger-man, a free word order language, with 50,000sentences is an example of a treebank withboth phrase structure and dependency annota-tions (Brants et al., 2002).The aim of this paper is to answer the follow-ing questions about the current state-of-art independency treebanking:• What kinds of texts do the treebanks con-sist of?• What types of annotation schemes and for-mats are applied?• What kinds of annotation methods andtools are used for creating the treebanks?• What kinds of functions do the annotationtools for creating the treebanks have?We start by introducing the existingdependency-based treebanks (Section 2).In Section 3, the status and state-of-art independency treebanking is summarized and",nordic conference of computational linguistics,preprint,2006,cs.CL,https://arxiv.org/abs/cs/0610124,final,2026-06-10,,,lev=0.924; q='computational linguistics arxiv'
B-0036-v1,B,arXiv:1702.01147,Predicting Target Language CCG Supertags Improves Neural Machine Translation,"Maria Nadejde, Siva Reddy, Rico Sennrich, Tomasz Dwojak, Marcin Junczys-Dowmunt, Philipp Koehn, Alexandra Birch","Neural machine translation (NMT) models are able to partially learn syntactic information from sequential lexical information. Still, some complex syntactic phenomena such as prepositional phrase attachment are poorly modeled. This work aims to answer two questions: 1) Does explicitly modeling source or target language syntax help NMT? 2) Is tight integration of words and syntax better than multitask training? We introduce syntactic information in the form of CCG supertags either in the source as an extra feature in the embedding, or in the target, by interleaving the target supertags with the word sequence. Our results on WMT data show that explicitly modeling syntax improves machine translation quality for English-German, a high-resource pair, and for English-Romanian, a low-resource pair and also several syntactic phenomena including prepositional phrase attachment. Furthermore, a tight coupling of words and syntax improves translation quality more than multitask training.",arXiv,preprint,2017,cs.CL,https://arxiv.org/abs/1702.01147,v1,2026-06-10,,,lev=0.269; q='machine translation arxiv'
B-0036-fn,B,arXiv:1702.01147,Predicting Target Language CCG Supertags Improves Neural Machine Translation,"Maria Nadejde, Siva Reddy, Rico Sennrich, Tomasz Dwojak, Marcin Junczys-Dowmunt, Philipp Koehn, Alexandra Birch","Neural machine translation (NMT) models are able to partially learn syntactic information from sequential lexical information. Still, some complex syntactic phenomena such as prepositional phrase attachment are poorly modeled. This work aims to answer two questions: 1) Does explicitly modeling target language syntax help NMT? 2) Is tight integration of words and syntax better than multitask training? We introduce syntactic information in the form of CCG supertags in the decoder, by interleaving the target supertags with the word sequence. Our results on WMT data show that explicitly modeling target-syntax improves machine translation quality for German->English, a high-resource pair, and for Romanian->English, a low-resource pair and also several syntactic phenomena including prepositional phrase attachment. Furthermore, a tight coupling of words and syntax improves translation quality more than multitask training. By combining target-syntax with adding source-side dependency labels in the embedding layer, we obtain a total improvement of 0.9 BLEU for German->English and 1.2 BLEU for Romanian->English.",conference on machine translation,preprint,2017,cs.CL,https://arxiv.org/abs/1702.01147,final,2026-06-10,,,lev=0.269; q='machine translation arxiv'
B-0037-v1,B,arXiv:1708.08712,Neural Machine Translation Training in a Multi-Domain Scenario,"Hassan Sajjad, Nadir Durrani, Fahim Dalvi, Yonatan Belinkov, S. Vogel","In this paper, we explore alternative ways to train a neural machine translation system in a multi-domain scenario. We investigate data concatenation (with fine tuning), model stacking (multi-level fine tuning), data selection and weighted ensemble. We evaluate these methods based on three criteria: i) translation quality, ii) training time, and iii) robustness towards out-of-domain tests. Our findings on Arabic-English and German-English language pairs show that the best translation quality can be achieved by building an initial system on a concatenation of available out-of-domain data and then fine-tuning it on in-domain data. Model stacking works best when training begins with the furthest out-of-domain data and the model is incrementally fine-tuned with the next furthest domain and so on. Data selection did not give the best results, but can be considered as a decent compromise between training time and translation quality. A weighted ensemble of different individual models performed better than data selection. It is beneficial in a scenario when there is no time for fine-tuning.",arXiv,preprint,2017,cs.CL,https://arxiv.org/abs/1708.08712,v1,2026-06-10,,,lev=0.202; q='machine translation arxiv'
B-0037-fn,B,arXiv:1708.08712,Neural Machine Translation Training in a Multi-Domain Scenario,"Hassan Sajjad, Nadir Durrani, Fahim Dalvi, Yonatan Belinkov, S. Vogel","In this paper, we explore alternative ways to train a neural machine translation system in a multi-domain scenario. We investigate data concatenation (with fine tuning), model stacking (multi-level fine tuning), data selection and multi-model ensemble. Our findings show that the best translation quality can be achieved by building an initial system on a concatenation of available out-of-domain data and then fine-tuning it on in-domain data. Model stacking works best when training begins with the furthest out-of-domain data and the model is incrementally fine-tuned with the next furthest domain and so on. Data selection did not give the best results, but can be considered as a decent compromise between training time and translation quality. A weighted ensemble of different individual models performed better than data selection. It is beneficial in a scenario when there is no time for fine-tuning an already trained model.",international workshop on spoken language translation,preprint,2017,cs.CL,https://arxiv.org/abs/1708.08712,final,2026-06-10,,,lev=0.202; q='machine translation arxiv'
B-0038-v1,B,arXiv:1702.06135,Enabling Multi-Source Neural Machine Translation By Concatenating Source Sentences In Multiple Languages,"Raj Dabre, Fabien Cromierès, S. Kurohashi","In this paper, we propose a novel and elegant solution to ""Multi-Source Neural Machine Translation"" (MSNMT) which only relies on preprocessing a N-way multilingual corpus without modifying the Neural Machine Translation (NMT) architecture or training procedure. We simply concatenate the source sentences to form a single long multi-source input sentence while keeping the target side sentence as it is and train an NMT system using this augmented corpus. We evaluate our method in a low resource, general domain setting and show its effectiveness (+2 BLEU using 2 source languages and +6 BLEU using 5 source languages) along with some insights on how the NMT system leverages multilingual information in such a scenario by visualizing attention.",arXiv,preprint,2017,cs.CL,https://arxiv.org/abs/1702.06135,v1,2026-06-10,,,lev=0.231; q='machine translation arxiv'
B-0038-fn,B,arXiv:1702.06135,Enabling Multi-Source Neural Machine Translation By Concatenating Source Sentences In Multiple Languages,"Raj Dabre, Fabien Cromierès, S. Kurohashi","In this paper, we explore a simple solution to ""Multi-Source Neural Machine Translation"" (MSNMT) which only relies on preprocessing a N-way multilingual corpus without modifying the Neural Machine Translation (NMT) architecture or training procedure. We simply concatenate the source sentences to form a single long multi-source input sentence while keeping the target side sentence as it is and train an NMT system using this preprocessed corpus. We evaluate our method in resource poor as well as resource rich settings and show its effectiveness (up to 4 BLEU using 2 source languages and up to 6 BLEU using 5 source languages). We also compare against existing methods for MSNMT and show that our solution gives competitive results despite its simplicity. We also provide some insights on how the NMT system leverages multilingual information in such a scenario by visualizing attention.",machine translation summit,preprint,2017,cs.CL,https://arxiv.org/abs/1702.06135,final,2026-06-10,,,lev=0.231; q='machine translation arxiv'
B-0039-v1,B,arXiv:1611.04798,Toward Multilingual Neural Machine Translation with Universal Encoder and Decoder,"Thanh-Le Ha, J. Niehues, A. Waibel","In this paper, we present our first attempts in building a multilingual Neural Machine Translation framework under a unified approach. We are then able to employ attention-based NMT for many-to-many multilingual translation tasks. Our approach does not require any special treatment on the network architecture and it allows us to learn minimal number of free parameters in a standard way of training. Our approach has shown its effectiveness in an under-resourced translation scenario with considerable improvements up to 2.6 BLEU points. In addition, the approach has achieved interesting and promising results when applied in the translation task that there is no direct parallel corpus between source and target languages.",arXiv,preprint,2016,cs.CL,https://arxiv.org/abs/1611.04798,v1,2026-06-10,,,lev=0.310; q='machine translation arxiv'
B-0039-fn,B,arXiv:1611.04798,Toward Multilingual Neural Machine Translation with Universal Encoder and Decoder,"Thanh-Le Ha, J. Niehues, A. Waibel","In this paper, we present our first attempts in building a multilingual Neural Machine Translation framework under a unified approach in which the information shared among languages can be helpful in the translation of individual language pairs. We are then able to employ attention-based Neural Machine Translation for many-to-many multilingual translation tasks. Our approach does not require any special treatment on the network architecture and it allows us to learn minimal number of free parameters in a standard way of training. Our approach has shown its effectiveness in an under-resourced translation scenario with considerable improvements up to 2.6 BLEU points. In addition, we point out a novel way to make use of monolingual data with Neural Machine Translation using the same approach with a 3.15-BLEU-score gain in IWSLT’16 English→German translation task.",international workshop on spoken language translation,preprint,2016,cs.CL,https://arxiv.org/abs/1611.04798,final,2026-06-10,,,lev=0.310; q='machine translation arxiv'
B-0040-v1,B,arXiv:1605.04800,Log-linear Combinations of Monolingual and Bilingual Neural Machine Translation Models for Automatic Post-Editing,"Marcin Junczys-Dowmunt, Roman Grundkiewicz","This paper describes the submission of the AMU (Adam Mickiewicz University) team to the Automatic Post-Editing (APE) task of WMT 2016. We explore the application of neural translation models to the APE problem and achieve good results by treating different models as components in a log-linear model, allowing for multiple inputs (the MT-output and the source) that are decoded to the same target language (post-edited translations). A simple string-matching penalty integrated within the log-linear model can be used to control for higher faithfulness with regard to the to-be-corrected machine translation input. Our submission outperforms the uncorrected baseline on the unseen test set by -3.2% TER and +5.5% BLEU.",arXiv,preprint,2016,cs.CL,https://arxiv.org/abs/1605.04800,v1,2026-06-10,,,lev=0.230; q='machine translation arxiv'
B-0040-fn,B,arXiv:1605.04800,Log-linear Combinations of Monolingual and Bilingual Neural Machine Translation Models for Automatic Post-Editing,"Marcin Junczys-Dowmunt, Roman Grundkiewicz","This paper describes the submission of the AMU (Adam Mickiewicz University) team to the Automatic Post-Editing (APE) task of WMT 2016. We explore the application of neural translation models to the APE problem and achieve good results by treating different models as components in a log-linear model, allowing for multiple inputs (the MT-output and the source) that are decoded to the same target language (post-edited translations). A simple string-matching penalty integrated within the log-linear model is used to control for higher faithfulness with regard to the raw machine translation output. To overcome the problem of too little training data, we generate large amounts of artificial data. Our submission improves over the uncorrected baseline on the unseen test set by -3.2\% TER and +5.5\% BLEU and outperforms any other system submitted to the shared-task by a large margin.",conference on machine translation,preprint,2016,cs.CL,https://arxiv.org/abs/1605.04800,final,2026-06-10,,,lev=0.230; q='machine translation arxiv'
B-0041-v1,B,arXiv:1605.04809,The AMU-UEDIN Submission to the WMT16 News Translation Task: Attention-based NMT Models as Feature Functions in Phrase-based SMT,"Marcin Junczys-Dowmunt, Tomasz Dwojak, Rico Sennrich","This paper describes the AMU-UEDIN submissions to the WMT 2016 shared task on news translation. We explore methods of decode-time integration of attention-based neural translation models with phrase-based statistical machine translation. Efficient batch-algorithms for GPU-querying are proposed and implemented. For English-Russian, the phrase-based system cannot surpass state-of-the-art stand-alone neural models. For the Russian-English task, our submission achieves the top BLEU result, outperforming the best pure-neural system by 1.1 BLEU points and our own phrase-based baseline by 1.6 BLEU. In follow-up experiments we improve these results by additional 0.7 BLEU.",arXiv,preprint,2016,cs.CL,https://arxiv.org/abs/1605.04809,v1,2026-06-10,,,lev=0.272; q='machine translation arxiv'
B-0041-fn,B,arXiv:1605.04809,The AMU-UEDIN Submission to the WMT16 News Translation Task: Attention-based NMT Models as Feature Functions in Phrase-based SMT,"Marcin Junczys-Dowmunt, Tomasz Dwojak, Rico Sennrich","This paper describes the AMU-UEDIN submissions to the WMT 2016 shared task on news translation. We explore methods of decode-time integration of attention-based neural translation models with phrase-based statistical machine translation. Efficient batch-algorithms for GPU-querying are proposed and implemented. For English-Russian, our system stays behind the state-of-the-art pure neural models in terms of BLEU. Among restricted systems, manual evaluation places it in the first cluster tied with the pure neural model. For the Russian-English task, our submission achieves the top BLEU result, outperforming the best pure neural system by 1.1 BLEU points and our own phrase-based baseline by 1.6 BLEU. After manual evaluation, this system is the best restricted system in its own cluster. In follow-up experiments we improve results by additional 0.8 BLEU.",conference on machine translation,preprint,2016,cs.CL,https://arxiv.org/abs/1605.04809,final,2026-06-10,,,lev=0.272; q='machine translation arxiv'
B-0042-v1,B,arXiv:1704.06439,Unified representation of molecules and crystals for machine learning,"Haoyan Huo, M. Rupp","Accurate simulations of atomistic systems from first principles are limited by computational cost. In high-throughput settings, machine learning can potentially reduce these costs significantly by accurately interpolating between reference calculations. For this, kernel learning approaches crucially require a single Hilbert space accommodating any atomistic system. We introduce a many-body tensor representation that has proper mathematical structure, satisfies theoretical requirements, and can represent both molecules and crystals. Empirical evidence is presented for energy prediction errors below 1 kcal/mol for 7k organic molecules and 3 meV/atom for 11k elpasolite crystals. Applicability is demonstrated for phase diagrams of Pt-group/transition-metal binary systems.",arXiv,preprint,2017,cs.CL,https://arxiv.org/abs/1704.06439,v1,2026-06-10,,,lev=0.331; q='machine translation arxiv'
B-0042-fn,B,arXiv:1704.06439,Unified representation of molecules and crystals for machine learning,"Haoyan Huo, M. Rupp","Accurate simulations of atomistic systems from first principles are limited by computational cost. In high-throughput settings, machine learning can reduce these costs significantly by accurately interpolating between reference calculations. For this, kernel learning approaches crucially require a representation that accommodates arbitrary atomistic systems. We introduce a many-body tensor representation that is invariant to translations, rotations, and nuclear permutations of same elements, unique, differentiable, can represent molecules and crystals, and is fast to compute. Empirical evidence for competitive energy and force prediction errors is presented for changes in molecular structure, crystal chemistry, and molecular dynamics using kernel regression and symmetric gradient-domain machine learning as models. Applicability is demonstrated for phase diagrams of Pt-group/transition-metal binary systems.",machine learning: science and technology,preprint,2017,cs.CL,https://arxiv.org/abs/1704.06439,final,2026-06-10,,,lev=0.331; q='machine translation arxiv'
B-0043-v1,B,arXiv:1804.08771,A Call for Clarity in Reporting BLEU Scores,Matt Post,"The field of machine translation is blessed with new challenges resulting from the regular production of fresh test sets in diverse settings. But it is also cursed---with a lack of consensus in how to report scores from its dominant metric. Although people refer to ""the"" BLEU score, BLEU scores can vary wildly with changes to its parameterization and, especially, reference processing schemes, yet these details are absent from papers or hard to determine. We quantify this variation, finding differences as high as 1.8 between commonly used configurations. Pointing to the success of the parsing community, we suggest machine translation researchers set- tle upon the BLEU scheme used by the annual Conference on Machine Translation (WMT), which does not permit user-supplied preprocessing of the reference. We provide a new tool to facilitate this.",arXiv,preprint,2018,cs.CL,https://arxiv.org/abs/1804.08771,v1,2026-06-10,,,lev=0.473; q='machine translation arxiv'
B-0043-fn,B,arXiv:1804.08771,A Call for Clarity in Reporting BLEU Scores,Matt Post,"The field of machine translation faces an under-recognized problem because of inconsistency in the reporting of scores from its dominant metric. Although people refer to “the” BLEU score, BLEU is in fact a parameterized metric whose values can vary wildly with changes to these parameters. These parameters are often not reported or are hard to find, and consequently, BLEU scores between papers cannot be directly compared. I quantify this variation, finding differences as high as 1.8 between commonly used configurations. The main culprit is different tokenization and normalization schemes applied to the reference. Pointing to the success of the parsing community, I suggest machine translation researchers settle upon the BLEU scheme used by the annual Conference on Machine Translation (WMT), which does not allow for user-supplied reference processing, and provide a new tool, SACREBLEU, to facilitate this.",conference on machine translation,preprint,2018,cs.CL,https://arxiv.org/abs/1804.08771,final,2026-06-10,,,lev=0.473; q='machine translation arxiv'
B-0044-v1,B,arXiv:1803.04730,"The q-linked complex Minkowski space, its real forms and deformed isometry groups","R. Fioresi, E. Latini, A. Marrani","We establish duality between real forms of the quantum deformation of the 4-dimensional orthogonal group studied by Fioresi et al. and the classification work made by Borowiec et al.. Classically these real forms are the isometry groups of $\mathbb{R}^4$ equipped with Euclidean, Kleinian or Lorentzian metric. A general deformation, named $q$-linked, of each of these spaces is then constructed, together with the coaction of the corresponding isometry group.",arXiv,preprint,2018,cs.CL,https://arxiv.org/abs/1803.04730,v1,2026-06-10,,,lev=0.381; q='text classification arxiv'
B-0044-fn,B,arXiv:1803.04730,"The q-linked complex Minkowski space, its real forms and deformed isometry groups","R. Fioresi, E. Latini, A. Marrani","We establish duality between real forms of the quantum deformation of the four-dimensional orthogonal group studied by Fioresi et al. [Quantum Klein space and superspace, preprint (2017), arXiv:1705.01755] and the classification work made by Borowiec et al. [Basic quantizations of [Formula: see text] Euclidean, Lorentz, Kleinian and quaternionic [Formula: see text] symmetries, J. High Energy Phys. 1711 (2017) 187]. Classically, these real forms are the isometry groups of [Formula: see text] equipped with Euclidean, Kleinian or Lorentzian metric. A general deformation, named [Formula: see text]-linked, of each of these spaces is then constructed, together with the coaction of the corresponding isometry group.",international journal of geometric methods in modern physics (ijgmmp),preprint,2018,cs.CL,https://arxiv.org/abs/1803.04730,final,2026-06-10,,,lev=0.381; q='text classification arxiv'
B-0045-v1,B,arXiv:1907.11932,Is BERT Really Robust? A Strong Baseline for Natural Language Attack on Text Classification and Entailment,"Di Jin, Zhijing Jin, Joey Tianyi Zhou, Peter Szolovits","Machine learning algorithms are often vulnerable to adversarial examples that have imperceptible alterations from the original counterparts but can fool the state-of-the-art models. It is helpful to evaluate or even improve the robustness of these models by exposing the maliciously crafted adversarial examples. In this paper, we present the TextFooler, a general attack framework, to generate natural adversarial texts. By successfully applying it to two fundamental natural language tasks, text classification and textual entailment, against various target models, convolutional and recurrent neural networks as well as the most powerful pre-trained BERT, we demonstrate the advantages of this framework in three ways: (i) effective---it outperforms state-of-the-art attacks in terms of success rate and perturbation rate; (ii) utility-preserving---it preserves semantic content and grammaticality, and remains correctly classified by humans; and (iii) efficient---it generates adversarial text with computational complexity linear in the text length.",arXiv,preprint,2019,cs.CL,https://arxiv.org/abs/1907.11932,v1,2026-06-10,,,lev=0.222; q='text classification arxiv'
B-0045-fn,B,arXiv:1907.11932,Is BERT Really Robust? A Strong Baseline for Natural Language Attack on Text Classification and Entailment,"Di Jin, Zhijing Jin, Joey Tianyi Zhou, Peter Szolovits","Machine learning algorithms are often vulnerable to adversarial examples that have imperceptible alterations from the original counterparts but can fool the state-of-the-art models. It is helpful to evaluate or even improve the robustness of these models by exposing the maliciously crafted adversarial examples. In this paper, we present TextFooler, a simple but strong baseline to generate adversarial text. By applying it to two fundamental natural language tasks, text classification and textual entailment, we successfully attacked three target models, including the powerful pre-trained BERT, and the widely used convolutional and recurrent neural networks. We demonstrate three advantages of this framework: (1) effective—it outperforms previous attacks by success rate and perturbation rate, (2) utility-preserving—it preserves semantic content, grammaticality, and correct types classified by humans, and (3) efficient—it generates adversarial text with computational complexity linear to the text length.1",aaai conference on artificial intelligence,preprint,2019,cs.CL,https://arxiv.org/abs/1907.11932,final,2026-06-10,,,lev=0.222; q='text classification arxiv'
B-0046-v1,B,arXiv:1811.01727,AttentionXML: Label Tree-based Attention-Aware Deep Model for High-Performance Extreme Multi-Label Text Classification,"Ronghui You, Zihan Zhang, Ziye Wang, Suyang Dai, Hiroshi Mamitsuka, Shanfeng Zhu","Extreme multi-label text classification (XMTC) is a task for tagging each given text with the most relevant multiple labels from an extremely large-scale label set. This task can be found in many applications, such as product categorization,web page tagging, news annotation and so on. Many methods have been proposed so far for solving XMTC, while most of the existing methods use traditional bag-of-words (BOW) representation, ignoring word context as well as deep semantic information. XML-CNN, a state-of-the-art deep learning-based method, uses convolutional neural network (CNN) with dynamic pooling to process the text, going beyond the BOW-based appraoches but failing to capture 1) the long-distance dependency among words and 2) different levels of importance of a word for each label. We propose a new deep learning-based method, AttentionXML, which uses bidirectional long short-term memory (LSTM) and a multi-label attention mechanism for solving the above 1st and 2nd problems, respectively. We empirically compared AttentionXML with other six state-of-the-art methods over five benchmark datasets. AttentionXML outperformed all competing methods under all experimental settings except only a couple of cases. In addition, a consensus ensemble of AttentionXML with the second best method, Parabel, could further improve the performance over all five benchmark datasets.",arXiv,preprint,2018,cs.CL,https://arxiv.org/abs/1811.01727,v1,2026-06-10,,,lev=0.585; q='text classification arxiv'
B-0046-fn,B,arXiv:1811.01727,AttentionXML: Label Tree-based Attention-Aware Deep Model for High-Performance Extreme Multi-Label Text Classification,"Ronghui You, Zihan Zhang, Ziye Wang, Suyang Dai, Hiroshi Mamitsuka, Shanfeng Zhu","Extreme multi-label text classification (XMTC) is an important problem in the era of {\it big data}, for tagging a given text with the most relevant multiple labels from an extremely large-scale label set. XMTC can be found in many applications, such as item categorization, web page tagging, and news annotation. Traditionally most methods used bag-of-words (BOW) as inputs, ignoring word context as well as deep semantic information. Recent attempts to overcome the problems of BOW by deep learning still suffer from 1) failing to capture the important subtext for each label and 2) lack of scalability against the huge number of labels. We propose a new label tree-based deep learning model for XMTC, called AttentionXML, with two unique features: 1) a multi-label attention mechanism with raw text as input, which allows to capture the most relevant part of text to each label; and 2) a shallow and wide probabilistic label tree (PLT), which allows to handle millions of labels, especially for ""tail labels"". We empirically compared the performance of AttentionXML with those of eight state-of-the-art methods over six benchmark datasets, including Amazon-3M with around 3 million labels. AttentionXML outperformed all competing methods under all experimental settings. Experimental results also show that AttentionXML achieved the best performance against tail labels among label tree-based methods. The code and datasets are available at \url{http://github.com/yourh/AttentionXML} .",neural information processing systems,preprint,2018,cs.CL,https://arxiv.org/abs/1811.01727,final,2026-06-10,,,lev=0.585; q='text classification arxiv'
B-0047-v1,B,arXiv:1809.10610,Counterfactual Fairness in Text Classification through Robustness,"Sahaj Garg, Vincent Perot, Nicole Limtiaco, Ankur Taly, Ed H. Chi, Alex Beutel","In this paper, we study counterfactual fairness in text classification, which asks the question: How would the prediction change if the sensitive attribute discussed in the example were something else? We offer a heuristic for measuring this particular form of fairness in text classifiers by substituting individual tokens pertaining to attributes (e.g. sexual orientation, race, and religion), and describe the relationship with other notions, including individual and group fairness. Further, we offer methods, including hard ablation, blindness, and counterfactual logit pairing, for optimizing this counterfactual fairness metric during model training, bridging the robustness literature and the fairness literature. Empirically, counterfactual logit pairing performs as well as hard ablation and blindness to sensitive tokens, but generalizes better to unseen tokens. Interestingly, we find that in practice, the methods do not significantly harm classifier performance, and have varying tradeoffs with group fairness. These approaches, both for measurement and optimization, provide a new path forward for addressing counterfactual fairness issues.",arXiv,preprint,2018,cs.CL,https://arxiv.org/abs/1809.10610,v1,2026-06-10,,,lev=0.465; q='text classification arxiv'
B-0047-fn,B,arXiv:1809.10610,Counterfactual Fairness in Text Classification through Robustness,"Sahaj Garg, Vincent Perot, Nicole Limtiaco, Ankur Taly, Ed H. Chi, Alex Beutel","In this paper, we study counterfactual fairness in text classification, which asks the question: How would the prediction change if the sensitive attribute referenced in the example were different? Toxicity classifiers demonstrate a counterfactual fairness issue by predicting that ""Some people are gay"" is toxic while ""Some people are straight"" is nontoxic. We offer a metric, counterfactual token fairness (CTF), for measuring this particular form of fairness in text classifiers, and describe its relationship with group fairness. Further, we offer three approaches, blindness, counterfactual augmentation, and counterfactual logit pairing (CLP), for optimizing counterfactual token fairness during training, bridging the robustness and fairness literature. Empirically, we find that blindness and CLP address counterfactual token fairness. The methods do not harm classifier performance, and have varying tradeoffs with group fairness. These approaches, both for measurement and optimization, provide a new path forward for addressing fairness concerns in text classification.","aaai/acm conference on ai, ethics, and society",preprint,2018,cs.CL,https://arxiv.org/abs/1809.10610,final,2026-06-10,,,lev=0.465; q='text classification arxiv'
B-0048-v1,B,arXiv:1807.07425,Clinical text classification with rule-based features and knowledge-guided convolutional neural networks,"Liang Yao, Chengsheng Mao, Yuan Luo","Clinical text classification is an important problem in medical natural language processing. Existing studies have conventionally focused on rules or knowledge sources-based feature engineering, but only a few have exploited effective feature learning capability of deep learning methods. In this study, we propose a novel approach which combines rule-based features and knowledge-guided deep learning techniques for effective disease classification. Critical Steps of our method include identifying trigger phrases, predicting classes with very few examples using trigger phrases and training a convolutional neural network with word embeddings and Unified Medical Language System (UMLS) entity embeddings. We evaluated our method on the 2008 Integrating Informatics with Biology and the Bedside (i2b2) obesity challenge. The results show that our method outperforms the state of the art methods.",arXiv,preprint,2018,cs.CL,https://arxiv.org/abs/1807.07425,v1,2026-06-10,,,lev=0.283; q='text classification arxiv'
B-0048-fn,B,arXiv:1807.07425,Clinical text classification with rule-based features and knowledge-guided convolutional neural networks,"Liang Yao, Chengsheng Mao, Yuan Luo","BackgroundClinical text classification is an fundamental problem in medical natural language processing. Existing studies have cocnventionally focused on rules or knowledge sources-based feature engineering, but only a limited number of studies have exploited effective representation learning capability of deep learning methods.MethodsIn this study, we propose a new approach which combines rule-based features and knowledge-guided deep learning models for effective disease classification. Critical Steps of our method include recognizing trigger phrases, predicting classes with very few examples using trigger phrases and training a convolutional neural network (CNN) with word embeddings and Unified Medical Language System (UMLS) entity embeddings.ResultsWe evaluated our method on the 2008 Integrating Informatics with Biology and the Bedside (i2b2) obesity challenge. The results demonstrate that our method outperforms the state-of-the-art methods.ConclusionWe showed that CNN model is powerful for learning effective hidden features, and CUIs embeddings are helpful for building clinical text representations. This shows integrating domain knowledge into CNN models is promising.",2018 ieee international conference on healthcare informatics workshop (ichi-w),preprint,2018,cs.CL,https://arxiv.org/abs/1807.07425,final,2026-06-10,,,lev=0.283; q='text classification arxiv'
B-0049-v1,B,arXiv:1704.04769,Automatic Bug Triage using Semi-Supervised Text Classification,"Jifeng Xuan, He Jiang, Zhilei Ren, Jun Yan, Zhongxuan Luo","In this paper, we propose a semi-supervised text classification approach for bug triage to avoid the deficiency of labeled bug reports in existing supervised approaches. This new approach combines naive Bayes classifier and expectation-maximization to take advantage of both labeled and unlabeled bug reports. This approach trains a classifier with a fraction of labeled bug reports. Then the approach iteratively labels numerous unlabeled bug reports and trains a new classifier with labels of all the bug reports. We also employ a weighted recommendation list to boost the performance by imposing the weights of multiple developers in training the classifier. Experimental results on bug reports of Eclipse show that our new approach outperforms existing supervised approaches in terms of classification accuracy.",arXiv,preprint,2017,cs.CL,https://arxiv.org/abs/1704.04769,v1,2026-06-10,,,lev=0.323; q='text classification arxiv'
B-0049-fn,B,arXiv:1704.04769,Automatic Bug Triage using Semi-Supervised Text Classification,"Jifeng Xuan, He Jiang, Zhilei Ren, Jun Yan, Zhongxuan Luo","Abstract —In this paper, we propose a semi-supervised text classification approach for bug triage to avoid the deficiency of labeled bug reports in existing supervised approaches. This new approach combines naive Bayes classifier and expectation-maximization to take advantage of both labeled and unlabeled bug reports. This approach trains a classifier with a fraction of labeled bug reports. Then the approach iteratively labels numerous unlabeled bug reports and trains a new classifier with labels of all the bug reports. We also employ a weighted recommendation list to boost the performance by imposing the weights of multiple developers in training the classifier. Experimental results on bug reports of Eclipse show that our new approach outperforms existing supervised approaches in terms of classification accuracy. Keywords- automatic bug triage; expectation-maximization; semi-supervised text classification; weighted recommendation list I. I NTRODUCTION Most of large software projects employ a bug tracking system (bug repository) to manage bugs and developers. In software development and maintenance, a bug repository is a significant software repository for storing the bugs submitted by",international conference on software engineering and knowledge engineering,preprint,2017,cs.CL,https://arxiv.org/abs/1704.04769,final,2026-06-10,,,lev=0.323; q='text classification arxiv'
B-0050-v1,B,arXiv:1806.06219,GILE: A Generalized Input-Label Embedding for Text Classification,"Nikolaos Pappas, James Henderson","Neural text classification methods typically treat output classes as categorical labels which lack description and semantics. This leads to an inability to train them well on large label sets or to generalize to unseen labels and makes speed and parameterization dependent on the size of the label set. Joint input-label space methods ameliorate the above issues by exploiting label texts or descriptions, but often at the expense of weak performance on the labels seen frequently during training. In this paper, we propose a label-aware text classification model which addresses these issues without compromising performance on the seen labels. The model consists of a joint input-label multiplicative space and a label-set-size independent classification unit and is trained with cross-entropy loss to optimize accuracy. We evaluate our model on text classification for multilingual news and for biomedical text with a large label set. The label-aware model consistently outperforms both monolingual and multilingual classification models which do not leverage label semantics and previous joint input-label space models.",arXiv,preprint,2018,cs.CL,https://arxiv.org/abs/1806.06219,v1,2026-06-10,,,lev=0.432; q='text classification arxiv'
B-0050-fn,B,arXiv:1806.06219,GILE: A Generalized Input-Label Embedding for Text Classification,"Nikolaos Pappas, James Henderson","Neural text classification models typically treat output labels as categorical variables that lack description and semantics. This forces their parametrization to be dependent on the label set size, and, hence, they are unable to scale to large label sets and generalize to unseen ones. Existing joint input-label text models overcome these issues by exploiting label descriptions, but they are unable to capture complex label relationships, have rigid parametrization, and their gains on unseen labels happen often at the expense of weak performance on the labels seen during training. In this paper, we propose a new input-label model that generalizes over previous such models, addresses their limitations, and does not compromise performance on seen labels. The model consists of a joint nonlinear input-label embedding with controllable capacity and a joint-space-dependent classification unit that is trained with cross-entropy loss to optimize classification performance. We evaluate models on full-resource and low- or zero-resource text classification of multilingual news and biomedical text with a large label set. Our model outperforms monolingual and multilingual models that do not leverage label semantics and previous joint input-label space models in both scenarios.",transactions of the association for computational linguistics,preprint,2018,cs.CL,https://arxiv.org/abs/1806.06219,final,2026-06-10,,,lev=0.432; q='text classification arxiv'
B-0051-v1,B,arXiv:1704.08006,Deep Text Classification Can be Fooled,"Bin Liang, Hongcheng Li, Miaoqiang Su, Pan Bian, Xirong Li, Wenchang Shi","Deep neural networks (DNNs) play a key role in many applications. Current studies focus on crafting adversarial samples against DNN-based image classifiers by introducing some imperceptible perturbations to the input. However, DNNs for natural language processing have not got the attention they deserve. In fact, the existing perturbation algorithms for images cannot be directly applied to text. This paper presents a simple but effective method to attack DNN-based text classifiers. Three perturbation strategies, namely insertion, modification, and removal, are designed to generate an adversarial sample for a given text. By computing the cost gradients, what should be inserted, modified or removed, where to insert and how to modify are determined effectively. The experimental results show that the adversarial samples generated by our method can successfully fool a state-of-the-art model to misclassify them as any desirable classes without compromising their utilities. At the same time, the introduced perturbations are difficult to be perceived. Our study demonstrates that DNN-based text classifiers are also prone to the adversarial sample attack.",arXiv,preprint,2017,cs.CL,https://arxiv.org/abs/1704.08006,v1,2026-06-10,,,lev=0.632; q='text classification arxiv'
B-0051-fn,B,arXiv:1704.08006,Deep Text Classification Can be Fooled,"Bin Liang, Hongcheng Li, Miaoqiang Su, Pan Bian, Xirong Li, Wenchang Shi","In this paper, we present an effective method to craft text adversarial samples, revealing one important yet underestimated fact that DNN-based text classifiers are also prone to adversarial sample attack. Specifically, confronted with different adversarial scenarios, the text items that are important for classification are identified by computing the cost gradients of the input (white-box attack) or generating a series of occluded test samples (black-box attack). Based on these items, we design three perturbation strategies, namely insertion, modification, and removal, to generate adversarial samples. The experiment results show that the adversarial samples generated by our method can successfully fool both state-of-the-art character-level and word-level DNN-based text classifiers. The adversarial samples can be perturbed to any desirable classes without compromising their utilities. At the same time, the introduced perturbation is difficult to be perceived.",international joint conference on artificial intelligence,preprint,2017,cs.CL,https://arxiv.org/abs/1704.08006,final,2026-06-10,,,lev=0.632; q='text classification arxiv'
B-0052-v1,B,arXiv:1710.07210,Multi-Task Label Embedding for Text Classification,"Honglun Zhang, Liqiang Xiao, Wenqing Chen, Yongkun Wang, Yaohui Jin","Multi-task learning in text classification leverages implicit correlations among related tasks to extract common features and yield performance gains. However, most previous works treat labels of each task as independent and meaningless one-hot vectors, which cause a loss of potential information and makes it difficult for these models to jointly learn three or more tasks. In this paper, we propose Multi-Task Label Embedding to convert labels in text classification into semantic vectors, thereby turning the original tasks into vector matching tasks. We implement unsupervised, supervised and semi-supervised models of Multi-Task Label Embedding, all utilizing semantic correlations among tasks and making it particularly convenient to scale and transfer as more tasks are involved. Extensive experiments on five benchmark datasets for text classification show that our models can effectively improve performances of related tasks with semantic representations of labels and additional information from each other.",arXiv,preprint,2017,cs.CL,https://arxiv.org/abs/1710.07210,v1,2026-06-10,,,lev=0.214; q='text classification arxiv'
B-0052-fn,B,arXiv:1710.07210,Multi-Task Label Embedding for Text Classification,"Honglun Zhang, Liqiang Xiao, Wenqing Chen, Yongkun Wang, Yaohui Jin","Multi-task learning in text classification leverages implicit correlations among related tasks to extract common features and yield performance gains. However, a large body of previous work treats labels of each task as independent and meaningless one-hot vectors, which cause a loss of potential label information. In this paper, we propose Multi-Task Label Embedding to convert labels in text classification into semantic vectors, thereby turning the original tasks into vector matching tasks. Our model utilizes semantic correlations among tasks and makes it convenient to scale or transfer when new tasks are involved. Extensive experiments on five benchmark datasets for text classification show that our model can effectively improve the performances of related tasks with semantic representations of labels and additional information from each other.",conference on empirical methods in natural language processing,preprint,2017,cs.CL,https://arxiv.org/abs/1710.07210,final,2026-06-10,,,lev=0.214; q='text classification arxiv'
B-0053-v1,B,arXiv:1811.05475,ML-Net: multi-label classification of biomedical texts with deep neural networks,"Jingcheng Du, Qingyu Chen, Yifan Peng, Yang Xiang, Cui Tao, Zhiyong Lu","Background: Multi-label text classification is one type of text classification where each text can be assigned with one or more labels. Multi-label text classification, which has broad applications in biomedical domain, is often considered harder than other types of text classification, as each textual document can be assigned with indeterminate number of labels. Methods: In this work, we propose ML-Net, a novel end-to-end deep learning framework, for multi-label classification of biomedical tasks. ML-Net combines the label prediction network with a label count prediction network, which can determine the output labels based on both label confidence scores and document context in an end-to-end manner. We evaluated the ML-Net on publicly available multi-label biomedical text classification tasks from both biomedical literature domain and clinical domain. Example-based metrics including precision, recall and f-measure were calculated. We compared the ML-NET with both traditional machine learning baseline models as well as classic deep learning models. The codes are available at: https://github.com/jingcheng-du/ML_Net Results & Conclusions: The deep neural network based approaches showed superiority compared to traditional machine learning algorithms in multi-label classification of biomedical texts. Deep neural networks alleviate human efforts for feature engineering, and avoid building individual classifiers for each label. ML-NET is able to dynamically estimate the label count based on the document context in a more accurate manner.",arXiv,preprint,2018,cs.CL,https://arxiv.org/abs/1811.05475,v1,2026-06-10,,,lev=0.618; q='text classification arxiv'
B-0053-fn,B,arXiv:1811.05475,ML-Net: multi-label classification of biomedical texts with deep neural networks,"Jingcheng Du, Qingyu Chen, Yifan Peng, Yang Xiang, Cui Tao, Zhiyong Lu","OBJECTIVE
In multi-label text classification, each textual document is assigned 1 or more labels. As an important task that has broad applications in biomedicine, a number of different computational methods have been proposed. Many of these methods, however, have only modest accuracy or efficiency and limited success in practical use. We propose ML-Net, a novel end-to-end deep learning framework, for multi-label classification of biomedical texts.


MATERIALS AND METHODS
ML-Net combines a label prediction network with an automated label count prediction mechanism to provide an optimal set of labels. This is accomplished by leveraging both the predicted confidence score of each label and the deep contextual information (modeled by ELMo) in the target document. We evaluate ML-Net on 3 independent corpora in 2 text genres: biomedical literature and clinical notes. For evaluation, we use example-based measures, such as precision, recall, and the F measure. We also compare ML-Net with several competitive machine learning and deep learning baseline models.


RESULTS
Our benchmarking results show that ML-Net compares favorably to state-of-the-art methods in multi-label classification of biomedical text. ML-Net is also shown to be robust when evaluated on different text genres in biomedicine.


CONCLUSION
ML-Net is able to accuractely represent biomedical document context and dynamically estimate the label count in a more systematic and accurate manner. Unlike traditional machine learning methods, ML-Net does not require human effort for feature engineering and is a highly efficient and scalable approach to tasks with a large set of labels, so there is no need to build individual classifiers for each separate label.",j. am. medical informatics assoc.,preprint,2018,cs.CL,https://arxiv.org/abs/1811.05475,final,2026-06-10,,,lev=0.618; q='text classification arxiv'
B-0054-v1,B,arXiv:1412.1058,Effective Use of Word Order for Text Categorization with Convolutional Neural Networks,"Rie Johnson, Tong Zhang","Convolutional neural network (CNN) is a neural network that can make use of the internal structure of data such as the 2D structure of image data. This paper studies CNN on text categorization to exploit the 1D structure (namely, word order) of text data for accurate prediction. We directly apply CNN to high-dimensional text data, instead of low-dimensional word vectors as is often done. Two types of CNN are studied: a straightforward adaptation of CNN from image to text, and a simple but new variation which employs bag-of-word conversion in the convolution layer. The experiments demonstrate the effectiveness of our approach in comparison with state-of-the-art methods, as well as previous CNN models for text, which are more complex and expensive to train.",arXiv,preprint,2014,cs.CL,https://arxiv.org/abs/1412.1058,v1,2026-06-10,,,lev=0.382; q='text classification arxiv'
B-0054-fn,B,arXiv:1412.1058,Effective Use of Word Order for Text Categorization with Convolutional Neural Networks,"Rie Johnson, Tong Zhang","Convolutional neural network (CNN) is a neural network that can make use of the internal structure of data such as the 2D structure of image data. This paper studies CNN on text categorization to exploit the 1D structure (namely, word order) of text data for accurate prediction. Instead of using low-dimensional word vectors as input as is often done, we directly apply CNN to high-dimensional text data, which leads to directly learning embedding of small text regions for use in classification. In addition to a straightforward adaptation of CNN from image to text, a simple but new variation which employs bag-of-word conversion in the convolution layer is proposed. An extension to combine multiple convolution layers is also explored for higher accuracy. The experiments demonstrate the effectiveness of our approach in comparison with state-of-the-art methods.",north american chapter of the association for computational linguistics,preprint,2014,cs.CL,https://arxiv.org/abs/1412.1058,final,2026-06-10,,,lev=0.382; q='text classification arxiv'
B-0055-v1,B,arXiv:1511.01432,Semi-supervised Sequence Learning,"Andrew M. Dai, Quoc V. Le","We present two approaches that use unlabeled data to improve sequence learning with recurrent networks. The first approach is to predict what comes next in a sequence, which is a conventional language model in natural language processing. The second approach is to use a sequence autoencoder, which reads the input sequence into a vector and predicts the input sequence again. These two algorithms can be used as a ""pretraining"" step for a later supervised sequence learning algorithm. In other words, the parameters obtained from the unsupervised step can be used as a starting point for other supervised training models. In our experiments, we find that long short term memory recurrent networks after being pretrained with the two approaches are more stable and generalize better. With pretraining, we are able to train long short term memory recurrent networks up to a few hundred timesteps, thereby achieving strong performance in many text classification tasks, such as IMDB, DBpedia and 20 Newsgroups.",arXiv,preprint,2015,cs.CL,https://arxiv.org/abs/1511.01432,v1,2026-06-10,,,lev=0.225; q='text classification arxiv'
B-0055-fn,B,arXiv:1511.01432,Semi-supervised Sequence Learning,"Andrew M. Dai, Quoc V. Le","We present two approaches to use unlabeled data to improve Sequence Learning with recurrent networks. The first approach is to predict what comes next in a sequence, which is a language model in NLP. The second approach is to use a sequence autoencoder, which reads the input sequence into a vector and predicts the input sequence again. These two algorithms can be used as a ""pretraining"" algorithm for a later supervised sequence learning algorithm. In other words, the parameters obtained from the pretraining step can then be used as a starting point for other supervised training models. In our experiments, we find that long short term memory recurrent networks after pretrained with the two approaches become more stable to train and generalize better. With pretraining, we were able to achieve strong performance in many classification tasks, such as text classification with IMDB, DBpedia or image recognition in CIFAR-10.",neural information processing systems,preprint,2015,cs.CL,https://arxiv.org/abs/1511.01432,final,2026-06-10,,,lev=0.225; q='text classification arxiv'
B-0056-v1,B,arXiv:1901.10125,Glyce: Glyph-vectors for Chinese Character Representations,"Wei Wu, Yuxian Meng, Fei Wang, Qinghong Han, Muyu Li, Xiaoya Li, J. Mei, Ping Nie, Xiaofei Sun, Jiwei Li","It is intuitive that NLP tasks for logographic languages like Chinese should benefit from the use of the glyph information in those languages. However, due to the lack of rich pictographic evidence in glyphs and the weak generalization ability of standard computer vision models on character data, an effective way to utilize the glyph information remains to be found.   In this paper, we address this gap by presenting the Glyce, the glyph-vectors for Chinese character representations. We make three major innovations: (1) We use historical Chinese scripts (e.g., bronzeware script, seal script, traditional Chinese, etc) to enrich the pictographic evidence in characters; (2) We design CNN structures tailored to Chinese character image processing; and (3) We use image-classification as an auxiliary task in a multi-task learning setup to increase the model's ability to generalize.   For the first time, we show that glyph-based models are able to consistently outperform word/char ID-based models in a wide range of Chinese NLP tasks. Using Glyce, we are able to achieve the state-of-the-art performances on 13 (almost all) Chinese NLP tasks, including (1) character-Level language modeling, (2) word-Level language modeling, (3) Chinese word segmentation, (4) name entity recognition, (5) part-of-speech tagging, (6) dependency parsing, (7) semantic role labeling, (8) sentence semantic similarity, (9) sentence intention identification, (10) Chinese-English machine translation, (11) sentiment analysis, (12) document classification and (13) discourse parsing",arXiv,preprint,2019,cs.CL,https://arxiv.org/abs/1901.10125,v1,2026-06-10,,,lev=0.255; q='text classification arxiv'
B-0056-fn,B,arXiv:1901.10125,Glyce: Glyph-vectors for Chinese Character Representations,"Wei Wu, Yuxian Meng, Fei Wang, Qinghong Han, Muyu Li, Xiaoya Li, J. Mei, Ping Nie, Xiaofei Sun, Jiwei Li","It is intuitive that NLP tasks for logographic languages like Chinese should benefit from the use of the glyph information in those languages. However, due to the lack of rich pictographic evidence in glyphs and the weak generalization ability of standard computer vision models on character data, an effective way to utilize the glyph information remains to be found. In this paper, we address this gap by presenting Glyce, the glyph-vectors for Chinese character representations. We make three major innovations: (1) We use historical Chinese scripts (e.g., bronzeware script, seal script, traditional Chinese, etc) to enrich the pictographic evidence in characters; (2) We design CNN structures (called tianzege-CNN) tailored to Chinese character image processing; and (3) We use image-classification as an auxiliary task in a multi-task learning setup to increase the model's ability to generalize. We show that glyph-based models are able to consistently outperform word/char ID-based models in a wide range of Chinese NLP tasks. We are able to set new state-of-the-art results for a variety of Chinese NLP tasks, including tagging (NER, CWS, POS), sentence pair classification, single sentence classification tasks, dependency parsing, and semantic role labeling. For example, the proposed model achieves an F1 score of 80.6 on the OntoNotes dataset of NER, +1.5 over BERT; it achieves an almost perfect accuracy of 99.8\% on the Fudan corpus for text classification. Code found at this https URL.",neural information processing systems,preprint,2019,cs.CL,https://arxiv.org/abs/1901.10125,final,2026-06-10,,,lev=0.255; q='text classification arxiv'
B-0057-v1,B,arXiv:cond-mat/0108530,Language trees and zipping.,"D. Benedetto, E. Caglioti, V. Loreto",The server encountered an internal error and was unable to complete your request. Either the server is overloaded or there is an error in the application.,arXiv,preprint,2001,cs.CL,https://arxiv.org/abs/cond-mat/0108530,v1,2026-06-10,,,lev=0.779; q='text classification arxiv'
B-0057-fn,B,arXiv:cond-mat/0108530,Language trees and zipping.,"D. Benedetto, E. Caglioti, V. Loreto","In this Letter we present a very general method for extracting information from a generic string of characters, e.g., a text, a DNA sequence, or a time series. Based on data-compression techniques, its key point is the computation of a suitable measure of the remoteness of two bodies of knowledge. We present the implementation of the method to linguistic motivated problems, featuring highly accurate results for language recognition, authorship attribution, and language classification.",physical review letters,preprint,2001,cs.CL,https://arxiv.org/abs/cond-mat/0108530,final,2026-06-10,,,lev=0.779; q='text classification arxiv'
B-0058-v1,B,arXiv:1905.12451,Inductive limit of direct sums of simple TAI algebras,"Bo Cui, Chunlan Jiang, Liangqing Li","An ATAI (or ATAF, respectively) algebra, introduced in [Jiang1] (or in [Fa] respectively) is an inductive limit $\lim\limits_{n\rightarrow\infty}(A_{n}=\bigoplus\limits_{i=1}A_{n}^{i},φ_{nm})$, where each $A_{n}^{i}$ is a simple separable nuclear TAI (or TAF) C*-algebra with UCT property. In [Jiang1], the second author classified all ATAI algebras by an invariant consisting orderd total K-theory and tracial state spaces of cut down algebras under an extra restriction that all element in $K_{1}(A)$ are torsion. In this paper, we remove this restriction, and obtained the classification for all ATAI algebras with the Hausdorffized algebraic $K_{1}$-group as an addition to the invariant used in [Jiang1]. The theorem is proved by reducing the class to the classification theorem of $\mathcal{AHD}$ algebras with ideal property which is done in [GJL1]. Our theorem generalizes the main theorem of [Fa] and [Jiang1] (see corollary 4.3).",arXiv,preprint,2019,cs.CL,https://arxiv.org/abs/1905.12451,v1,2026-06-10,,,lev=0.582; q='text classification arxiv'
B-0058-fn,B,arXiv:1905.12451,Inductive limit of direct sums of simple TAI algebras,"Bo Cui, Chunlan Jiang, Liangqing Li","An ATAI (or ATAF, respectively) algebra, introduced in [C. Jiang, A classification of non simple C*-algebras of tracial rank one: Inductive limit of finite direct sums of simple TAI C*-algebras, J. Topol. Anal. 3 (2011) 385–404] (or in [X. C. Fang, The classification of certain non-simple C*-algebras of tracial rank zero, J. Funct. Anal. 256 (2009) 3861–3891], respectively) is an inductive limit [Formula: see text], where each [Formula: see text] is a simple separable nuclear TAI (or TAF) C*-algebra with UCT property. In [C. Jiang, A classification of non simple C*-algebras of tracial rank one: Inductive limit of finite direct sums of simple TAI C*-algebras, J. Topol. Anal. 3 (2011) 385–404], the second author classified all ATAI algebras by an invariant consisting orderd total [Formula: see text]-theory and tracial state spaces of cut down algebras under an extra restriction that all element in [Formula: see text] are torsion. In this paper, we remove this restriction, and obtained the classification for all ATAI algebras with the Hausdorffized algebraic [Formula: see text]-group as an addition to the invariant used in [C. Jiang, A classification of non simple C*-algebras of tracial rank one: Inductive limit of finite direct sums of simple TAI C*-algebras, J. Topol. Anal. 3 (2011) 385–404]. The theorem is proved by reducing the class to the classification theorem of [Formula: see text] algebras with ideal property which is done in [G. Gong, C. Jiang and L. Li, A classification of inductive limit C*-algebras with ideal property, preprint (2016), arXiv:1607.07681]. Our theorem generalizes the main theorem of [X. C. Fang, The classification of certain non-simple C*-algebras of tracial rank zero, J. Funct. Anal. 256 (2009) 3861–3891], [C. Jiang, A classification of non simple C*-algebras of tracial rank one: Inductive limit of finite direct sums of simple TAI C*-algebras, J. Topol. Anal. 3 (2011) 385–404] (see Corollary 4.3).",journal of topology and analysis (jta),preprint,2019,cs.CL,https://arxiv.org/abs/1905.12451,final,2026-06-10,,,lev=0.582; q='text classification arxiv'
B-0059-v1,B,arXiv:1511.08308,Named Entity Recognition with Bidirectional LSTM-CNNs,"Jason P. C. Chiu, Eric Nichols","Named entity recognition is a challenging task that has traditionally required large amounts of knowledge in the form of feature engineering and lexicons to achieve high performance. In this paper, we present a novel neural network architecture that automatically detects word- and character-level features using a hybrid bidirectional LSTM and CNN architecture, eliminating the need for most feature engineering. We also propose a novel method of encoding partial lexicon matches in neural networks and compare it to existing exact match approaches. Extensive evaluation shows that, given only tokenized text, publicly available word vectors, and an automatically constructed lexicon from open sources, our system is able to surpass the reported state-of-the-art on the OntoNotes 5.0 dataset by 2.35 F1 points and achieves competitive results on the CoNLL 2003 dataset, rivaling systems that employ heavy feature engineering, proprietary lexicons, and rich entity linking information.",arXiv,preprint,2015,cs.CL,https://arxiv.org/abs/1511.08308,v1,2026-06-10,,,lev=0.235; q='named entity recognition arxiv'
B-0059-fn,B,arXiv:1511.08308,Named Entity Recognition with Bidirectional LSTM-CNNs,"Jason P. C. Chiu, Eric Nichols","Named entity recognition is a challenging task that has traditionally required large amounts of knowledge in the form of feature engineering and lexicons to achieve high performance. In this paper, we present a novel neural network architecture that automatically detects word- and character-level features using a hybrid bidirectional LSTM and CNN architecture, eliminating the need for most feature engineering. We also propose a novel method of encoding partial lexicon matches in neural networks and compare it to existing approaches. Extensive evaluation shows that, given only tokenized text and publicly available word embeddings, our system is competitive on the CoNLL-2003 dataset and surpasses the previously reported state of the art performance on the OntoNotes 5.0 dataset by 2.13 F1 points. By using two lexicons constructed from publicly-available sources, we establish new state of the art performance with an F1 score of 91.62 on CoNLL-2003 and 86.28 on OntoNotes, surpassing systems that employ heavy feature engineering, proprietary lexicons, and rich entity linking information.",transactions of the association for computational linguistics,preprint,2015,cs.CL,https://arxiv.org/abs/1511.08308,final,2026-06-10,,,lev=0.235; q='named entity recognition arxiv'
B-0060-v1,B,arXiv:1901.01592,Named Entity Recognition in Electronic Health Records Using Transfer Learning Bootstrapped Neural Networks,"Luka Gligic, A. Kormilitzin, Paul W Goldberg, A. Nevado-Holgado","Neural networks (NNs) have become the state of the art in many machine learning applications, especially in image and sound processing [1]. The same, although to a lesser extent [2,3], could be said in natural language processing (NLP) tasks, such as named entity recognition. However, the success of NNs remains dependent on the availability of large labelled datasets, which is a significant hurdle in many important applications. One such case are electronic health records (EHRs), which are arguably the largest source of medical data, most of which lies hidden in natural text [4,5]. Data access is difficult due to data privacy concerns, and therefore annotated datasets are scarce. With scarce data, NNs will likely not be able to extract this hidden information with practical accuracy. In our study, we develop an approach that solves these problems for named entity recognition, obtaining 94.6 F1 score in I2B2 2009 Medical Extraction Challenge [6], 4.3 above the architecture that won the competition. Beyond the official I2B2 challenge, we further achieve 82.4 F1 on extracting relationships between medical terms. To reach this state-of-the-art accuracy, our approach applies transfer learning to leverage on datasets annotated for other I2B2 tasks, and designs and trains embeddings that specially benefit from such transfer.",arXiv,preprint,2019,cs.CL,https://arxiv.org/abs/1901.01592,v1,2026-06-10,,,lev=0.550; q='named entity recognition arxiv'
B-0060-fn,B,arXiv:1901.01592,Named Entity Recognition in Electronic Health Records Using Transfer Learning Bootstrapped Neural Networks,"Luka Gligic, A. Kormilitzin, Paul W Goldberg, A. Nevado-Holgado","Neural networks (NNs) have become the state of the art in many machine learning applications, such as image, sound (LeCun et al., 2015) and natural language processing (Young et al., 2017; Linggard et al., 2012). However, the success of NNs remains dependent on the availability of large labelled datasets, such as in the case of electronic health records (EHRs). With scarce data, NNs are unlikely to be able to extract this hidden information with practical accuracy. In this study, we develop an approach that solves these problems for named entity recognition, obtaining 94.6 F1 score in I2B2 2009 Medical Extraction Challenge (Uzuner et al., 2010), 4.3 above the architecture that won the competition. To achieve this, we bootstrap our NN models through transfer learning by pretraining word embeddings on a secondary task performed on a large pool of unannotated EHRs and using the output embeddings as a foundation of a range of NN architectures. Beyond the official I2B2 challenge, we further achieve 82.4 F1 on extracting relationships between medical terms using attention-based seq2seq models bootstrapped in the same manner.",neural networks,preprint,2019,cs.CL,https://arxiv.org/abs/1901.01592,final,2026-06-10,,,lev=0.550; q='named entity recognition arxiv'
B-0061-v1,B,arXiv:1801.09851,Cross-type Biomedical Named Entity Recognition with Deep Multi-Task Learning,"Xuan Wang, Yu Zhang, Xiang Ren, Yuhao Zhang, M. Zitnik, Jingbo Shang, C. Langlotz, Jiawei Han","Motivation: Biomedical named entity recognition (BioNER) is the most fundamental task in biomedical text mining. State-of-the-art BioNER systems often require handcrafted features specifically designed for each type of biomedical entities. This feature generation process requires intensive labors from biomedical and linguistic experts, and makes it difficult to adapt these systems to new biomedical entity types. Although recent studies explored using neural network models for BioNER to free experts from manual feature generation, these models still require substantial human efforts to annotate massive training data.   Results: We propose a multi-task learning framework for BioNER that is based on neural network models to save human efforts. We build a global model by collectively training multiple models that share parameters, each model capturing the characteristics of a different biomedical entity type. In experiments on five BioNER benchmark datasets covering four major biomedical entity types, our model outperforms state-of-the-art systems and other neural network models by a large margin, even when only limited training data are available. Further analysis shows that the large performance gains come from sharing character- and word-level information between different biomedical entities. The approach creates new opportunities for text-mining approaches to help biomedical scientists better exploit knowledge in biomedical literature.",arXiv,preprint,2018,cs.CL,https://arxiv.org/abs/1801.09851,v1,2026-06-10,,,lev=0.572; q='named entity recognition arxiv'
B-0061-fn,B,arXiv:1801.09851,Cross-type Biomedical Named Entity Recognition with Deep Multi-Task Learning,"Xuan Wang, Yu Zhang, Xiang Ren, Yuhao Zhang, M. Zitnik, Jingbo Shang, C. Langlotz, Jiawei Han","Motivation State-of-the-art biomedical named entity recognition (BioNER) systems often require handcrafted features specific to each entity type, such as genes, chemicals and diseases. Although recent studies explored using neural network models for BioNER to free experts from manual feature engineering, the performance remains limited by the available training data for each entity type. Results We propose a multi-task learning framework for BioNER to collectively use the training data of different types of entities and improve the performance on each of them. In experiments on 15 benchmark BioNER datasets, our multi-task model achieves substantially better performance compared with state-of-the-art BioNER systems and baseline neural sequence labeling models. Further analysis shows that the large performance gains come from sharing character- and word-level information among relevant biomedical entities across differently labeled corpora. Availability Our source code is available at https://github.com/yuzhimanhua/lm-lstm-crf. Contact xwang174@illinois.edu, xiangren@usc.edu.",biorxiv,preprint,2018,cs.CL,https://arxiv.org/abs/1801.09851,final,2026-06-10,,,lev=0.572; q='named entity recognition arxiv'
B-0062-v1,B,arXiv:1910.10872,Man is to Person as Woman is to Location: Measuring Gender Bias in Named Entity Recognition,"Ninareh Mehrabi, Thamme Gowda, Fred Morstatter, Nanyun Peng, A. Galstyan","We study the bias in several state-of-the-art named entity recognition (NER) models---specifically, a difference in the ability to recognize male and female names as PERSON entity types. We evaluate NER models on a dataset containing 139 years of U.S. census baby names and find that relatively more female names, as opposed to male names, are not recognized as PERSON entities. We study the extent of this bias in several NER systems that are used prominently in industry and academia. In addition, we also report a bias in the datasets on which these models were trained. The result of this analysis yields a new benchmark for gender bias evaluation in named entity recognition systems. The data and code for the application of this benchmark will be publicly available for researchers to use.",arXiv,preprint,2019,cs.CL,https://arxiv.org/abs/1910.10872,v1,2026-06-10,,,lev=0.301; q='named entity recognition arxiv'
B-0062-fn,B,arXiv:1910.10872,Man is to Person as Woman is to Location: Measuring Gender Bias in Named Entity Recognition,"Ninareh Mehrabi, Thamme Gowda, Fred Morstatter, Nanyun Peng, A. Galstyan","In this paper, we study the bias in named entity recognition (NER) models---specifically, the difference in the ability to recognize male and female names as PERSON entity types. We evaluate NER models on a dataset containing 139 years of U.S. census baby names and find that relatively more female names, as opposed to male names, are not recognized as PERSON entities. The result of this analysis yields a new benchmark for gender bias evaluation in named entity recognition systems. The data and code for the application of this benchmark is publicly available for researchers to use.",acm conference on hypertext & social media,preprint,2019,cs.CL,https://arxiv.org/abs/1910.10872,final,2026-06-10,,,lev=0.301; q='named entity recognition arxiv'
B-0063-v1,B,arXiv:1801.00868,Panoptic Segmentation,"Alexander Kirillov, Kaiming He, Ross B. Girshick, C. Rother, Piotr Dollár","We propose and study a novel 'Panoptic Segmentation' (PS) task. Panoptic segmentation unifies the traditionally distinct tasks of instance segmentation (detect and segment each object instance) and semantic segmentation (assign a class label to each pixel). The unification is natural and presents novel algorithmic challenges not present in either instance or semantic segmentation when studied in isolation. To measure performance on the task, we introduce a panoptic quality (PQ) measure, and show that it is simple and interpretable. Using PQ, we study human performance on three existing datasets that have the necessary annotations for PS, which helps us better understand the task and metric. We also propose a basic algorithmic approach to combine instance and semantic segmentation outputs into panoptic outputs and compare this to human performance. PS can serve as foundation of future challenges in segmentation and visual recognition. Our goal is to drive research in novel directions by inviting the community to explore the proposed panoptic segmentation task.",arXiv,preprint,2018,cs.CL,https://arxiv.org/abs/1801.00868,v1,2026-06-10,,,lev=0.661; q='named entity recognition arxiv'
B-0063-fn,B,arXiv:1801.00868,Panoptic Segmentation,"Alexander Kirillov, Kaiming He, Ross B. Girshick, C. Rother, Piotr Dollár","We propose and study a task we name panoptic segmentation (PS). Panoptic segmentation unifies the typically distinct tasks of semantic segmentation (assign a class label to each pixel) and instance segmentation (detect and segment each object instance). The proposed task requires generating a coherent scene segmentation that is rich and complete, an important step toward real-world vision systems. While early work in computer vision addressed related image/scene parsing tasks, these are not currently popular, possibly due to lack of appropriate metrics or associated recognition challenges. To address this, we propose a novel panoptic quality (PQ) metric that captures performance for all classes (stuff and things) in an interpretable and unified manner. Using the proposed metric, we perform a rigorous study of both human and machine performance for PS on three existing datasets, revealing interesting insights about the task. The aim of our work is to revive the interest of the community in a more unified view of image segmentation. For more analysis and up-to-date results, please check the arXiv version of the paper: {\small\url{https://arxiv.org/abs/1801.00868}}.",computer vision and pattern recognition,preprint,2018,cs.CL,https://arxiv.org/abs/1801.00868,final,2026-06-10,,,lev=0.661; q='named entity recognition arxiv'
B-0064-v1,B,arXiv:1911.01616,"Knowing What, How and Why: A Near Complete Solution for Aspect-based Sentiment Analysis","Haiyun Peng, Lu Xu, Lidong Bing, Fei Huang, Wei Lu, Luo Si","Target-based sentiment analysis or aspect-based sentiment analysis (ABSA) refers to addressing various sentiment analysis tasks at a fine-grained level, which includes but is not limited to aspect extraction, aspect sentiment classification, and opinion extraction. There exist many solvers for the above individual subtasks or a combination of two subtasks, which can work together to tell a complete story, i.e. the discussed aspect, the sentiment on it, and the cause of the sentiment. However, no previous ABSA research tried to provide a complete solution in one shot. In this paper, we introduce a sentiment triplet extraction task. Particularly, a sentiment triplet (What, How, Why) consists of the aspect being discussed, the sentiment polarity on it, and the opinions causing such a sentiment. For sentence, one triplet from ""Waiters are very friendly and the pasta is simply average"" could be (`Waiters', positive, `friendly'). We propose a two-stage framework to address this task. The first stage predicts what, how and why in a unified model, and then the second stage pairs up the predicted what's and why's from the same input sentence so as to output triplets. In the experiments, our framework has set a benchmark performance in this novel triplet extraction task. Meanwhile, our framework outperforms the state-of-the-art methods (with modifications to fit in the setting) and the strongest sequence taggers on several benchmark datasets.",arXiv,preprint,2019,cs.CL,https://arxiv.org/abs/1911.01616,v1,2026-06-10,,,lev=0.227; q='sentiment analysis arxiv'
B-0064-fn,B,arXiv:1911.01616,"Knowing What, How and Why: A Near Complete Solution for Aspect-based Sentiment Analysis","Haiyun Peng, Lu Xu, Lidong Bing, Fei Huang, Wei Lu, Luo Si","Target-based sentiment analysis or aspect-based sentiment analysis (ABSA) refers to addressing various sentiment analysis tasks at a fine-grained level, which includes but is not limited to aspect extraction, aspect sentiment classification, and opinion extraction. There exist many solvers of the above individual subtasks or a combination of two subtasks, and they can work together to tell a complete story, i.e. the discussed aspect, the sentiment on it, and the cause of the sentiment. However, no previous ABSA research tried to provide a complete solution in one shot. In this paper, we introduce a new subtask under ABSA, named aspect sentiment triplet extraction (ASTE). Particularly, a solver of this task needs to extract triplets (What, How, Why) from the inputs, which show WHAT the targeted aspects are, HOW their sentiment polarities are and WHY they have such polarities (i.e. opinion reasons). For instance, one triplet from “Waiters are very friendly and the pasta is simply average” could be (‘Waiters’, positive, ‘friendly’). We propose a two-stage framework to address this task. The first stage predicts what, how and why in a unified model, and then the second stage pairs up the predicted what (how) and why from the first stage to output triplets. In the experiments, our framework has set a benchmark performance in this novel triplet extraction task. Meanwhile, it outperforms a few strong baselines adapted from state-of-the-art related methods.",aaai conference on artificial intelligence,preprint,2019,cs.CL,https://arxiv.org/abs/1911.01616,final,2026-06-10,,,lev=0.227; q='sentiment analysis arxiv'
B-0065-v1,B,arXiv:1803.07427,Multimodal Sentiment Analysis: Addressing Key Issues and Setting Up the Baselines,"Soujanya Poria, Navonil Majumder, Devamanyu Hazarika, E. Cambria, A. Hussain, Alexander Gelbukh","Sentiment analysis is proven to be very useful tool in many applications regarding social media. This has led to a great surge of research in this field. Hence, in this paper, we compile the baselines for such research. In this paper, we explore three different deep-learning based architectures for multimodal sentiment classification, each improving upon the previous. Further, we evaluate these architectures with multiple datasets with fixed train/test partition. We also discuss some major issues, frequently ignored in multimodal sentiment analysis research, e.g., role of speaker-exclusive models, importance of different modalities, and generalizability. This framework illustrates the different facets of analysis to be considered while performing multimodal sentiment analysis and, hence, serves as a new benchmark for future research in this emerging field. We draw a comparison among the methods using empirical data, obtained from the experiments. In the future, we plan to focus on extracting semantics from visual features, cross-modal features and fusion.",arXiv,preprint,2018,cs.CL,https://arxiv.org/abs/1803.07427,v1,2026-06-10,,,lev=0.357; q='sentiment analysis arxiv'
B-0065-fn,B,arXiv:1803.07427,Multimodal Sentiment Analysis: Addressing Key Issues and Setting Up the Baselines,"Soujanya Poria, Navonil Majumder, Devamanyu Hazarika, E. Cambria, A. Hussain, Alexander Gelbukh","We compile baselines, along with dataset split, for multimodal sentiment analysis. In this paper, we explore three different deep-learning-based architectures for multimodal sentiment classification, each improving upon the previous. Further, we evaluate these architectures with multiple datasets with fixed train/test partition. We also discuss some major issues, frequently ignored in multimodal sentiment analysis research, e.g., the role of speaker-exclusive models, the importance of different modalities, and generalizability. This framework illustrates the different facets of analysis to be considered while performing multimodal sentiment analysis and, hence, serves as a new benchmark for future research in this emerging field.",ieee intelligent systems,preprint,2018,cs.CL,https://arxiv.org/abs/1803.07427,final,2026-06-10,,,lev=0.357; q='sentiment analysis arxiv'
B-0066-v1,B,arXiv:1710.02514,Challenges of Sentiment Analysis for Dynamic Events,"Monireh Ebrahimi, A. H. Yazdavar, A. Sheth","With the proliferation of social media over the last decade, determining people's attitude with respect to a specific topic, document, interaction or events has fueled research interest in natural language processing and introduced a new channel called sentiment and emotion analysis. For instance, businesses routinely look to develop systems to automatically understand their customer conversations by identifying the relevant content to enhance marketing their products and managing their reputations. Previous efforts to assess people's sentiment on Twitter have suggested that Twitter may be a valuable resource for studying political sentiment and that it reflects the offline political landscape. According to a Pew Research Center report, in January 2016 44 percent of US adults stated having learned about the presidential election through social media. Furthermore, 24 percent reported use of social media posts of the two candidates as a source of news and information, which is more than the 15 percent who have used both candidates' websites or emails combined. The first presidential debate between Trump and Hillary was the most tweeted debate ever with 17.1 million tweets.",arXiv,preprint,2017,cs.CL,https://arxiv.org/abs/1710.02514,v1,2026-06-10,,,lev=0.717; q='sentiment analysis arxiv'
B-0066-fn,B,arXiv:1710.02514,Challenges of Sentiment Analysis for Dynamic Events,"Monireh Ebrahimi, A. H. Yazdavar, A. Sheth","Efforts to assess people’s sentiments on Twitter have suggested that Twitter could be a valuable resource for studying political sentiment and that it reflects the offline political landscape. Many opinion mining systems and tools provide users with people’s attitudes toward products, people, or topics and their attributes/aspects. However, although it may appear simple, using sentiment analysis to predict election results is difficult, since it is empirically challenging to train a successful model to conduct sentiment analysis on tweet streams for a dynamic event such as an election. This article highlights some of the challenges related to sentiment analysis encountered during monitoring of the presidential election using Kno.e.sis’s Twitris system.",ieee intelligent systems,preprint,2017,cs.CL,https://arxiv.org/abs/1710.02514,final,2026-06-10,,,lev=0.717; q='sentiment analysis arxiv'
B-0067-v1,B,arXiv:1610.05820,Membership Inference Attacks Against Machine Learning Models,"R. Shokri, M. Stronati, Congzheng Song, Vitaly Shmatikov","We investigate how machine learning models leak information about the individual data records on which they were trained. We focus on the basic membership inference attack: given a data record and black-box access to a model, determine whether the record was in the model's training dataset. To perform membership inference against a target model, we make adversarial use of machine learning and train our own inference attack model to recognize differences in the target model's predictions on inputs that it trained on versus inputs that it did not use during training.   We empirically evaluate our inference techniques on classification models trained by commercial ""machine learning as a service"" providers such as Google and Amazon. Using realistic datasets and classification tasks, we show that these models can be significantly vulnerable to membership inference attacks.",arXiv,preprint,2016,cs.LG,https://arxiv.org/abs/1610.05820,v1,2026-06-10,,,lev=0.241; q='machine learning'
B-0067-fn,B,arXiv:1610.05820,Membership Inference Attacks Against Machine Learning Models,"R. Shokri, M. Stronati, Congzheng Song, Vitaly Shmatikov","We quantitatively investigate how machine learning models leak information about the individual data records on which they were trained. We focus on the basic membership inference attack: given a data record and black-box access to a model, determine if the record was in the model's training dataset. To perform membership inference against a target model, we make adversarial use of machine learning and train our own inference model to recognize differences in the target model's predictions on the inputs that it trained on versus the inputs that it did not train on. We empirically evaluate our inference techniques on classification models trained by commercial ""machine learning as a service"" providers such as Google and Amazon. Using realistic datasets and classification tasks, including a hospital discharge dataset whose membership is sensitive from the privacy perspective, we show that these models can be vulnerable to membership inference attacks. We then investigate the factors that influence this leakage and evaluate mitigation strategies.",ieee symposium on security and privacy,preprint,2016,cs.LG,https://arxiv.org/abs/1610.05820,final,2026-06-10,,,lev=0.241; q='machine learning'
B-0068-v1,B,arXiv:1602.02697,Practical Black-Box Attacks against Machine Learning,"Nicolas Papernot, P. Mcdaniel, I. Goodfellow, S. Jha, Z. Celik, A. Swami","Deep Learning is increasingly used in several machine learning tasks as Deep Neural Networks (DNNs) frequently outperform other techniques. Yet, previous work showed that, once deployed, DNNs are vulnerable to integrity attacks. Indeed, adversaries can control DNN outputs and for instance force them to misclassify inputs by adding a carefully crafted and undistinguishable perturbation. However, these attacks assumed knowledge of the targeted DNN's architecture and parameters. In this paper however, we release these assumptions and introduce an attack conducted under the more realistic, yet more complex, threat model of an oracle: adversaries are only capable of accessing DNN label predictions for chosen inputs. We evaluate our attack in real-world settings by successfully forcing an oracle served by MetaMind, an online API for DNN classifiers, to misclassify inputs at a 84.24% rate. We also perform an evaluation to fine-tune our attack strategy and maximize the oracle's misclassification rate for adversarial samples.",arXiv,preprint,2016,cs.LG,https://arxiv.org/abs/1602.02697,v1,2026-06-10,,,lev=0.716; q='machine learning'
B-0068-fn,B,arXiv:1602.02697,Practical Black-Box Attacks against Machine Learning,"Nicolas Papernot, P. Mcdaniel, I. Goodfellow, S. Jha, Z. Celik, A. Swami","Machine learning (ML) models, e.g., deep neural networks (DNNs), are vulnerable to adversarial examples: malicious inputs modified to yield erroneous model outputs, while appearing unmodified to human observers. Potential attacks include having malicious content like malware identified as legitimate or controlling vehicle behavior. Yet, all existing adversarial example attacks require knowledge of either the model internals or its training data. We introduce the first practical demonstration of an attacker controlling a remotely hosted DNN with no such knowledge. Indeed, the only capability of our black-box adversary is to observe labels given by the DNN to chosen inputs. Our attack strategy consists in training a local model to substitute for the target DNN, using inputs synthetically generated by an adversary and labeled by the target DNN. We use the local substitute to craft adversarial examples, and find that they are misclassified by the targeted DNN. To perform a real-world and properly-blinded evaluation, we attack a DNN hosted by MetaMind, an online deep learning API. We find that their DNN misclassifies 84.24% of the adversarial examples crafted with our substitute. We demonstrate the general applicability of our strategy to many ML techniques by conducting the same attack against models hosted by Amazon and Google, using logistic regression substitutes. They yield adversarial examples misclassified by Amazon and Google at rates of 96.19% and 88.94%. We also find that this black-box attack strategy is capable of evading defense strategies previously found to make adversarial example crafting harder.",acm asia conference on computer and communications security,preprint,2016,cs.LG,https://arxiv.org/abs/1602.02697,final,2026-06-10,,,lev=0.716; q='machine learning'
B-0069-v1,B,arXiv:1206.2944,Practical Bayesian Optimization of Machine Learning Algorithms,"Jasper Snoek, H. Larochelle, Ryan P. Adams","Machine learning algorithms frequently require careful tuning of model hyperparameters, regularization terms, and optimization parameters. Unfortunately, this tuning is often a ""black art"" that requires expert experience, unwritten rules of thumb, or sometimes brute-force search. Much more appealing is the idea of developing automatic approaches which can optimize the performance of a given learning algorithm to the task at hand. In this work, we consider the automatic tuning problem within the framework of Bayesian optimization, in which a learning algorithm's generalization performance is modeled as a sample from a Gaussian process (GP). The tractable posterior distribution induced by the GP leads to efficient use of the information gathered by previous experiments, enabling optimal choices about what parameters to try next. Here we show how the effects of the Gaussian process prior and the associated inference procedure can have a large impact on the success or failure of Bayesian optimization. We show that thoughtful choices can lead to results that exceed expert-level performance in tuning machine learning algorithms. We also describe new algorithms that take into account the variable cost (duration) of learning experiments and that can leverage the presence of multiple cores for parallel experimentation. We show that these proposed algorithms improve on previous automatic procedures and can reach or surpass human expert-level optimization on a diverse set of contemporary algorithms including latent Dirichlet allocation, structured SVMs and convolutional neural networks.",arXiv,preprint,2012,cs.LG,https://arxiv.org/abs/1206.2944,v1,2026-06-10,,,lev=0.342; q='machine learning'
B-0069-fn,B,arXiv:1206.2944,Practical Bayesian Optimization of Machine Learning Algorithms,"Jasper Snoek, H. Larochelle, Ryan P. Adams","The use of machine learning algorithms frequently involves careful tuning of learning parameters and model hyperparameters. Unfortunately, this tuning is often a ""black art"" requiring expert experience, rules of thumb, or sometimes brute-force search. There is therefore great appeal for automatic approaches that can optimize the performance of any given learning algorithm to the problem at hand. In this work, we consider this problem through the framework of Bayesian optimization, in which a learning algorithm's generalization performance is modeled as a sample from a Gaussian process (GP). We show that certain choices for the nature of the GP, such as the type of kernel and the treatment of its hyperparameters, can play a crucial role in obtaining a good optimizer that can achieve expertlevel performance. We describe new algorithms that take into account the variable cost (duration) of learning algorithm experiments and that can leverage the presence of multiple cores for parallel experimentation. We show that these proposed algorithms improve on previous automatic procedures and can reach or surpass human expert-level optimization for many algorithms including latent Dirichlet allocation, structured SVMs and convolutional neural networks.",neural information processing systems,preprint,2012,cs.LG,https://arxiv.org/abs/1206.2944,final,2026-06-10,,,lev=0.342; q='machine learning'
B-0070-v1,B,arXiv:1703.00564,MoleculeNet: a benchmark for molecular machine learning,"Zhenqin Wu, Bharath Ramsundar, Evan N. Feinberg, Joseph Gomes, Caleb Geniesse, Aneesh S. Pappu, K. Leswing, V. Pande","Molecular machine learning has been maturing rapidly over the last few years. Improved methods and the presence of larger datasets have enabled machine learning algorithms to make increasingly accurate predictions about molecular properties. However, algorithmic progress has been limited due to the lack of a standard benchmark to compare the efficacy of proposed methods; most new algorithms are benchmarked on different datasets making it challenging to gauge the quality of proposed methods. This work introduces MoleculeNet, a large scale benchmark for molecular machine learning. MoleculeNet curates multiple public datasets, establishes metrics for evaluation, and offers high quality open-source implementations of multiple previously proposed molecular featurization and learning algorithms (released as part of the DeepChem open source library). MoleculeNet benchmarks demonstrate that learnable representations, and in particular graph convolutional networks, are powerful tools for molecular machine learning and broadly offer the best performance. However, for quantum mechanical and biophysical datasets, the use of physics-aware featurizations can be significantly more important than choice of particular learning algorithm.",arXiv,preprint,2017,cs.LG,https://arxiv.org/abs/1703.00564,v1,2026-06-10,,,lev=0.890; q='machine learning'
B-0070-fn,B,arXiv:1703.00564,MoleculeNet: a benchmark for molecular machine learning,"Zhenqin Wu, Bharath Ramsundar, Evan N. Feinberg, Joseph Gomes, Caleb Geniesse, Aneesh S. Pappu, K. Leswing, V. Pande","A large scale benchmark for molecular machine learning consisting of multiple public datasets, metrics, featurizations and learning algorithms.",chemical science,preprint,2017,cs.LG,https://arxiv.org/abs/1703.00564,final,2026-06-10,,,lev=0.890; q='machine learning'
B-0071-v1,B,arXiv:1804.08711,All-optical machine learning using diffractive deep neural networks,"Xing Lin, Y. Rivenson, N. Yardimci, Muhammed Veli, Yilin Luo, M. Jarrahi, A. Ozcan","We introduce an all-optical Diffractive Deep Neural Network (D2NN) architecture that can learn to implement various functions after deep learning-based design of passive diffractive layers that work collectively. We experimentally demonstrated the success of this framework by creating 3D-printed D2NNs that learned to implement handwritten digit classification and the function of an imaging lens at terahertz spectrum. With the existing plethora of 3D-printing and other lithographic fabrication methods as well as spatial-light-modulators, this all-optical deep learning framework can perform, at the speed of light, various complex functions that computer-based neural networks can implement, and will find applications in all-optical image analysis, feature detection and object classification, also enabling new camera designs and optical components that can learn to perform unique tasks using D2NNs.",arXiv,preprint,2018,cs.LG,https://arxiv.org/abs/1804.08711,v1,2026-06-10,,,lev=0.619; q='machine learning'
B-0071-fn,B,arXiv:1804.08711,All-optical machine learning using diffractive deep neural networks,"Xing Lin, Y. Rivenson, N. Yardimci, Muhammed Veli, Yilin Luo, M. Jarrahi, A. Ozcan","All-optical deep learning Deep learning uses multilayered artificial neural networks to learn digitally from large datasets. It then performs advanced identification and classification tasks. To date, these multilayered neural networks have been implemented on a computer. Lin et al. demonstrate all-optical machine learning that uses passive optical components that can be patterned and fabricated with 3D-printing. Their hardware approach comprises stacked layers of diffractive optical elements analogous to an artificial neural network that can be trained to execute complex functions at the speed of light. Science, this issue p. 1004 All-optical deep learning can be implemented with 3D-printed passive optical components. Deep learning has been transforming our ability to execute advanced inference tasks using computers. Here we introduce a physical mechanism to perform machine learning by demonstrating an all-optical diffractive deep neural network (D2NN) architecture that can implement various functions following the deep learning–based design of passive diffractive layers that work collectively. We created 3D-printed D2NNs that implement classification of images of handwritten digits and fashion products, as well as the function of an imaging lens at a terahertz spectrum. Our all-optical deep learning framework can perform, at the speed of light, various complex functions that computer-based neural networks can execute; will find applications in all-optical image analysis, feature detection, and object classification; and will also enable new camera designs and optical components that perform distinctive tasks using D2NNs.",science,preprint,2018,cs.LG,https://arxiv.org/abs/1804.08711,final,2026-06-10,,,lev=0.619; q='machine learning'
B-0072-v1,B,arXiv:1502.05767,Automatic differentiation in machine learning: a survey,"A. G. Baydin, Barak A. Pearlmutter, Alexey Radul, J. Siskind","Derivatives, mostly in the form of gradients and Hessians, are ubiquitous in machine learning. Automatic differentiation (AD) is a technique for calculating derivatives efficiently and accurately, established in fields such as computational fluid dynamics, nuclear engineering, and atmospheric sciences. Despite its advantages and use in other fields, machine learning practitioners have been little influenced by AD and make scant use of available tools. We survey the intersection of AD and machine learning, cover applications where AD has the potential to make a big impact, and report on the recent developments in the adoption this technique. We also aim to dispel some misconceptions that we think have impeded the widespread awareness of AD within the machine learning community.",arXiv,preprint,2015,cs.LG,https://arxiv.org/abs/1502.05767,v1,2026-06-10,,,lev=0.599; q='machine learning'
B-0072-fn,B,arXiv:1502.05767,Automatic differentiation in machine learning: a survey,"A. G. Baydin, Barak A. Pearlmutter, Alexey Radul, J. Siskind","Derivatives, mostly in the form of gradients and Hessians, are ubiquitous in machine learning. Automatic differentiation (AD), also called algorithmic differentiation or simply “auto-diff”, is a family of techniques similar to but more general than backpropagation for efficiently and accurately evaluating derivatives of numeric functions expressed as computer programs. AD is a small but established field with applications in areas including computational fluid dynamics, atmospheric sciences, and engineering design optimization. Until 
very recently, the fields of machine learning and AD have largely been unaware of each other and, in some cases, have independently discovered each other’s results. Despite its 
relevance, general-purpose AD has been missing from the machine learning toolbox, a situation slowly changing with its ongoing adoption under the names “dynamic computational 
graphs” and “differentiable programming”. We survey the intersection of AD and machine learning, cover applications where AD has direct relevance, and address the main imple- 
mentation techniques. By precisely defining the main differentiation techniques and their interrelationships, we aim to bring clarity to the usage of the terms “autodiff”, “automatic differentiation”, and “symbolic differentiation” as these are encountered more and more in machine learning settings.",journal of machine learning research,preprint,2015,cs.LG,https://arxiv.org/abs/1502.05767,final,2026-06-10,,,lev=0.599; q='machine learning'
B-0073-v1,B,arXiv:1812.11118,Reconciling modern machine-learning practice and the classical bias–variance trade-off,"Mikhail Belkin, Daniel J. Hsu, Siyuan Ma, Soumik Mandal","The question of generalization in machine learning---how algorithms are able to learn predictors from a training sample to make accurate predictions out-of-sample---is revisited in light of the recent breakthroughs in modern machine learning technology.   The classical approach to understanding generalization is based on bias-variance trade-offs, where model complexity is carefully calibrated so that the fit on the training sample reflects performance out-of-sample.   However, it is now common practice to fit highly complex models like deep neural networks to data with (nearly) zero training error, and yet these interpolating predictors are observed to have good out-of-sample accuracy even for noisy data.   How can the classical understanding of generalization be reconciled with these observations from modern machine learning practice?   In this paper, we bridge the two regimes by exhibiting a new ""double descent"" risk curve that extends the traditional U-shaped bias-variance curve beyond the point of interpolation.   Specifically, the curve shows that as soon as the model complexity is high enough to achieve interpolation on the training sample---a point that we call the ""interpolation threshold""---the risk of suitably chosen interpolating predictors from these models can, in fact, be decreasing as the model complexity increases, often below the risk achieved using non-interpolating models.   The double descent risk curve is demonstrated for a broad range of models, including neural networks and random forests, and a mechanism for producing this behavior is posited.",arXiv,preprint,2018,cs.LG,https://arxiv.org/abs/1812.11118,v1,2026-06-10,,,lev=0.702; q='machine learning'
B-0073-fn,B,arXiv:1812.11118,Reconciling modern machine-learning practice and the classical bias–variance trade-off,"Mikhail Belkin, Daniel J. Hsu, Siyuan Ma, Soumik Mandal","Significance While breakthroughs in machine learning and artificial intelligence are changing society, our fundamental understanding has lagged behind. It is traditionally believed that fitting models to the training data exactly is to be avoided as it leads to poor performance on unseen data. However, powerful modern classifiers frequently have near-perfect fit in training, a disconnect that spurred recent intensive research and controversy on whether theory provides practical insights. In this work, we show how classical theory and modern practice can be reconciled within a single unified performance curve and propose a mechanism underlying its emergence. We believe this previously unknown pattern connecting the structure and performance of learning architectures will help shape design and understanding of learning algorithms. Breakthroughs in machine learning are rapidly changing science and society, yet our fundamental understanding of this technology has lagged far behind. Indeed, one of the central tenets of the field, the bias–variance trade-off, appears to be at odds with the observed behavior of methods used in modern machine-learning practice. The bias–variance trade-off implies that a model should balance underfitting and overfitting: Rich enough to express underlying structure in data and simple enough to avoid fitting spurious patterns. However, in modern practice, very rich models such as neural networks are trained to exactly fit (i.e., interpolate) the data. Classically, such models would be considered overfitted, and yet they often obtain high accuracy on test data. This apparent contradiction has raised questions about the mathematical foundations of machine learning and their relevance to practitioners. In this paper, we reconcile the classical understanding and the modern practice within a unified performance curve. This “double-descent” curve subsumes the textbook U-shaped bias–variance trade-off curve by showing how increasing model capacity beyond the point of interpolation results in improved performance. We provide evidence for the existence and ubiquity of double descent for a wide spectrum of models and datasets, and we posit a mechanism for its emergence. This connection between the performance and the structure of machine-learning models delineates the limits of classical analyses and has implications for both the theory and the practice of machine learning.",proceedings of the national academy of sciences of the united states of america,preprint,2018,cs.LG,https://arxiv.org/abs/1812.11118,final,2026-06-10,,,lev=0.702; q='machine learning'
B-0074-v1,B,arXiv:1901.04592,"Definitions, methods, and applications in interpretable machine learning","W. James Murdoch, Chandan Singh, Karl Kumbier, R. Abbasi-Asl, Bin Yu","Machine-learning models have demonstrated great success in learning complex patterns that enable them to make predictions about unobserved data. In addition to using models for prediction, the ability to interpret what a model has learned is receiving an increasing amount of attention. However, this increased focus has led to considerable confusion about the notion of interpretability. In particular, it is unclear how the wide array of proposed interpretation methods are related, and what common concepts can be used to evaluate them.   We aim to address these concerns by defining interpretability in the context of machine learning and introducing the Predictive, Descriptive, Relevant (PDR) framework for discussing interpretations. The PDR framework provides three overarching desiderata for evaluation: predictive accuracy, descriptive accuracy and relevancy, with relevancy judged relative to a human audience. Moreover, to help manage the deluge of interpretation methods, we introduce a categorization of existing techniques into model-based and post-hoc categories, with sub-groups including sparsity, modularity and simulatability. To demonstrate how practitioners can use the PDR framework to evaluate and understand interpretations, we provide numerous real-world examples. These examples highlight the often under-appreciated role played by human audiences in discussions of interpretability. Finally, based on our framework, we discuss limitations of existing methods and directions for future work. We hope that this work will provide a common vocabulary that will make it easier for both practitioners and researchers to discuss and choose from the full range of interpretation methods.",arXiv,preprint,2019,cs.LG,https://arxiv.org/abs/1901.04592,v1,2026-06-10,,,lev=0.345; q='machine learning'
B-0074-fn,B,arXiv:1901.04592,"Definitions, methods, and applications in interpretable machine learning","W. James Murdoch, Chandan Singh, Karl Kumbier, R. Abbasi-Asl, Bin Yu","Significance The recent surge in interpretability research has led to confusion on numerous fronts. In particular, it is unclear what it means to be interpretable and how to select, evaluate, or even discuss methods for producing interpretations of machine-learning models. We aim to clarify these concerns by defining interpretable machine learning and constructing a unifying framework for existing methods which highlights the underappreciated role played by human audiences. Within this framework, methods are organized into 2 classes: model based and post hoc. To provide guidance in selecting and evaluating interpretation methods, we introduce 3 desiderata: predictive accuracy, descriptive accuracy, and relevancy. Using our framework, we review existing work, grounded in real-world studies which exemplify our desiderata, and suggest directions for future work. Machine-learning models have demonstrated great success in learning complex patterns that enable them to make predictions about unobserved data. In addition to using models for prediction, the ability to interpret what a model has learned is receiving an increasing amount of attention. However, this increased focus has led to considerable confusion about the notion of interpretability. In particular, it is unclear how the wide array of proposed interpretation methods are related and what common concepts can be used to evaluate them. We aim to address these concerns by defining interpretability in the context of machine learning and introducing the predictive, descriptive, relevant (PDR) framework for discussing interpretations. The PDR framework provides 3 overarching desiderata for evaluation: predictive accuracy, descriptive accuracy, and relevancy, with relevancy judged relative to a human audience. Moreover, to help manage the deluge of interpretation methods, we introduce a categorization of existing techniques into model-based and post hoc categories, with subgroups including sparsity, modularity, and simulatability. To demonstrate how practitioners can use the PDR framework to evaluate and understand interpretations, we provide numerous real-world examples. These examples highlight the often underappreciated role played by human audiences in discussions of interpretability. Finally, based on our framework, we discuss limitations of existing methods and directions for future work. We hope that this work will provide a common vocabulary that will make it easier for both practitioners and researchers to discuss and choose from the full range of interpretation methods.",proceedings of the national academy of sciences of the united states of america,preprint,2019,cs.LG,https://arxiv.org/abs/1901.04592,final,2026-06-10,,,lev=0.345; q='machine learning'
B-0075-v1,B,arXiv:1611.09347,Quantum machine learning,"J. Biamonte, P. Wittek, Nicola Pancotti, P. Rebentrost, N. Wiebe, S. Lloyd","Recent progress implies that a crossover between machine learning and quantum information processing benefits both fields. Traditional machine learning has dramatically improved the benchmarking and control of experimental quantum computing systems, including adaptive quantum phase estimation and designing quantum computing gates. On the other hand, quantum mechanics offers tantalizing prospects to enhance machine learning, ranging from reduced computational complexity to improved generalization performance. The most notable examples include quantum enhanced algorithms for principal component analysis, quantum support vector machines, and quantum Boltzmann machines. Progress has been rapid, fostered by demonstrations of midsized quantum optimizers which are predicted to soon outperform their classical counterparts. Further, we are witnessing the emergence of a physical theory pinpointing the fundamental and natural limitations of learning. Here we survey the cutting edge of this merger and list several open problems.",arXiv,preprint,2016,cs.LG,https://arxiv.org/abs/1611.09347,v1,2026-06-10,,,lev=0.698; q='machine learning'
B-0075-fn,B,arXiv:1611.09347,Quantum machine learning,"J. Biamonte, P. Wittek, Nicola Pancotti, P. Rebentrost, N. Wiebe, S. Lloyd","Fuelled by increasing computer power and algorithmic advances, machine learning techniques have become powerful tools for finding patterns in data. Quantum systems produce atypical patterns that classical systems are thought not to produce efficiently, so it is reasonable to postulate that quantum computers may outperform classical computers on machine learning tasks. The field of quantum machine learning explores how to devise and implement quantum software that could enable machine learning that is faster than that of classical computers. Recent work has produced quantum algorithms that could act as the building blocks of machine learning programs, but the hardware and software challenges are still considerable.",nature,preprint,2016,cs.LG,https://arxiv.org/abs/1611.09347,final,2026-06-10,,,lev=0.698; q='machine learning'
B-0076-v1,B,arXiv:1712.03141,Wild Patterns: Ten Years After the Rise of Adversarial Machine Learning,"B. Biggio, F. Roli","Learning-based pattern classifiers, including deep networks, have demonstrated impressive performance in several application domains, ranging from computer vision to computer security. However, it has also been shown that adversarial input perturbations carefully crafted either at training or at test time can easily subvert their predictions. The vulnerability of machine learning to adversarial inputs (also known as adversarial examples), along with the design of suitable countermeasures, have been investigated in the research field of adversarial machine learning. In this work, we provide a thorough overview of the evolution of this interdisciplinary research area over the last ten years, starting from pioneering, earlier work up to more recent work aimed at understanding the security properties of deep learning algorithms, in the context of different applications. We report interesting connections between these apparently-different lines of work, highlighting common misconceptions related to the evaluation of the security of machine-learning algorithms. We finally discuss the main limitations of current work, along with the corresponding future research challenges towards the design of more secure learning algorithms.",arXiv,preprint,2017,cs.LG,https://arxiv.org/abs/1712.03141,v1,2026-06-10,,,lev=0.680; q='machine learning'
B-0076-fn,B,arXiv:1712.03141,Wild Patterns: Ten Years After the Rise of Adversarial Machine Learning,"B. Biggio, F. Roli","Deep neural networks and machine-learning algorithms are pervasively used in several applications, ranging from computer vision to computer security. In most of these applications, the learning algorithm has to face intelligent and adaptive attackers who can carefully manipulate data to purposely subvert the learning process. As these algorithms have not been originally designed under such premises, they have been shown to be vulnerable to well-crafted, sophisticated attacks, including training-time poisoning and test-time evasion attacks (also known as adversarial examples). The problem of countering these threats and learning secure classifiers in adversarial settings has thus become the subject of an emerging, relevant research field known as adversarial machine learning. The purposes of this tutorial are: (a) to introduce the fundamentals of adversarial machine learning to the security community; (b) to illustrate the design cycle of a learning-based pattern recognition system for adversarial tasks; (c) to present novel techniques that have been recently proposed to assess performance of pattern classifiers and deep learning algorithms under attack, evaluate their vulnerabilities, and implement defense strategies that make learning algorithms more robust to attacks; and (d) to show some applications of adversarial machine learning to pattern recognition tasks like object recognition in images, biometric identity recognition, spam and malware detection.",pattern recognition,preprint,2017,cs.LG,https://arxiv.org/abs/1712.03141,final,2026-06-10,,,lev=0.680; q='machine learning'
B-0077-v1,B,arXiv:1808.00033,Techniques for interpretable machine learning,"Mengnan Du, Ninghao Liu, X. Hu","Interpretable machine learning tackles the important problem that humans cannot understand the behaviors of complex machine learning models and how these classifiers arrive at a particular decision. Although many approaches have been proposed, a comprehensive understanding of the achievements and challenges is still lacking. This paper provides a survey covering existing techniques and methods to increase the interpretability of machine learning models and also discusses the crucial issues to consider in future work such as interpretation design principles and evaluation metrics in order to push forward the area of interpretable machine learning.",arXiv,preprint,2018,cs.LG,https://arxiv.org/abs/1808.00033,v1,2026-06-10,,,lev=0.899; q='machine learning'
B-0077-fn,B,arXiv:1808.00033,Techniques for interpretable machine learning,"Mengnan Du, Ninghao Liu, X. Hu",Uncovering the mysterious ways machine learning models make decisions.,communications of the acm,preprint,2018,cs.LG,https://arxiv.org/abs/1808.00033,final,2026-06-10,,,lev=0.899; q='machine learning'
B-0078-v1,B,arXiv:1910.00189,The Non-IID Data Quagmire of Decentralized Machine Learning,"Kevin Hsieh, Amar Phanishayee, O. Mutlu, Phillip B. Gibbons","Many large-scale machine learning (ML) applications need to train ML models over decentralized datasets that are generated at different devices and locations. These decentralized datasets pose a fundamental challenge to ML because they are typically generated in very different contexts, which leads to significant differences in data distribution across devices/locations (i.e., they are not independent and identically distributed (IID)). In this work, we take a step toward better understanding this challenge, by presenting the first detailed experimental study of the impact of such non-IID data on the decentralized training of deep neural networks (DNNs). Our study shows that: (i) the problem of non-IID data partitions is fundamental and pervasive, as it exists in all ML applications, DNN models, training datasets, and decentralized learning algorithms in our study; (ii) this problem is particularly difficult for DNN models with batch normalization layers; and (iii) the degree of deviation from IID (the skewness) is a key determinant of the difficulty level of the problem. With these findings in mind, we present SkewScout, a system-level approach that adapts the communication frequency of decentralized learning algorithms to the (skew-induced) accuracy loss between data partitions. We also show that group normalization can recover much of the skew-induced accuracy loss of batch normalization.",arXiv,preprint,2019,cs.LG,https://arxiv.org/abs/1910.00189,v1,2026-06-10,,,lev=0.348; q='machine learning'
B-0078-fn,B,arXiv:1910.00189,The Non-IID Data Quagmire of Decentralized Machine Learning,"Kevin Hsieh, Amar Phanishayee, O. Mutlu, Phillip B. Gibbons","Many large-scale machine learning (ML) applications need to perform decentralized learning over datasets generated at different devices and locations. Such datasets pose a significant challenge to decentralized learning because their different contexts result in significant data distribution skew across devices/locations. In this paper, we take a step toward better understanding this challenge by presenting a detailed experimental study of decentralized DNN training on a common type of data skew: skewed distribution of data labels across devices/locations. Our study shows that: (i) skewed data labels are a fundamental and pervasive problem for decentralized learning, causing significant accuracy loss across many ML applications, DNN models, training datasets, and decentralized learning algorithms; (ii) the problem is particularly challenging for DNN models with batch normalization; and (iii) the degree of data skew is a key determinant of the difficulty of the problem. Based on these findings, we present SkewScout, a system-level approach that adapts the communication frequency of decentralized learning algorithms to the (skew-induced) accuracy loss between data partitions. We also show that group normalization can recover much of the accuracy loss of batch normalization.",international conference on machine learning,preprint,2019,cs.LG,https://arxiv.org/abs/1910.00189,final,2026-06-10,,,lev=0.348; q='machine learning'
B-0079-v1,B,arXiv:1903.12394,Informed Machine Learning – A Taxonomy and Survey of Integrating Prior Knowledge into Learning Systems,"Laura von Rueden, S. Mayer, Katharina Beckh, B. Georgiev, Sven Giesselbach, R. Heese, Birgit Kirsch, Julius Pfrommer, Annika Pick, Rajkumar Ramamurthy, Michal Walczak, J. Garcke, C. Bauckhage, Jannis Schuecker","Despite the great successes of machine learning, it can have its limits when dealing with insufficient training data.A potential solution is to incorporate additional knowledge into the training process which leads to the idea of informed machine learning. We present a research survey and structured overview of various approaches in this field. We aim to establish a taxonomy which can serve as a classification framework that considers the kind of additional knowledge, its representation,and its integration into the machine learning pipeline. The evaluation of numerous papers on the bases of the taxonomy uncovers key methods in this field.",arXiv,preprint,2019,cs.LG,https://arxiv.org/abs/1903.12394,v1,2026-06-10,,,lev=0.500; q='machine learning'
B-0079-fn,B,arXiv:1903.12394,Informed Machine Learning – A Taxonomy and Survey of Integrating Prior Knowledge into Learning Systems,"Laura von Rueden, S. Mayer, Katharina Beckh, B. Georgiev, Sven Giesselbach, R. Heese, Birgit Kirsch, Julius Pfrommer, Annika Pick, Rajkumar Ramamurthy, Michal Walczak, J. Garcke, C. Bauckhage, Jannis Schuecker","Despite its great success, machine learning can have its limits when dealing with insufficient training data. A potential solution is the additional integration of prior knowledge into the training process which leads to the notion of informed machine learning. In this paper, we present a structured overview of various approaches in this field. We provide a definition and propose a concept for informed machine learning which illustrates its building blocks and distinguishes it from conventional machine learning. We introduce a taxonomy that serves as a classification framework for informed machine learning approaches. It considers the source of knowledge, its representation, and its integration into the machine learning pipeline. Based on this taxonomy, we survey related research and describe how different knowledge representations such as algebraic equations, logic rules, or simulation results can be used in learning systems. This evaluation of numerous papers on the basis of our taxonomy uncovers key methods in the field of informed machine learning.",ieee transactions on knowledge and data engineering,preprint,2019,cs.LG,https://arxiv.org/abs/1903.12394,final,2026-06-10,,,lev=0.500; q='machine learning'
B-0080-v1,B,arXiv:1909.06342,Explainable machine learning in deployment,"Umang Bhatt, Alice Xiang, Shubham Sharma, Adrian Weller, Ankur Taly, Yunhan Jia, Joydeep Ghosh, R. Puri, J. Moura, P. Eckersley","Explainable machine learning seeks to provide various stakeholders with insights into model behavior via feature importance scores, counterfactual explanations, and influential samples, among other techniques. Recent advances in this line of work, however, have gone without surveys of how organizations are using these techniques in practice. This study explores how organizations view and use explainability for stakeholder consumption. We find that the majority of deployments are not for end users affected by the model but for machine learning engineers, who use explainability to debug the model itself. There is a gap between explainability in practice and the goal of public transparency, since explanations primarily serve internal stakeholders rather than external ones. Our study synthesizes the limitations with current explainability techniques that hamper their use for end users. To facilitate end user interaction, we develop a framework for establishing clear goals for explainability, including a focus on normative desiderata.",arXiv,preprint,2019,cs.LG,https://arxiv.org/abs/1909.06342,v1,2026-06-10,,,lev=0.221; q='machine learning'
B-0080-fn,B,arXiv:1909.06342,Explainable machine learning in deployment,"Umang Bhatt, Alice Xiang, Shubham Sharma, Adrian Weller, Ankur Taly, Yunhan Jia, Joydeep Ghosh, R. Puri, J. Moura, P. Eckersley","Explainable machine learning offers the potential to provide stakeholders with insights into model behavior by using various methods such as feature importance scores, counterfactual explanations, or influential training data. Yet there is little understanding of how organizations use these methods in practice. This study explores how organizations view and use explainability for stakeholder consumption. We find that, currently, the majority of deployments are not for end users affected by the model but rather for machine learning engineers, who use explainability to debug the model itself. There is thus a gap between explainability in practice and the goal of transparency, since explanations primarily serve internal stakeholders rather than external ones. Our study synthesizes the limitations of current explainability techniques that hamper their use for end users. To facilitate end user interaction, we develop a framework for establishing clear goals for explainability. We end by discussing concerns raised regarding explainability.",fat*,preprint,2019,cs.LG,https://arxiv.org/abs/1909.06342,final,2026-06-10,,,lev=0.221; q='machine learning'
B-0081-v1,B,arXiv:1911.02792,Machine learning for molecular simulation,"F. Noé, A. Tkatchenko, K. Müller, C. Clementi","Machine learning (ML) is transforming all areas of science. The complex and time-consuming calculations in molecular simulations are particularly suitable for a machine learning revolution and have already been profoundly impacted by the application of existing ML methods. Here we review recent ML methods for molecular simulation, with particular focus on (deep) neural networks for the prediction of quantum-mechanical energies and forces, coarse-grained molecular dynamics, the extraction of free energy surfaces and kinetics and generative network approaches to sample molecular equilibrium structures and compute thermodynamics. To explain these methods and illustrate open methodological problems, we review some important principles of molecular physics and describe how they can be incorporated into machine learning structures. Finally, we identify and describe a list of open challenges for the interface between ML and molecular simulation.",arXiv,preprint,2019,cs.LG,https://arxiv.org/abs/1911.02792,v1,2026-06-10,,,lev=0.214; q='machine learning'
B-0081-fn,B,arXiv:1911.02792,Machine learning for molecular simulation,"F. Noé, A. Tkatchenko, K. Müller, C. Clementi","Machine learning (ML) is transforming all areas of science. The complex and time-consuming calculations in molecular simulations are particularly suitable for an ML revolution and have already been profoundly affected by the application of existing ML methods. Here we review recent ML methods for molecular simulation, with particular focus on (deep) neural networks for the prediction of quantum-mechanical energies and forces, on coarse-grained molecular dynamics, on the extraction of free energy surfaces and kinetics, and on generative network approaches to sample molecular equilibrium structures and compute thermodynamics. To explain these methods and illustrate open methodological problems, we review some important principles of molecular physics and describe how they can be incorporated into ML structures. Finally, we identify and describe a list of open challenges for the interface between ML and molecular simulation. Expected final online publication date for the Annual Review of Physical Chemistry, Volume 71 is April 20, 2020. Please see http://www.annualreviews.org/page/journal/pubdates for revised estimates.",annual review of physical chemistry (print),preprint,2019,cs.LG,https://arxiv.org/abs/1911.02792,final,2026-06-10,,,lev=0.214; q='machine learning'
B-0082-v1,B,arXiv:1908.00080,Machine Learning at the Network Edge: A Survey,"M. G. Sarwar Murshed, Chris Murphy, Daqing Hou, Nazar Khan, Ganesh Ananthanarayanan, Faraz Hussain","Devices comprising the Internet of Things, such as sensors and small cameras, usually have small memories and limited computational power. The proliferation of such resource-constrained devices in recent years has led to the generation of large quantities of data. These data-producing devices are appealing targets for machine learning applications but struggle to run machine learning algorithms due to their limited computing capability. They typically offload input data to external computing systems (such as cloud servers) for further processing. The results of the machine learning computations are communicated back to the resource-scarce devices, but this worsens latency, leads to increased communication costs, and adds to privacy concerns. Therefore, efforts have been made to place additional computing devices at the edge of the network, i.e close to the IoT devices where the data is generated. Deploying machine learning systems on such edge devices alleviates the above issues by allowing computations to be performed close to the data sources. This survey describes major research efforts where machine learning has been deployed at the edge of computer networks.",arXiv,preprint,2019,cs.LG,https://arxiv.org/abs/1908.00080,v1,2026-06-10,,,lev=0.495; q='machine learning'
B-0082-fn,B,arXiv:1908.00080,Machine Learning at the Network Edge: A Survey,"M. G. Sarwar Murshed, Chris Murphy, Daqing Hou, Nazar Khan, Ganesh Ananthanarayanan, Faraz Hussain","Resource-constrained IoT devices, such as sensors and actuators, have become ubiquitous in recent years. This has led to the generation of large quantities of data in real-time, which is an appealing target for AI systems. However, deploying machine learning models on such end-devices is nearly impossible. A typical solution involves offloading data to external computing systems (such as cloud servers) for further processing but this worsens latency, leads to increased communication costs, and adds to privacy concerns. To address this issue, efforts have been made to place additional computing devices at the edge of the network, i.e., close to the IoT devices where the data is generated. Deploying machine learning systems on such edge computing devices alleviates the above issues by allowing computations to be performed close to the data sources. This survey describes major research efforts where machine learning systems have been deployed at the edge of computer networks, focusing on the operational aspects including compression techniques, tools, frameworks, and hardware used in successful applications of intelligent edge systems.",acm computing surveys,preprint,2019,cs.LG,https://arxiv.org/abs/1908.00080,final,2026-06-10,,,lev=0.495; q='machine learning'
B-0083-v1,B,arXiv:1902.07231,Machine learning-assisted directed protein evolution with combinatorial libraries,"Zachary Wu, S. Kan, Russell D. Lewis, Bruce J. Wittmann, F. Arnold","To reduce experimental effort associated with directed protein evolution and to explore the sequence space encoded by mutating multiple positions simultaneously, we incorporate machine learning in the directed evolution workflow. Combinatorial sequence space can be quite expensive to sample experimentally, but machine learning models trained on tested variants provide a fast method for testing sequence space computationally. We validate this approach on a large published empirical fitness landscape for human GB1 binding protein, demonstrating that machine learning-guided directed evolution finds variants with higher fitness than those found by other directed evolution approaches. We then provide an example application in evolving an enzyme to produce each of the two possible product enantiomers (stereodivergence) of a new-to-nature carbene Si-H insertion reaction. The approach predicted libraries enriched in functional enzymes and fixed seven mutations in two rounds of evolution to identify variants for selective catalysis with 93% and 79% ee. By greatly increasing throughput with in silico modeling, machine learning enhances the quality and diversity of sequence solutions for a protein engineering problem.",arXiv,preprint,2019,cs.LG,https://arxiv.org/abs/1902.07231,v1,2026-06-10,,,lev=0.431; q='machine learning'
B-0083-fn,B,arXiv:1902.07231,Machine learning-assisted directed protein evolution with combinatorial libraries,"Zachary Wu, S. Kan, Russell D. Lewis, Bruce J. Wittmann, F. Arnold","Significance Proteins often function poorly when used outside their natural contexts; directed evolution can be used to engineer them to be more efficient in new roles. We propose that the expense of experimentally testing a large number of protein variants can be decreased and the outcome can be improved by incorporating machine learning with directed evolution. Simulations on an empirical fitness landscape demonstrate that the expected performance improvement is greater with this approach. Machine learning-assisted directed evolution from a single parent produced enzyme variants that selectively synthesize the enantiomeric products of a new-to-nature chemical transformation. By exploring multiple mutations simultaneously, machine learning efficiently navigates large regions of sequence space to identify improved proteins and also produces diverse solutions to engineering problems. To reduce experimental effort associated with directed protein evolution and to explore the sequence space encoded by mutating multiple positions simultaneously, we incorporate machine learning into the directed evolution workflow. Combinatorial sequence space can be quite expensive to sample experimentally, but machine-learning models trained on tested variants provide a fast method for testing sequence space computationally. We validated this approach on a large published empirical fitness landscape for human GB1 binding protein, demonstrating that machine learning-guided directed evolution finds variants with higher fitness than those found by other directed evolution approaches. We then provide an example application in evolving an enzyme to produce each of the two possible product enantiomers (i.e., stereodivergence) of a new-to-nature carbene Si–H insertion reaction. The approach predicted libraries enriched in functional enzymes and fixed seven mutations in two rounds of evolution to identify variants for selective catalysis with 93% and 79% ee (enantiomeric excess). By greatly increasing throughput with in silico modeling, machine learning enhances the quality and diversity of sequence solutions for a protein engineering problem.",proceedings of the national academy of sciences of the united states of america,preprint,2019,cs.LG,https://arxiv.org/abs/1902.07231,final,2026-06-10,,,lev=0.431; q='machine learning'
B-0084-v1,B,arXiv:1708.00588,Hidden physics models: Machine learning of nonlinear partial differential equations,"M. Raissi, G. Karniadakis","We introduce the concept of hidden physics models, which are essentially data-efficient learning machines capable of leveraging the underlying laws of physics, expressed by time dependent and nonlinear partial differential equations, to extract patterns from high-dimensional data generated from experiments. The proposed technology is applied to the problem of learning, system identification, or data-driven discovery of partial differential equations. The framework relies on Gaussian processes, a powerful tool for probabilistic inference over functions, to strike a balance between model complexity and data fit. The effectiveness of the proposed approach is demonstrated through a variety of canonical problems, spanning a number of scientific domains, including the Navier-Stokes, Schrödinger, Kuramoto-Sivashinsky, and fractional equations. The methodology provides a promising new direction for capitalizing on the long-standing developments of classical methods in applied mathematics and mathematical physics to design learning machines with the ability to learn in complex domains without requiring large quantities of data.",arXiv,preprint,2017,cs.LG,https://arxiv.org/abs/1708.00588,v1,2026-06-10,,,lev=0.218; q='machine learning'
B-0084-fn,B,arXiv:1708.00588,Hidden physics models: Machine learning of nonlinear partial differential equations,"M. Raissi, G. Karniadakis","Abstract While there is currently a lot of enthusiasm about “big data”, useful data is usually “small” and expensive to acquire. In this paper, we present a new paradigm of learning partial differential equations from small data. In particular, we introduce hidden physics models, which are essentially data-efficient learning machines capable of leveraging the underlying laws of physics, expressed by time dependent and nonlinear partial differential equations, to extract patterns from high-dimensional data generated from experiments. The proposed methodology may be applied to the problem of learning, system identification, or data-driven discovery of partial differential equations. Our framework relies on Gaussian processes, a powerful tool for probabilistic inference over functions, that enables us to strike a balance between model complexity and data fitting. The effectiveness of the proposed approach is demonstrated through a variety of canonical problems, spanning a number of scientific domains, including the Navier–Stokes, Schrodinger, Kuramoto–Sivashinsky, and time dependent linear fractional equations. The methodology provides a promising new direction for harnessing the long-standing developments of classical methods in applied mathematics and mathematical physics to design learning machines with the ability to operate in complex domains without requiring large quantities of data.",journal of computational physics,preprint,2017,cs.LG,https://arxiv.org/abs/1708.00588,final,2026-06-10,,,lev=0.218; q='machine learning'
B-0085-v1,B,arXiv:1605.01735,Machine learning phases of matter,"J. Carrasquilla, R. Melko","Neural networks can be used to identify phases and phase transitions in condensed matter systems via supervised machine learning. Readily programmable through modern software libraries, we show that a standard feed-forward neural network can be trained to detect multiple types of order parameter directly from raw state configurations sampled with Monte Carlo. In addition, they can detect highly non-trivial states such as Coulomb phases, and if modified to a convolutional neural network, topological phases with no conventional order parameter. We show that this classification occurs within the neural network without knowledge of the Hamiltonian or even the general locality of interactions. These results demonstrate the power of machine learning as a basic research tool in the field of condensed matter and statistical physics.",arXiv,preprint,2016,cs.LG,https://arxiv.org/abs/1605.01735,v1,2026-06-10,,,lev=0.706; q='machine learning'
B-0085-fn,B,arXiv:1605.01735,Machine learning phases of matter,"J. Carrasquilla, R. Melko","The success of machine learning techniques in handling big data sets proves ideal for classifying condensed-matter phases and phase transitions. The technique is even amenable to detecting non-trivial states lacking in conventional order. Condensed-matter physics is the study of the collective behaviour of infinitely complex assemblies of electrons, nuclei, magnetic moments, atoms or qubits1. This complexity is reflected in the size of the state space, which grows exponentially with the number of particles, reminiscent of the ‘curse of dimensionality’ commonly encountered in machine learning2. Despite this curse, the machine learning community has developed techniques with remarkable abilities to recognize, classify, and characterize complex sets of data. Here, we show that modern machine learning architectures, such as fully connected and convolutional neural networks3, can identify phases and phase transitions in a variety of condensed-matter Hamiltonians. Readily programmable through modern software libraries4,5, neural networks can be trained to detect multiple types of order parameter, as well as highly non-trivial states with no conventional order, directly from raw state configurations sampled with Monte Carlo6,7.",nature physics,preprint,2016,cs.LG,https://arxiv.org/abs/1605.01735,final,2026-06-10,,,lev=0.706; q='machine learning'
B-0086-v1,B,arXiv:1803.04383,Delayed Impact of Fair Machine Learning,"Lydia T. Liu, Sarah Dean, Esther Rolf, Max Simchowitz, Moritz Hardt","Fairness in machine learning has predominantly been studied in static classification settings without concern for how decisions change the underlying population over time. Conventional wisdom suggests that fairness criteria promote the long-term well-being of those groups they aim to protect.   We study how static fairness criteria interact with temporal indicators of well-being, such as long-term improvement, stagnation, and decline in a variable of interest. We demonstrate that even in a one-step feedback model, common fairness criteria in general do not promote improvement over time, and may in fact cause harm in cases where an unconstrained objective would not.   We completely characterize the delayed impact of three standard criteria, contrasting the regimes in which these exhibit qualitatively different behavior. In addition, we find that a natural form of measurement error broadens the regime in which fairness criteria perform favorably.   Our results highlight the importance of measurement and temporal modeling in the evaluation of fairness criteria, suggesting a range of new challenges and trade-offs.",arXiv,preprint,2018,cs.LG,https://arxiv.org/abs/1803.04383,v1,2026-06-10,,,lev=0.575; q='machine learning'
B-0086-fn,B,arXiv:1803.04383,Delayed Impact of Fair Machine Learning,"Lydia T. Liu, Sarah Dean, Esther Rolf, Max Simchowitz, Moritz Hardt","Static classification has been the predominant focus of the study of fairness in machine learning. While most models do not consider how decisions change populations over time, it is conventional wisdom that fairness criteria promote the long-term well-being of groups they aim to protect. This work studies the interaction of static fairness criteria with temporal indicators of well-being. We show a simple one-step feedback model in which common criteria do not generally promote improvement over time, and may in fact cause harm. Our results highlight the importance of temporal modeling in the evaluation of fairness criteria, suggesting a range of new challenges and trade-offs.",international conference on machine learning,preprint,2018,cs.LG,https://arxiv.org/abs/1803.04383,final,2026-06-10,,,lev=0.575; q='machine learning'
B-0087-v1,B,arXiv:1802.09596,Tunability: Importance of Hyperparameters of Machine Learning Algorithms,"Philipp Probst, A. Boulesteix, B. Bischl","Modern machine learning algorithms for classification or regression such as gradient boosting, random forest and neural networks involve a number of parameters that have to be fixed before running them. Such parameters are commonly denoted as hyperparameters in machine learning, a terminology we also adopt here. The term tuning parameter is also frequently used to denote parameters that should be carefully tuned, i.e. optimized with respect to performance.   The users of these algorithms can use defaults of these hyperparameters that are specified in the employed software package, set them to alternative specific values or use a tuning strategy to choose them appropriately for the specific dataset at hand. In this context, we define tunability as the amount of performance gain that can be achieved by setting the considered hyperparameter to the best possible value instead of the default value. The goal of this paper is two-fold. Firstly, we formalize the problem of tuning from a statistical point of view and suggest general measures quantifying the tunability of hyperparameters of algorithms. Secondly, we conduct a large-scale benchmarking study based on 38 datasets from the OpenML platform (Vanschoren et al., 2013) using six of the most common machine learning algorithms for classification and regression and apply our measures to assess the tunability of their parameters. The results yield interesting insights into the investigated hyperparameters that in some cases allow general conclusions on their tunability. Our results may help users of the algorithms to decide whether it is worth to conduct a possibly time consuming tuning strategy, to focus on the most important hyperparameters and to chose adequate hyperparameter spaces for tuning.",arXiv,preprint,2018,cs.LG,https://arxiv.org/abs/1802.09596,v1,2026-06-10,,,lev=0.519; q='machine learning'
B-0087-fn,B,arXiv:1802.09596,Tunability: Importance of Hyperparameters of Machine Learning Algorithms,"Philipp Probst, A. Boulesteix, B. Bischl","Modern supervised machine learning algorithms involve hyperparameters that have to be set before running them. Options for setting hyperparameters are default values from the software package, manual configuration by the user or configuring them for optimal predictive performance by a tuning procedure. The goal of this paper is two-fold. Firstly, we formalize the problem of tuning from a statistical point of view, define data-based defaults and suggest general measures quantifying the tunability of hyperparameters of algorithms. Secondly, we conduct a large-scale benchmarking study based on 38 datasets from the OpenML platform and six common machine learning algorithms. We apply our measures to assess the tunability of their parameters. Our results yield default values for hyperparameters and enable users to decide whether it is worth conducting a possibly time consuming tuning strategy, to focus on the most important hyperparameters and to chose adequate hyperparameter spaces for tuning.",journal of machine learning research,preprint,2018,cs.LG,https://arxiv.org/abs/1802.09596,final,2026-06-10,,,lev=0.519; q='machine learning'
B-0088-v1,B,arXiv:1901.05331,Optimization Models for Machine Learning: A Survey,"Claudio Gambella, Bissan Ghaddar, Joe Naoum-Sawaya","This paper surveys the machine learning literature and presents machine learning as optimization models. Such models can benefit from the advancement of numerical optimization techniques which have already played a distinctive role in several machine learning settings. Particularly, mathematical optimization models are presented for commonly used machine learning approaches for regression, classification, clustering, and deep neural networks as well new emerging applications in machine teaching and empirical model learning. The strengths and the shortcomings of these models are discussed and potential research directions are highlighted.",arXiv,preprint,2019,cs.LG,https://arxiv.org/abs/1901.05331,v1,2026-06-10,,,lev=0.548; q='machine learning'
B-0088-fn,B,arXiv:1901.05331,Optimization Models for Machine Learning: A Survey,"Claudio Gambella, Bissan Ghaddar, Joe Naoum-Sawaya","Abstract This paper surveys the machine learning literature and presents in an optimization framework several commonly used machine learning approaches. Particularly, mathematical optimization models are presented for regression, classification, clustering, deep learning, and adversarial learning, as well as new emerging applications in machine teaching, empirical model learning, and Bayesian network structure learning. Such models can benefit from the advancement of numerical optimization techniques which have already played a distinctive role in several machine learning settings. The strengths and the shortcomings of these models are discussed and potential research directions and open problems are highlighted.",european journal of operational research,preprint,2019,cs.LG,https://arxiv.org/abs/1901.05331,final,2026-06-10,,,lev=0.548; q='machine learning'
B-0089-v1,B,arXiv:1805.03362,Attractor reconstruction by machine learning.,"Zhixin Lu, B. Hunt, E. Ott","A machine-learning approach called ""reservoir computing"" has been used successfully for short-term prediction and attractor reconstruction of chaotic dynamical systems from time series data. We present a theory for when and how reservoir computing is able to create accurate empirical models for chaotic dynamics, using the notions of generalized synchronization and Lyapunov exponents. We illustrate this theory through numerical experiments. We also argue that the theory applies to certain other machine learning methods for time series prediction.",arXiv,preprint,2018,cs.LG,https://arxiv.org/abs/1805.03362,v1,2026-06-10,,,lev=0.241; q='machine learning'
B-0089-fn,B,arXiv:1805.03362,Attractor reconstruction by machine learning.,"Zhixin Lu, B. Hunt, E. Ott","A machine-learning approach called ""reservoir computing"" has been used successfully for short-term prediction and attractor reconstruction of chaotic dynamical systems from time series data. We present a theoretical framework that describes conditions under which reservoir computing can create an empirical model capable of skillful short-term forecasts and accurate long-term ergodic behavior. We illustrate this theory through numerical experiments. We also argue that the theory applies to certain other machine learning methods for time series prediction.",chaos,preprint,2018,cs.LG,https://arxiv.org/abs/1805.03362,final,2026-06-10,,,lev=0.241; q='machine learning'
B-0090-v1,B,arXiv:1806.00388,A Review of Challenges and Opportunities in Machine Learning for Health.,"M. Ghassemi, Tristan Naumann, Peter F. Schulam, A. Beam, I. Chen, R. Ranganath","Healthcare is a natural arena for the application of machine learning, especially as modern electronic health records (EHRs) provide increasingly large amounts of data to answer clinically meaningful questions. However, clinical data and practice present unique challenges that complicate the use of common methodologies. This article serves as a primer on addressing these challenges and highlights opportunities for members of the machine learning and data science communities to contribute to this growing domain.",arXiv,preprint,2018,cs.LG,https://arxiv.org/abs/1806.00388,v1,2026-06-10,,,lev=0.619; q='machine learning'
B-0090-fn,B,arXiv:1806.00388,A Review of Challenges and Opportunities in Machine Learning for Health.,"M. Ghassemi, Tristan Naumann, Peter F. Schulam, A. Beam, I. Chen, R. Ranganath","Modern electronic health records (EHRs) provide data to answer clinically meaningful questions. The growing data in EHRs makes healthcare ripe for the use of machine learning. However, learning in a clinical setting presents unique challenges that complicate the use of common machine learning methodologies. For example, diseases in EHRs are poorly labeled, conditions can encompass multiple underlying endotypes, and healthy individuals are underrepresented. This article serves as a primer to illuminate these challenges and highlights opportunities for members of the machine learning community to contribute to healthcare.",amia joint summits on translational science proceedings. amia joint summits on translational science,preprint,2018,cs.LG,https://arxiv.org/abs/1806.00388,final,2026-06-10,,,lev=0.619; q='machine learning'
B-0091-v1,B,arXiv:1711.04708,Machine Learning for the Geosciences: Challenges and Opportunities,"A. Karpatne, I. Ebert‐Uphoff, S. Ravela, H. Babaie, Vipin Kumar","Geosciences is a field of great societal relevance that requires solutions to several urgent problems facing our humanity and the planet. As geosciences enters the era of big data, machine learning (ML) -- that has been widely successful in commercial domains -- offers immense potential to contribute to problems in geosciences. However, problems in geosciences have several unique challenges that are seldom found in traditional applications, requiring novel problem formulations and methodologies in machine learning. This article introduces researchers in the machine learning (ML) community to these challenges offered by geoscience problems and the opportunities that exist for advancing both machine learning and geosciences. We first highlight typical sources of geoscience data and describe their properties that make it challenging to use traditional machine learning techniques. We then describe some of the common categories of geoscience problems where machine learning can play a role, and discuss some of the existing efforts and promising directions for methodological development in machine learning. We conclude by discussing some of the emerging research themes in machine learning that are applicable across all problems in the geosciences, and the importance of a deep collaboration between machine learning and geosciences for synergistic advancements in both disciplines.",arXiv,preprint,2017,cs.LG,https://arxiv.org/abs/1711.04708,v1,2026-06-10,,,lev=0.219; q='machine learning'
B-0091-fn,B,arXiv:1711.04708,Machine Learning for the Geosciences: Challenges and Opportunities,"A. Karpatne, I. Ebert‐Uphoff, S. Ravela, H. Babaie, Vipin Kumar","Geosciences is a field of great societal relevance that requires solutions to several urgent problems facing our humanity and the planet. As geosciences enters the era of big data, machine learning (ML)—that has been widely successful in commercial domains—offers immense potential to contribute to problems in geosciences. However, geoscience applications introduce novel challenges for ML due to combinations of geoscience properties encountered in every problem, requiring novel research in machine learning. This article introduces researchers in the machine learning (ML) community to these challenges offered by geoscience problems and the opportunities that exist for advancing both machine learning and geosciences. We first highlight typical sources of geoscience data and describe their common properties. We then describe some of the common categories of geoscience problems where machine learning can play a role, discussing the challenges faced by existing ML methods and opportunities for novel ML research. We conclude by discussing some of the cross-cutting research themes in machine learning that are applicable across several geoscience problems, and the importance of a deep collaboration between machine learning and geosciences for synergistic advancements in both disciplines.",ieee transactions on knowledge and data engineering,preprint,2017,cs.LG,https://arxiv.org/abs/1711.04708,final,2026-06-10,,,lev=0.219; q='machine learning'
B-0092-v1,B,arXiv:1207.6083,Determinantal Point Processes for Machine Learning,"Alex Kulesza, B. Taskar","Determinantal point processes (DPPs) are elegant probabilistic models of repulsion that arise in quantum physics and random matrix theory. In contrast to traditional structured models like Markov random fields, which become intractable and hard to approximate in the presence of negative correlations, DPPs offer efficient and exact algorithms for sampling, marginalization, conditioning, and other inference tasks. We provide a gentle introduction to DPPs, focusing on the intuitions, algorithms, and extensions that are most relevant to the machine learning community, and show how DPPs can be applied to real-world applications like finding diverse sets of high-quality search results, building informative summaries by selecting diverse sentences from documents, modeling non-overlapping human poses in images or video, and automatically building timelines of important news stories.",arXiv,preprint,2012,cs.LG,https://arxiv.org/abs/1207.6083,v1,2026-06-10,,,lev=0.314; q='machine learning'
B-0092-fn,B,arXiv:1207.6083,Determinantal Point Processes for Machine Learning,"Alex Kulesza, B. Taskar","Determinantal point processes (DPPs) are elegant probabilistic models of repulsion that arise in quantum physics and random matrix theory. In contrast to traditional structured models like Markov random fields, which become intractable and hard to approximate in the presence of negative correlations, DPPs offer efficient and exact algorithms for sampling, marginalization, conditioning, and other inference tasks. While they have been studied extensively by mathematicians, giving rise to a deep and beautiful theory, DPPs are relatively new in machine learning. Determinantal Point Processes for Machine Learning provides a comprehensible introduction to DPPs, focusing on the intuitions, algorithms, and extensions that are most relevant to the machine learning community, and shows how DPPs can be applied to real-world applications like finding diverse sets of high-quality search results, building informative summaries by selecting diverse sentences from documents, modeling non-overlapping human poses in images or video, and automatically building timelines of important news stories. It presents the general mathematical background to DPPs along with a range of modeling extensions, efficient algorithms, and theoretical results that aim to enable practical modeling and learning.",found. trends mach. learn.,preprint,2012,cs.LG,https://arxiv.org/abs/1207.6083,final,2026-06-10,,,lev=0.314; q='machine learning'
B-0093-v1,B,arXiv:1807.01477,Diversity in Machine Learning,"Z. Gong, P. Zhong, Weidong Hu","Machine learning methods have achieved good performance and been widely applied in various real-world applications. It can learn the model adaptively and be better fit for special requirements of different tasks. Many factors can affect the performance of the machine learning process, among which diversity of the machine learning is an important one. Generally, a good machine learning system is composed of plentiful training data, a good model training process, and an accurate inference. The diversity could help each procedure to guarantee a total good machine learning: diversity of the training data ensures the data contain enough discriminative information, diversity of the learned model (diversity in parameters of each model or diversity in models) makes each parameter/model capture unique or complement information and the diversity in inference can provide multiple choices each of which corresponds to a plausible result. However, there is no systematical analysis of the diversification in machine learning system. In this paper, we systematically summarize the methods to make data diversification, model diversification, and inference diversification in machine learning process, respectively. In addition, the typical applications where the diversity technology improved the machine learning performances have been surveyed, including the remote sensing imaging tasks, machine translation, camera relocalization, image segmentation, object detection, topic modeling, and others. Finally, we discuss some challenges of diversity technology in machine learning and point out some directions in future work. Our analysis provides a deeper understanding of the diversity technology in machine learning tasks, and hence can help design and learn more effective models for specific tasks.",arXiv,preprint,2018,cs.LG,https://arxiv.org/abs/1807.01477,v1,2026-06-10,,,lev=0.213; q='machine learning'
B-0093-fn,B,arXiv:1807.01477,Diversity in Machine Learning,"Z. Gong, P. Zhong, Weidong Hu","Machine learning methods have achieved good performance and been widely applied in various real-world applications. They can learn the model adaptively and be better fit for special requirements of different tasks. Generally, a good machine learning system is composed of plentiful training data, a good model training process, and an accurate inference. Many factors can affect the performance of the machine learning process, among which the diversity of the machine learning process is an important one. The diversity can help each procedure to guarantee a totally good machine learning: diversity of the training data ensures that the training data can provide more discriminative information for the model, diversity of the learned model (diversity in parameters of each model or diversity among different base models) makes each parameter/model capture unique or complement information and the diversity in inference can provide multiple choices each of which corresponds to a specific plausible local optimal result. Even though diversity plays an important role in the machine learning process, there is no systematical analysis of the diversification in the machine learning system. In this paper, we systematically summarize the methods to make data diversification, model diversification, and inference diversification in the machine learning process. In addition, the typical applications where the diversity technology improved the machine learning performance have been surveyed including the remote sensing imaging tasks, machine translation, camera relocalization, image segmentation, object detection, topic modeling, and others. Finally, we discuss some challenges of the diversity technology in machine learning and point out some directions in future work. Our analysis provides a deeper understanding of the diversity technology in machine learning tasks and hence can help design and learn more effective models for real-world applications.",ieee access,preprint,2018,cs.LG,https://arxiv.org/abs/1807.01477,final,2026-06-10,,,lev=0.213; q='machine learning'
B-0094-v1,B,arXiv:1708.00909,Machine Learning for Neural Decoding,"Joshua I. Glaser, Raeed H. Chowdhury, M. Perich, L. Miller, Konrad Paul Kording","While machine learning tools have been rapidly advancing, the majority of neural decoding approaches still use last century's methods. Improving the performance of neural decoding algorithms allows us to better understand what information is contained in the brain, and can help advance engineering applications such as brain machine interfaces. Here, we apply modern machine learning techniques, including neural networks and gradient boosting, to decode from spiking activity in 1) motor cortex, 2) somatosensory cortex, and 3) hippocampus. We compare the predictive ability of these modern methods with traditional decoding methods such as Wiener and Kalman filters. Modern methods, in particular neural networks and ensembles, significantly outperformed the traditional approaches. For instance, for all of the three brain areas, an LSTM decoder explained over 40% of the unexplained variance from a Wiener filter. These results suggest that modern machine learning techniques should become the standard methodology for neural decoding. We provide code to facilitate wider implementation of these methods.",arXiv,preprint,2017,cs.LG,https://arxiv.org/abs/1708.00909,v1,2026-06-10,,,lev=0.649; q='machine learning'
B-0094-fn,B,arXiv:1708.00909,Machine Learning for Neural Decoding,"Joshua I. Glaser, Raeed H. Chowdhury, M. Perich, L. Miller, Konrad Paul Kording","Abstract Despite rapid advances in machine learning tools, the majority of neural decoding approaches still use traditional methods. Modern machine learning tools, which are versatile and easy to use, have the potential to significantly improve decoding performance. This tutorial describes how to effectively apply these algorithms for typical decoding problems. We provide descriptions, best practices, and code for applying common machine learning methods, including neural networks and gradient boosting. We also provide detailed comparisons of the performance of various methods at the task of decoding spiking activity in motor cortex, somatosensory cortex, and hippocampus. Modern methods, particularly neural networks and ensembles, significantly outperform traditional approaches, such as Wiener and Kalman filters. Improving the performance of neural decoding algorithms allows neuroscientists to better understand the information contained in a neural population and can help to advance engineering applications such as brain–machine interfaces. Our code package is available at github.com/kordinglab/neural_decoding.",eneuro,preprint,2017,cs.LG,https://arxiv.org/abs/1708.00909,final,2026-06-10,,,lev=0.649; q='machine learning'
B-0095-v1,B,arXiv:1609.02815,Bypassing the Kohn-Sham equations with machine learning,"Felix Brockherde, Leslie Vogt, Li Li, M. Tuckerman, K. Burke, K. Müller","Last year, at least 30,000 scientific papers used the Kohn-Sham scheme of density functional theory to solve electronic structure problems in a wide variety of scientific fields, ranging from materials science to biochemistry to astrophysics. Machine learning holds the promise of learning the kinetic energy functional via examples, by-passing the need to solve these equations. This should yield substantial savings in computer time, allowing either larger systems or longer time-scales to be tackled. Attempts to machine-learn this functional have been limited by the need to find its derivative. The present work overcomes this difficulty, by learning the density-potential map directly. Both the improved accuracy and lower computational cost is demonstrated on DFT calculations of small molecules.",arXiv,preprint,2016,cs.LG,https://arxiv.org/abs/1609.02815,v1,2026-06-10,,,lev=0.514; q='machine learning'
B-0095-fn,B,arXiv:1609.02815,Bypassing the Kohn-Sham equations with machine learning,"Felix Brockherde, Leslie Vogt, Li Li, M. Tuckerman, K. Burke, K. Müller","Last year, at least 30,000 scientific papers used the Kohn–Sham scheme of density functional theory to solve electronic structure problems in a wide variety of scientific fields. Machine learning holds the promise of learning the energy functional via examples, bypassing the need to solve the Kohn–Sham equations. This should yield substantial savings in computer time, allowing larger systems and/or longer time-scales to be tackled, but attempts to machine-learn this functional have been limited by the need to find its derivative. The present work overcomes this difficulty by directly learning the density-potential and energy-density maps for test systems and various molecules. We perform the first molecular dynamics simulation with a machine-learned density functional on malonaldehyde and are able to capture the intramolecular proton transfer process. Learning density models now allows the construction of accurate density functionals for realistic molecular systems. Machine learning allows electronic structure calculations to access larger system sizes and, in dynamical simulations, longer time scales. Here, the authors perform such a simulation using a machine-learned density functional that avoids direct solution of the Kohn-Sham equations.",nature communications,preprint,2016,cs.LG,https://arxiv.org/abs/1609.02815,final,2026-06-10,,,lev=0.514; q='machine learning'
B-0096-v1,B,arXiv:1512.02673,Speeding Up Distributed Machine Learning Using Codes,"Kangwook Lee, Maximilian Lam, Ramtin Pedarsani, Dimitris Papailiopoulos, K. Ramchandran","Codes are widely used in many engineering applications to offer some form of reliability and fault tolerance. The high-level idea of coding is to exploit resource redundancy to deliver higher robustness against system noise. In large-scale systems there are several types of ""noise"" that can affect the performance of distributed machine learning algorithms: straggler nodes, system failures, or communication bottlenecks. Moreover, redundancy is abundant: a plethora of nodes, a lot of spare storage, etc.   In this work, scratching the surface of ""codes for distributed computation,"" we provide theoretical insights on how coded solutions can achieve significant gains compared to uncoded ones. We focus on two of the most basic building blocks of distributed learning algorithms: matrix multiplication and data shuffling. For matrix multiplication, we use codes to leverage the plethora of nodes and alleviate the effects of stragglers. We show that if the number of workers is $n$, and the runtime of each subtask has an exponential tail, the optimal coded matrix multiplication is $Θ(\log n)$ times faster than the uncoded matrix multiplication. In data shuffling, we use codes to exploit the excess in storage and reduce communication bottlenecks. We show that when $α$ is the fraction of the data matrix that can be cached at each worker, and $n$ is the number of workers, coded shuffling reduces the communication cost by a factor $Θ(αγ(n))$ compared to uncoded shuffling, where $γ(n)$ is the ratio of the cost of unicasting $n$ messages to $n$ users to broadcasting a common message (of the same size) to $n$ users. Our synthetic and Open MPI experiments on Amazon EC2 show that coded distributed algorithms can achieve significant speedups of up to 40% compared to uncoded distributed algorithms.",arXiv,preprint,2015,cs.LG,https://arxiv.org/abs/1512.02673,v1,2026-06-10,,,lev=0.569; q='machine learning'
B-0096-fn,B,arXiv:1512.02673,Speeding Up Distributed Machine Learning Using Codes,"Kangwook Lee, Maximilian Lam, Ramtin Pedarsani, Dimitris Papailiopoulos, K. Ramchandran","Codes are widely used in many engineering applications to offer <italic>robustness</italic> against <italic>noise</italic>. In large-scale systems, there are several types of noise that can affect the performance of distributed machine learning algorithms—straggler nodes, system failures, or communication bottlenecks—but there has been little interaction cutting across codes, machine learning, and distributed systems. In this paper, we provide theoretical insights on how <italic>coded</italic> solutions can achieve significant gains compared with uncoded ones. We focus on two of the most basic building blocks of distributed learning algorithms: <italic>matrix multiplication</italic> and <italic>data shuffling</italic>. For matrix multiplication, we use codes to alleviate the effect of stragglers and show that if the number of homogeneous workers is <inline-formula> <tex-math notation=""LaTeX"">$n$ </tex-math></inline-formula>, and the runtime of each subtask has an exponential tail, coded computation can speed up distributed matrix multiplication by a factor of <inline-formula> <tex-math notation=""LaTeX"">$\log n$ </tex-math></inline-formula>. For data shuffling, we use codes to reduce communication bottlenecks, exploiting the excess in storage. We show that when a constant fraction <inline-formula> <tex-math notation=""LaTeX"">$\alpha $ </tex-math></inline-formula> of the data matrix can be cached at each worker, and <inline-formula> <tex-math notation=""LaTeX"">$n$ </tex-math></inline-formula> is the number of workers, <italic>coded shuffling</italic> reduces the communication cost by a factor of <inline-formula> <tex-math notation=""LaTeX"">$\left({\alpha + \frac {1}{n}}\right)\gamma (n)$ </tex-math></inline-formula> compared with uncoded shuffling, where <inline-formula> <tex-math notation=""LaTeX"">$\gamma (n)$ </tex-math></inline-formula> is the ratio of the cost of unicasting <inline-formula> <tex-math notation=""LaTeX"">$n$ </tex-math></inline-formula> messages to <inline-formula> <tex-math notation=""LaTeX"">$n$ </tex-math></inline-formula> users to multicasting a common message (of the same size) to <inline-formula> <tex-math notation=""LaTeX"">$n$ </tex-math></inline-formula> users. For instance, <inline-formula> <tex-math notation=""LaTeX"">$\gamma (n) \simeq n$ </tex-math></inline-formula> if multicasting a message to <inline-formula> <tex-math notation=""LaTeX"">$n$ </tex-math></inline-formula> users is as cheap as unicasting a message to one user. We also provide experimental results, corroborating our theoretical gains of the coded algorithms.",ieee transactions on information theory,preprint,2015,cs.LG,https://arxiv.org/abs/1512.02673,final,2026-06-10,,,lev=0.569; q='machine learning'
B-0097-v1,B,arXiv:1506.02142,Dropout as a Bayesian Approximation: Representing Model Uncertainty in Deep Learning,"Y. Gal, Zoubin Ghahramani","Deep learning tools have recently gained much attention in applied machine learning. However such tools for regression and classification do not allow us to capture model uncertainty. Bayesian models offer us the ability to reason about model uncertainty, but usually come with a prohibitive computational cost.   We show that dropout in multilayer perceptron models (MLPs) can be interpreted as a Bayesian approximation. Results are obtained for modelling uncertainty for dropout MLP models - extracting information that has been thrown away so far, from existing models. This mitigates the problem of representing uncertainty in deep learning without sacrificing computational performance or test accuracy.   We perform an exploratory study of the dropout uncertainty properties. Various network architectures and non-linearities are assessed on tasks of extrapolation, interpolation, and classification. We show that model uncertainty is important for classification tasks using MNIST as an example, and use the model's uncertainty in a Bayesian pipeline, with deep reinforcement learning as a concrete example.",arXiv,preprint,2015,cs.LG,https://arxiv.org/abs/1506.02142,v1,2026-06-10,,,lev=0.436; q='machine learning'
B-0097-fn,B,arXiv:1506.02142,Dropout as a Bayesian Approximation: Representing Model Uncertainty in Deep Learning,"Y. Gal, Zoubin Ghahramani","Deep learning tools have gained tremendous attention in applied machine learning. However such tools for regression and classification do not capture model uncertainty. In comparison, Bayesian models offer a mathematically grounded framework to reason about model uncertainty, but usually come with a prohibitive computational cost. In this paper we develop a new theoretical framework casting dropout training in deep neural networks (NNs) as approximate Bayesian inference in deep Gaussian processes. A direct result of this theory gives us tools to model uncertainty with dropout NNs -- extracting information from existing models that has been thrown away so far. This mitigates the problem of representing uncertainty in deep learning without sacrificing either computational complexity or test accuracy. We perform an extensive study of the properties of dropout's uncertainty. Various network architectures and non-linearities are assessed on tasks of regression and classification, using MNIST as an example. We show a considerable improvement in predictive log-likelihood and RMSE compared to existing state-of-the-art methods, and finish by using dropout's uncertainty in deep reinforcement learning.",international conference on machine learning,preprint,2015,cs.LG,https://arxiv.org/abs/1506.02142,final,2026-06-10,,,lev=0.436; q='machine learning'
B-0098-v1,B,arXiv:1511.05263,The use of machine learning algorithms in recommender systems: A systematic review,"I. Portugal, P. Alencar, D. Cowan","Recommender systems use algorithms to provide users product recommendations. Recently, these systems started using machine learning algorithms because of the progress and popularity of the artificial intelligence research field. However, choosing the suitable machine learning algorithm is difficult because of the sheer number of algorithms available in the literature. Researchers and practitioners are left with little information about the best approaches or the trends in algorithms usage. Moreover, the development of a recommender system featuring a machine learning algorithm has problems and open questions that must be evaluated, so software engineers know where to focus research efforts. This work presents a systematic review of the literature that analyzes the use of machine learning algorithms in recommender systems and identifies research opportunities for the software engineering research field. The study concluded that Bayesian and decision tree algorithms are widely used in recommender systems because of their low complexity, and that requirements and design phases of recommender system development must be investigated for research opportunities.",arXiv,preprint,2015,cs.LG,https://arxiv.org/abs/1511.05263,v1,2026-06-10,,,lev=0.208; q='machine learning'
B-0098-fn,B,arXiv:1511.05263,The use of machine learning algorithms in recommender systems: A systematic review,"I. Portugal, P. Alencar, D. Cowan","Recommender systems use algorithms to provide users with product or service recommendations. Recently, these systems have been using machine learning algorithms from the field of artificial intelligence. However, choosing a suitable machine learning algorithm for a recommender system is difficult because of the number of algorithms described in the literature. Researchers and practitioners developing recommender systems are left with little information about the current approaches in algorithm usage. Moreover, the development of a recommender system using a machine learning algorithm often has problems and open questions that must be evaluated, so software engineers know where to focus research efforts. This paper presents a systematic review of the literature that analyzes the use of machine learning algorithms in recommender systems and identifies research opportunities for software engineering research. The study concludes that Bayesian and decision tree algorithms are widely used in recommender systems because of their relative simplicity, and that requirement and design phases of recommender system development appear to offer opportunities for further research.",expert systems with applications,preprint,2015,cs.LG,https://arxiv.org/abs/1511.05263,final,2026-06-10,,,lev=0.208; q='machine learning'
B-0099-v1,B,arXiv:1503.03585,Deep Unsupervised Learning using Nonequilibrium Thermodynamics,"Jascha Narain Sohl-Dickstein, Eric A. Weiss, Niru Maheswaranathan, S. Ganguli","A central unsolved problem in machine learning involves modeling complex data-sets using highly flexible families of probability distributions in which learning, sampling, inference, and evaluation are still analytically or computationally tractable. Previous approaches to this problem are subject to tradeoffs between flexibility and tractability. We develop a promising approach that simultaneously achieves both. The essential idea, inspired by non-equilibrium statistical physics, is to systematically and slowly destroy structure in a data distribution through an iterative forward diffusion process. We then learn a reverse diffusion process that restores structure in data, yielding a highly flexible and tractable generative model of the data. This approach allows us to rapidly learn, sample from, and evaluate probabilities in deep generative models with thousands of layers or time steps.",arXiv,preprint,2015,cs.LG,https://arxiv.org/abs/1503.03585,v1,2026-06-10,,,lev=0.301; q='machine learning'
B-0099-fn,B,arXiv:1503.03585,Deep Unsupervised Learning using Nonequilibrium Thermodynamics,"Jascha Narain Sohl-Dickstein, Eric A. Weiss, Niru Maheswaranathan, S. Ganguli","A central problem in machine learning involves modeling complex data-sets using highly flexible families of probability distributions in which learning, sampling, inference, and evaluation are still analytically or computationally tractable. Here, we develop an approach that simultaneously achieves both flexibility and tractability. The essential idea, inspired by non-equilibrium statistical physics, is to systematically and slowly destroy structure in a data distribution through an iterative forward diffusion process. We then learn a reverse diffusion process that restores structure in data, yielding a highly flexible and tractable generative model of the data. This approach allows us to rapidly learn, sample from, and evaluate probabilities in deep generative models with thousands of layers or time steps, as well as to compute conditional and posterior probabilities under the learned model. We additionally release an open source reference implementation of the algorithm.",international conference on machine learning,preprint,2015,cs.LG,https://arxiv.org/abs/1503.03585,final,2026-06-10,,,lev=0.301; q='machine learning'
B-0100-v1,B,arXiv:1912.03817,Machine Unlearning,"Lucas Bourtoule, Varun Chandrasekaran, Christopher A. Choquette-Choo, Hengrui Jia, Adelin Travers, Baiwu Zhang, D. Lie, Nicolas Papernot","Once users have shared their data online, it is generally difficult for them to revoke access and ask for the data to be deleted. Machine learning (ML) exacerbates this problem because any model trained with said data may have memorized it, putting users at risk of a successful privacy attack exposing their information. Yet, having models unlearn is notoriously difficult. After a data point is removed from a training set, one often resorts to entirely retraining downstream models from scratch. We introduce SISA training, a framework that decreases the number of model parameters affected by an unlearning request and caches intermediate outputs of the training algorithm to limit the number of model updates that need to be computed to have these parameters unlearn. This framework reduces the computational overhead associated with unlearning, even in the worst-case setting where unlearning requests are made uniformly across the training set. In some cases, we may have a prior on the distribution of unlearning requests that will be issued by users. We may take this prior into account to partition and order data accordingly and further decrease overhead from unlearning. Our evaluation spans two datasets from different application domains, with corresponding motivations for unlearning. Under no distributional assumptions, we observe that SISA training improves unlearning for the Purchase dataset by 3.13x, and 1.658x for the SVHN dataset, over retraining from scratch. We also validate how knowledge of the unlearning distribution provides further improvements in retraining time by simulating a scenario where we model unlearning requests that come from users of a commercial product that is available in countries with varying sensitivity to privacy. Our work contributes to practical data governance in machine learning.",arXiv,preprint,2019,cs.LG,https://arxiv.org/abs/1912.03817,v1,2026-06-10,,,lev=0.322; q='machine learning'
B-0100-fn,B,arXiv:1912.03817,Machine Unlearning,"Lucas Bourtoule, Varun Chandrasekaran, Christopher A. Choquette-Choo, Hengrui Jia, Adelin Travers, Baiwu Zhang, D. Lie, Nicolas Papernot","Once users have shared their data online, it is generally difficult for them to revoke access and ask for the data to be deleted. Machine learning (ML) exacerbates this problem because any model trained with said data may have memorized it, putting users at risk of a successful privacy attack exposing their information. Yet, having models unlearn is notoriously difficult.We introduce SISA training, a framework that expedites the unlearning process by strategically limiting the influence of a data point in the training procedure. While our framework is applicable to any learning algorithm, it is designed to achieve the largest improvements for stateful algorithms like stochastic gradient descent for deep neural networks. SISA training reduces the computational overhead associated with unlearning, even in the worst-case setting where unlearning requests are made uniformly across the training set. In some cases, the service provider may have a prior on the distribution of unlearning requests that will be issued by users. We may take this prior into account to partition and order data accordingly, and further decrease overhead from unlearning.Our evaluation spans several datasets from different domains, with corresponding motivations for unlearning. Under no distributional assumptions, for simple learning tasks, we observe that SISA training improves time to unlearn points from the Purchase dataset by 4.63×, and 2.45× for the SVHN dataset, over retraining from scratch. SISA training also provides a speed-up of 1.36× in retraining for complex learning tasks such as ImageNet classification; aided by transfer learning, this results in a small degradation in accuracy. Our work contributes to practical data governance in machine unlearning.",ieee symposium on security and privacy,preprint,2019,cs.LG,https://arxiv.org/abs/1912.03817,final,2026-06-10,,,lev=0.322; q='machine learning'
B-0101-v1,B,arXiv:1804.11326,Supervised learning with quantum-enhanced feature spaces,"Vojtěch Havlíček, A. Córcoles, K. Temme, A. Harrow, A. Kandala, J. Chow, J. Gambetta","Machine learning and quantum computing are two technologies each with the potential for altering how computation is performed to address previously untenable problems. Kernel methods for machine learning are ubiquitous for pattern recognition, with support vector machines (SVMs) being the most well-known method for classification problems. However, there are limitations to the successful solution to such problems when the feature space becomes large, and the kernel functions become computationally expensive to estimate. A core element to computational speed-ups afforded by quantum algorithms is the exploitation of an exponentially large quantum state space through controllable entanglement and interference. Here, we propose and use two novel methods which represent the feature space of a classification problem by a quantum state, taking advantage of the large dimensionality of quantum Hilbert space to obtain an enhanced solution. One method, the quantum variational classifier builds on [1,2] and operates through using a variational quantum circuit to classify a training set in direct analogy to conventional SVMs. In the second, a quantum kernel estimator, we estimate the kernel function and optimize the classifier directly. The two methods present a new class of tools for exploring the applications of noisy intermediate scale quantum computers to machine learning.",arXiv,preprint,2018,cs.LG,https://arxiv.org/abs/1804.11326,v1,2026-06-10,,,lev=0.410; q='machine learning'
B-0101-fn,B,arXiv:1804.11326,Supervised learning with quantum-enhanced feature spaces,"Vojtěch Havlíček, A. Córcoles, K. Temme, A. Harrow, A. Kandala, J. Chow, J. Gambetta","Machine learning and quantum computing are two technologies that each have the potential to alter how computation is performed to address previously untenable problems. Kernel methods for machine learning are ubiquitous in pattern recognition, with support vector machines (SVMs) being the best known method for classification problems. However, there are limitations to the successful solution to such classification problems when the feature space becomes large, and the kernel functions become computationally expensive to estimate. A core element in the computational speed-ups enabled by quantum algorithms is the exploitation of an exponentially large quantum state space through controllable entanglement and interference. Here we propose and experimentally implement two quantum algorithms on a superconducting processor. A key component in both methods is the use of the quantum state space as feature space. The use of a quantum-enhanced feature space that is only efficiently accessible on a quantum computer provides a possible path to quantum advantage. The algorithms solve a problem of supervised learning: the construction of a classifier. One method, the quantum variational classifier, uses a variational quantum circuit1,2 to classify the data in a way similar to the method of conventional SVMs. The other method, a quantum kernel estimator, estimates the kernel function on the quantum computer and optimizes a classical SVM. The two methods provide tools for exploring the applications of noisy intermediate-scale quantum computers3 to machine learning. Two classification algorithms that use the quantum state space to produce feature maps are demonstrated on a superconducting processor, enabling the solution of problems when the feature space is large and the kernel functions are computationally expensive to estimate.",nature,preprint,2018,cs.LG,https://arxiv.org/abs/1804.11326,final,2026-06-10,,,lev=0.410; q='machine learning'
B-0102-v1,B,arXiv:1702.00832,An Introduction to Deep Learning for the Physical Layer,"Tim O'Shea, J. Hoydis","We introduce and motivate machine learning (ML) communications systems that aim to improve on and to even replace the vast expert knowledge in the field of communications using modern machine learning techniques. These have recently achieved breakthroughs in many different domains, but not yet in communications. By interpreting a communications system as an autoencoder, we develop a fundamental new way to think about radio communications system design as an end-to-end reconstruction optimization task that seeks to jointly optimize transmitter and receiver components in a single process. We further present the concept of Radio Transformer Networks (RTNs) as a means to incorporate expert domain knowledge in the ML model and study the application of convolutional neural networks (CNNs) on raw IQ time-series data for modulation classification. We conclude the paper with a deep discussion of open challenges and areas for future investigation.",arXiv,preprint,2017,cs.LG,https://arxiv.org/abs/1702.00832,v1,2026-06-10,,,lev=0.548; q='machine learning'
B-0102-fn,B,arXiv:1702.00832,An Introduction to Deep Learning for the Physical Layer,"Tim O'Shea, J. Hoydis","We present and discuss several novel applications of deep learning for the physical layer. By interpreting a communications system as an autoencoder, we develop a fundamental new way to think about communications system design as an end-to-end reconstruction task that seeks to jointly optimize transmitter and receiver components in a single process. We show how this idea can be extended to networks of multiple transmitters and receivers and present the concept of radio transformer networks as a means to incorporate expert domain knowledge in the machine learning model. Lastly, we demonstrate the application of convolutional neural networks on raw IQ samples for modulation classification which achieves competitive accuracy with respect to traditional schemes relying on expert features. This paper is concluded with a discussion of open challenges and areas for future investigation.",ieee transactions on cognitive communications and networking,preprint,2017,cs.LG,https://arxiv.org/abs/1702.00832,final,2026-06-10,,,lev=0.548; q='machine learning'
B-0103-v1,B,arXiv:1707.08114,A Survey on Multi-Task Learning,"Yu Zhang, Qiang Yang","Multi-Task Learning (MTL) is a learning paradigm in machine learning and its aim is to leverage useful information contained in multiple related tasks to help improve the generalization performance of all the tasks. In this paper, we give a survey for MTL. First, we classify different MTL algorithms into several categories: feature learning approach, low-rank approach, task clustering approach, task relation learning approach, dirty approach, multi-level approach and deep learning approach. In order to compare different approaches, we discuss the characteristics of each approach. In order to improve the performance of learning tasks further, MTL can be combined with other learning paradigms including semi-supervised learning, active learning, reinforcement learning, multi-view learning and graphical models. When the number of tasks is large or the data dimensionality is high, batch MTL models are difficult to handle this situation and online, parallel and distributed MTL models as well as feature hashing are reviewed to reveal the computational and storage advantages. Many real-world applications use MTL to boost their performance and we introduce some representative works. Finally, we present theoretical analyses and discuss several future directions for MTL.",arXiv,preprint,2017,cs.LG,https://arxiv.org/abs/1707.08114,v1,2026-06-10,,,lev=0.275; q='machine learning'
B-0103-fn,B,arXiv:1707.08114,A Survey on Multi-Task Learning,"Yu Zhang, Qiang Yang","Multi-Task Learning (MTL) is a learning paradigm in machine learning and its aim is to leverage useful information contained in multiple related tasks to help improve the generalization performance of all the tasks. In this paper, we give a survey for MTL from the perspective of algorithmic modeling, applications and theoretical analyses. For algorithmic modeling, we give a definition of MTL and then classify different MTL algorithms into five categories, including feature learning approach, low-rank approach, task clustering approach, task relation learning approach and decomposition approach as well as discussing the characteristics of each approach. In order to improve the performance of learning tasks further, MTL can be combined with other learning paradigms including semi-supervised learning, active learning, unsupervised learning, reinforcement learning, multi-view learning and graphical models. When the number of tasks is large or the data dimensionality is high, we review online, parallel and distributed MTL models as well as dimensionality reduction and feature hashing to reveal their computational and storage advantages. Many real-world applications use MTL to boost their performance and we review representative works in this paper. Finally, we present theoretical analyses and discuss several future directions for MTL.",ieee transactions on knowledge and data engineering,preprint,2017,cs.LG,https://arxiv.org/abs/1707.08114,final,2026-06-10,,,lev=0.275; q='machine learning'
B-0104-v1,B,arXiv:1907.09693,"A Survey on Federated Learning Systems: Vision, Hype and Reality for Data Privacy and Protection","Q. Li, Zeyi Wen, Zhaomin Wu, Bingsheng He","Federated learning systems enable the collaborative training of machine learning models among different organizations under the privacy restrictions. As researchers try to support more machine learning models with different privacy-preserving approaches, current federated learning systems face challenges from various issues such as unpractical system assumptions, scalability and efficiency. Inspired by federated systems in other fields such as databases and cloud computing, we investigate the characteristics of federated learning systems. We find that two important features for other federated systems, i.e., heterogeneity and autonomy, are rarely considered in the existing federated learning systems. Moreover, we provide a thorough categorization for federated learning systems according to four different aspects, including data partition, model, privacy level, and communication architecture. Lastly, we take a systematic comparison among the existing federated learning systems and present future research opportunities and directions.",arXiv,preprint,2019,cs.LG,https://arxiv.org/abs/1907.09693,v1,2026-06-10,,,lev=0.511; q='machine learning'
B-0104-fn,B,arXiv:1907.09693,"A Survey on Federated Learning Systems: Vision, Hype and Reality for Data Privacy and Protection","Q. Li, Zeyi Wen, Zhaomin Wu, Bingsheng He","As data privacy increasingly becomes a critical societal concern, federated learning has been a hot research topic in enabling the collaborative training of machine learning models among different organizations under the privacy restrictions. As researchers try to support more machine learning models with different privacy-preserving approaches, there is a requirement in developing systems and infrastructures to ease the development of various federated learning algorithms. Similar to deep learning systems such as PyTorch and TensorFlow that boost the development of deep learning, federated learning systems (FLSs) are equivalently important, and face challenges from various aspects such as effectiveness, efficiency, and privacy. In this survey, we conduct a comprehensive review on federated learning systems. To understand the key design system components and guide future research, we introduce the definition of federated learning systems and analyze the system components. Moreover, we provide a thorough categorization for federated learning systems according to six different aspects, including data distribution, machine learning model, privacy mechanism, communication architecture, scale of federation and motivation of federation. The categorization can help the design of federated learning systems as shown in our case studies. By systematically summarizing the existing federated learning systems, we present the design factors, case studies, and future research opportunities.",ieee transactions on knowledge and data engineering,preprint,2019,cs.LG,https://arxiv.org/abs/1907.09693,final,2026-06-10,,,lev=0.511; q='machine learning'
B-0105-v1,B,arXiv:1711.03985,Applications of Deep Learning and Reinforcement Learning to Biological Data,"M. Mahmud, M. S. Kaiser, A. Hussain, S. Vassanelli","Rapid advancement in the hardware based technologies over past decades opened up new possibilities for Biological and Life scientists to gather multimodal data from various application domains (e.g., Omics, Bioimaging, Medical Imaging, and [Brain/Body]-Machine Interfaces). Novel data intensive machine learning techniques are required to decipher these data. Recent research in Deep learning (DL), Reinforcement learning (RL), and their combination (Deep RL) promise to revolutionize Artificial Intelligence. Increasing computational power, faster data storage devices, and declining computing costs allowed scientists to apply these techniques on such enormous and complex datasets which otherwise would not have been possible. This review article provides a comprehensive survey of the applications of DL, RL, and Deep RL techniques in mining Biological data coming from various application domains. In addition, the performances of DL techniques when applied to different datasets pertaining to the various application domains have been compared. Finally, it outlines some open issues on this challenging research area and postulates possible future perspectives.",arXiv,preprint,2017,cs.LG,https://arxiv.org/abs/1711.03985,v1,2026-06-10,,,lev=0.377; q='machine learning'
B-0105-fn,B,arXiv:1711.03985,Applications of Deep Learning and Reinforcement Learning to Biological Data,"M. Mahmud, M. S. Kaiser, A. Hussain, S. Vassanelli","Rapid advances in hardware-based technologies during the past decades have opened up new possibilities for life scientists to gather multimodal data in various application domains, such as omics, bioimaging, medical imaging, and (brain/body)–machine interfaces. These have generated novel opportunities for development of dedicated data-intensive machine learning techniques. In particular, recent research in deep learning (DL), reinforcement learning (RL), and their combination (deep RL) promise to revolutionize the future of artificial intelligence. The growth in computational power accompanied by faster and increased data storage, and declining computing costs have already allowed scientists in various fields to apply these techniques on data sets that were previously intractable owing to their size and complexity. This paper provides a comprehensive survey on the application of DL, RL, and deep RL techniques in mining biological data. In addition, we compare the performances of DL techniques when applied to different data sets across various application domains. Finally, we outline open issues in this challenging research area and discuss future development perspectives.",ieee transactions on neural networks and learning systems,preprint,2017,cs.LG,https://arxiv.org/abs/1711.03985,final,2026-06-10,,,lev=0.377; q='machine learning'
B-0106-v1,B,arXiv:1004.2316,Asymptotic Equivalence of Bayes Cross Validation and Widely Applicable Information Criterion in Singular Learning Theory,Sumio Watanabe,"In regular statistical models, it is well known that the cross validation leaving one out is asymptotically equivalent to Akaike information criterion. However, a lot of learning machines are singular statistical models, resulting that the asymptotic behavior of the cross validation has been left unknown. In previous papers, we established singular learning theory and proposed a widely applicable information criterion whose expectation value is asymptotically equal to the average Bayes generalization loss. In this paper, we theoretically compare the Bayes cross validation loss and the widely applicable information criterion and prove two theorems. Firstly, the Bayes cross validation loss is asymptotically equivalent to the widely applicable information criterion. Therefore, model selection and hyperparameter optimization using these two values are asymptotically equivalent to each other. Secondly, the sum of the Bayes generalization error and the Bayes cross validation error is asymptotically equal to $2λ/n$, where $λ$ is the log canonical threshold and $n$ is the number of training samples. This fact shows that the relation between the cross validation error and the generalization error is determined by the algebraic geometrical structure of a learning machine.",arXiv,preprint,2010,cs.LG,https://arxiv.org/abs/1004.2316,v1,2026-06-10,,,lev=0.234; q='machine learning'
B-0106-fn,B,arXiv:1004.2316,Asymptotic Equivalence of Bayes Cross Validation and Widely Applicable Information Criterion in Singular Learning Theory,Sumio Watanabe,"In regular statistical models, the leave-one-out cross-validation is asymptotically equivalent to the Akaike information criterion. However, since many learning machines are singular statistical models, the asymptotic behavior of the cross-validation remains unknown. In previous studies, we established the singular learning theory and proposed a widely applicable information criterion, the expectation value of which is asymptotically equal to the average Bayes generalization loss. In the present paper, we theoretically compare the Bayes cross-validation loss and the widely applicable information criterion and prove two theorems. First, the Bayes cross-validation loss is asymptotically equivalent to the widely applicable information criterion as a random variable. Therefore, model selection and hyperparameter optimization using these two values are asymptotically equivalent. Second, the sum of the Bayes generalization error and the Bayes cross-validation error is asymptotically equal to 2λ/n, where λ is the real log canonical threshold and n is the number of training samples. Therefore the relation between the cross-validation error and the generalization error is determined by the algebraic geometrical structure of a learning machine. We also clarify that the deviance information criteria are different from the Bayes cross-validation and the widely applicable information criterion.",journal of machine learning research,preprint,2010,cs.LG,https://arxiv.org/abs/1004.2316,final,2026-06-10,,,lev=0.234; q='machine learning'
B-0107-v1,B,arXiv:1402.4735,Searching for exotic particles in high-energy physics with deep learning,"P. Baldi, Peter Sadowski, D. Whiteson","Collisions at high-energy particle colliders are a traditionally fruitful source of exotic particle discoveries. Finding these rare exotic particles requires solving difficult signal-versus-background classification problems, hence machine learning approaches are often used for this task. Standard approaches in the past have relied on `shallow' machine learning models that have a limited capacity to learn complex non-linear functions of the inputs, and rely on a pain-staking search through manually constructed non-linear inputs. Progress on this problem has slowed, as a variety of techniques (neural networks, boosted decision trees, support vector machines) have shown equivalent performance. Recent advances in the field of deep learning, particularly with artificial neural networks, make it possible to learn more complex functions and better discriminate between signal and background classes. Using benchmark datasets, we show that deep learning methods need no manually constructed inputs and yet improve the AUC (Area Under the ROC Curve) classification metric by as much as $8\%$ over the best current approaches. This is a large relative improvement and demonstrates that deep learning approaches can improve the power of collider searches for exotic particles.",arXiv,preprint,2014,cs.LG,https://arxiv.org/abs/1402.4735,v1,2026-06-10,,,lev=0.364; q='machine learning'
B-0107-fn,B,arXiv:1402.4735,Searching for exotic particles in high-energy physics with deep learning,"P. Baldi, Peter Sadowski, D. Whiteson","Collisions at high-energy particle colliders are a traditionally fruitful source of exotic particle discoveries. Finding these rare particles requires solving difficult signal-versus-background classification problems, hence machine-learning approaches are often used. Standard approaches have relied on ‘shallow’ machine-learning models that have a limited capacity to learn complex nonlinear functions of the inputs, and rely on a painstaking search through manually constructed nonlinear features. Progress on this problem has slowed, as a variety of techniques have shown equivalent performance. Recent advances in the field of deep learning make it possible to learn more complex functions and better discriminate between signal and background classes. Here, using benchmark data sets, we show that deep-learning methods need no manually constructed inputs and yet improve the classification metric by as much as 8% over the best current approaches. This demonstrates that deep-learning approaches can improve the power of collider searches for exotic particles. High-energy particle colliders are important for finding new particles, but huge volumes of data must be searched through to locate them. Here, the authors show the use of deep-learning methods on benchmark data sets as an approach to improving such new particle searches.",nature communications,preprint,2014,cs.LG,https://arxiv.org/abs/1402.4735,final,2026-06-10,,,lev=0.364; q='machine learning'
B-0108-v1,B,arXiv:1610.09555,TensorLy: Tensor Learning in Python,"Jean Kossaifi, Yannis Panagakis, M. Pantic","Tensor methods are gaining increasing traction in machine learning. However, there are scant to no resources available to perform tensor learning and decomposition in Python. To answer this need we developed TensorLy. TensorLy is a state of the art general purpose library for tensor learning. Written in Python, it aims at following the same standards adopted by the main projects of the Python scientific community and fully integrating with these. It allows for fast and straightforward tensor decomposition and learning and comes with exhaustive tests, thorough documentation and minimal dependencies. It can be easily extended and its BSD licence makes it suitable for both academic and commercial applications. TensorLy is available at https://github.com/tensorly/tensorly",arXiv,preprint,2016,cs.LG,https://arxiv.org/abs/1610.09555,v1,2026-06-10,,,lev=0.570; q='machine learning'
B-0108-fn,B,arXiv:1610.09555,TensorLy: Tensor Learning in Python,"Jean Kossaifi, Yannis Panagakis, M. Pantic","Tensors are higher-order extensions of matrices. While matrix methods form the cornerstone of traditional machine learning and data analysis, tensor methods have been gaining increasing traction. However, software support for tensor operations is not on the same footing. In order to bridge this gap, we have developed TensorLy, a Python library that provides a high-level API for tensor methods and deep tensorized neural networks. TensorLy aims to follow the same standards adopted by the main projects of the Python scientific community, and to seamlessly integrate with them. Its BSD license makes it suitable for both academic and commercial applications. TensorLy's backend system allows users to perform computations with several libraries such as NumPy or PyTorch to name but a few. They can be scaled on multiple CPU or GPU machines. In addition, using the deep-learning frameworks as backend allows to easily design and train deep tensorized neural networks. TensorLy is available at https://github.com/tensorly/tensorly",journal of machine learning research,preprint,2016,cs.LG,https://arxiv.org/abs/1610.09555,final,2026-06-10,,,lev=0.570; q='machine learning'
B-0109-v1,B,arXiv:1506.06112,The Extreme Value Machine,"Ethan M. Rudd, Lalit P. Jain, W. Scheirer, T. Boult","This paper provides a novel characterization of the max-margin distribution in input space. The use of the statistical Extreme Value Theory (EVT) is introduced for modeling margin distances, allowing us to derive a scalable non-linear model called the Extreme Value Machine (EVM). Without the need for a kernel, the EVM leverages a margin model to estimate the probability of sample inclusion in each class. The EVM selects a near-optimal subset of the training vectors to optimize the gain in terms of points covered versus parameters used. We show that the problem reduces to the NP-hard Set Cover problem which has a provable polynomial time approximation. The resulting machine has comparable closed set accuracy (i.e., when all testing classes are known at training time) to optimized RBF SVMs and exhibits far superior performance in open set recognition (i.e., when unknown classes exist at testing time). In open set recognition performance, the EVM is more accurate and more scalable than the state of the art.",arXiv,preprint,2015,cs.LG,https://arxiv.org/abs/1506.06112,v1,2026-06-10,,,lev=0.717; q='machine learning'
B-0109-fn,B,arXiv:1506.06112,The Extreme Value Machine,"Ethan M. Rudd, Lalit P. Jain, W. Scheirer, T. Boult","It is often desirable to be able to recognize when inputs to a recognition function learned in a supervised manner correspond to classes unseen at training time. With this ability, new class labels could be assigned to these inputs by a human operator, allowing them to be incorporated into the recognition function—ideally under an efficient incremental update mechanism. While good algorithms that assume inputs from a fixed set of classes exist, e.g. , artificial neural networks and kernel machines, it is not immediately obvious how to extend them to perform incremental learning in the presence of unknown query classes. Existing algorithms take little to no distributional information into account when learning recognition functions and lack a strong theoretical foundation. We address this gap by formulating a novel, theoretically sound classifier—the Extreme Value Machine (EVM). The EVM has a well-grounded interpretation derived from statistical Extreme Value Theory (EVT), and is the first classifier to be able to perform nonlinear kernel-free variable bandwidth incremental learning. Compared to other classifiers in the same deep network derived feature space, the EVM is accurate and efficient on an established benchmark partition of the ImageNet dataset.",ieee transactions on pattern analysis and machine intelligence,preprint,2015,cs.LG,https://arxiv.org/abs/1506.06112,final,2026-06-10,,,lev=0.717; q='machine learning'
B-0110-v1,B,arXiv:1612.00796,Overcoming catastrophic forgetting in neural networks,"J. Kirkpatrick, Razvan Pascanu, Neil C. Rabinowitz, J. Veness, Guillaume Desjardins, Andrei A. Rusu, Kieran Milan, John Quan, Tiago Ramalho, A. Grabska-Barwinska, D. Hassabis, C. Clopath, D. Kumaran, R. Hadsell","The ability to learn tasks in a sequential fashion is crucial to the development of artificial intelligence. Neural networks are not, in general, capable of this and it has been widely thought that catastrophic forgetting is an inevitable feature of connectionist models. We show that it is possible to overcome this limitation and train networks that can maintain expertise on tasks which they have not experienced for a long time. Our approach remembers old tasks by selectively slowing down learning on the weights important for those tasks. We demonstrate our approach is scalable and effective by solving a set of classification tasks based on the MNIST hand written digit dataset and by learning several Atari 2600 games sequentially.",arXiv,preprint,2016,cs.LG,https://arxiv.org/abs/1612.00796,v1,2026-06-10,,,lev=0.483; q='machine learning'
B-0110-fn,B,arXiv:1612.00796,Overcoming catastrophic forgetting in neural networks,"J. Kirkpatrick, Razvan Pascanu, Neil C. Rabinowitz, J. Veness, Guillaume Desjardins, Andrei A. Rusu, Kieran Milan, John Quan, Tiago Ramalho, A. Grabska-Barwinska, D. Hassabis, C. Clopath, D. Kumaran, R. Hadsell","Significance Deep neural networks are currently the most successful machine-learning technique for solving a variety of tasks, including language translation, image classification, and image generation. One weakness of such models is that, unlike humans, they are unable to learn multiple tasks sequentially. In this work we propose a practical solution to train such models sequentially by protecting the weights important for previous tasks. This approach, inspired by synaptic consolidation in neuroscience, enables state of the art results on multiple reinforcement learning problems experienced sequentially. The ability to learn tasks in a sequential fashion is crucial to the development of artificial intelligence. Until now neural networks have not been capable of this and it has been widely thought that catastrophic forgetting is an inevitable feature of connectionist models. We show that it is possible to overcome this limitation and train networks that can maintain expertise on tasks that they have not experienced for a long time. Our approach remembers old tasks by selectively slowing down learning on the weights important for those tasks. We demonstrate our approach is scalable and effective by solving a set of classification tasks based on a hand-written digit dataset and by learning several Atari 2600 games sequentially.",proceedings of the national academy of sciences of the united states of america,preprint,2016,cs.LG,https://arxiv.org/abs/1612.00796,final,2026-06-10,,,lev=0.483; q='machine learning'
B-0111-v1,B,arXiv:1704.05426,A Broad-Coverage Challenge Corpus for Sentence Understanding through Inference,"Adina Williams, Nikita Nangia, Samuel R. Bowman","This paper introduces the Multi-Genre Natural Language Inference (MultiNLI) corpus, a dataset designed for use in the development and evaluation of machine learning models for sentence understanding. In addition to being one of the largest corpora available for the task of NLI, at 433k examples, this corpus improves upon available resources in its coverage: it offers data from ten distinct genres of written and spoken English--making it possible to evaluate systems on nearly the full complexity of the language--and it offers an explicit setting for the evaluation of cross-genre domain adaptation.",arXiv,preprint,2017,cs.LG,https://arxiv.org/abs/1704.05426,v1,2026-06-10,,,lev=0.438; q='machine learning'
B-0111-fn,B,arXiv:1704.05426,A Broad-Coverage Challenge Corpus for Sentence Understanding through Inference,"Adina Williams, Nikita Nangia, Samuel R. Bowman","This paper introduces the Multi-Genre Natural Language Inference (MultiNLI) corpus, a dataset designed for use in the development and evaluation of machine learning models for sentence understanding. At 433k examples, this resource is one of the largest corpora available for natural language inference (a.k.a. recognizing textual entailment), improving upon available resources in both its coverage and difficulty. MultiNLI accomplishes this by offering data from ten distinct genres of written and spoken English, making it possible to evaluate systems on nearly the full complexity of the language, while supplying an explicit setting for evaluating cross-genre domain adaptation. In addition, an evaluation using existing machine learning models designed for the Stanford NLI corpus shows that it represents a substantially more difficult task than does that corpus, despite the two showing similar levels of inter-annotator agreement.",north american chapter of the association for computational linguistics,preprint,2017,cs.LG,https://arxiv.org/abs/1704.05426,final,2026-06-10,,,lev=0.438; q='machine learning'
B-0112-v1,B,arXiv:1703.04730,Understanding Black-box Predictions via Influence Functions,"Pang Wei Koh, Percy Liang","How can we explain the predictions of a black-box model? In this paper, we use influence functions -- a classic technique from robust statistics -- to trace a model's prediction through the learning algorithm and back to its training data, identifying the points most responsible for a given prediction. Applying ideas from second-order optimization, we scale up influence functions to modern machine learning settings and show that they can be applied to high-dimensional black-box models, even in non-convex and non-differentiable settings. We give a simple, efficient implementation that requires only oracle access to gradients and Hessian-vector products. On linear models and convolutional neural networks, we demonstrate that influence functions are useful for many different purposes: to understand model behavior, debug models and detect dataset errors, and even identify and exploit vulnerabilities to adversarial training-set attacks.",arXiv,preprint,2017,cs.LG,https://arxiv.org/abs/1703.04730,v1,2026-06-10,,,lev=0.359; q='machine learning'
B-0112-fn,B,arXiv:1703.04730,Understanding Black-box Predictions via Influence Functions,"Pang Wei Koh, Percy Liang","How can we explain the predictions of a black-box model? In this paper, we use influence functions — a classic technique from robust statistics — to trace a model's prediction through the learning algorithm and back to its training data, thereby identifying training points most responsible for a given prediction. To scale up influence functions to modern machine learning settings, we develop a simple, efficient implementation that requires only oracle access to gradients and Hessian-vector products. We show that even on non-convex and non-differentiable models where the theory breaks down, approximations to influence functions can still provide valuable information. On linear models and convolutional neural networks, we demonstrate that influence functions are useful for multiple purposes: understanding model behavior, debugging models, detecting dataset errors, and even creating visually-indistinguishable training-set attacks.",international conference on machine learning,preprint,2017,cs.LG,https://arxiv.org/abs/1703.04730,final,2026-06-10,,,lev=0.359; q='machine learning'
B-0113-v1,B,arXiv:1606.03490,The mythos of model interpretability,Zachary Chase Lipton,"Supervised machine learning models boast remarkable predictive capabilities. But can you trust your model? Will it work in deployment? What else can it tell you about the world? We want models to be not only good, but interpretable. And yet the task of interpretation appears underspecified. Papers provide diverse and sometimes non-overlapping motivations for interpretability, and offer myriad notions of what attributes render models interpretable. Despite this ambiguity, many papers proclaim interpretability axiomatically, absent further explanation. In this paper, we seek to refine the discourse on interpretability. First, we examine the motivations underlying interest in interpretability, finding them to be diverse and occasionally discordant. Then, we address model properties and techniques thought to confer interpretability, identifying transparency to humans and post-hoc explanations as competing notions. Throughout, we discuss the feasibility and desirability of different notions, and question the oft-made assertions that linear models are interpretable and that deep neural networks are not.",arXiv,preprint,2016,cs.LG,https://arxiv.org/abs/1606.03490,v1,2026-06-10,,,lev=0.927; q='machine learning'
B-0113-fn,B,arXiv:1606.03490,The mythos of model interpretability,Zachary Chase Lipton,"In machine learning, the concept of interpretability is both important and slippery.",queue,preprint,2016,cs.LG,https://arxiv.org/abs/1606.03490,final,2026-06-10,,,lev=0.927; q='machine learning'
B-0114-v1,B,arXiv:1803.10417,"The HAM10000 dataset, a large collection of multi-source dermatoscopic images of common pigmented skin lesions","P. Tschandl, C. Rosendahl, H. Kittler","Training of neural networks for automated diagnosis of pigmented skin lesions is hampered by the small size and lack of diversity of available datasets of dermatoscopic images. We tackle this problem by releasing the HAM10000 (""Human Against Machine with 10000 training images"") dataset. We collected dermatoscopic images from different populations acquired and stored by different modalities. Given this diversity we had to apply different acquisition and cleaning methods and developed semi-automatic workflows utilizing specifically trained neural networks. The final dataset consists of 11788 dermatoscopic images, of which 10010 will be released as a training set for academic machine learning purposes and will be publicly available through the ISIC archive. This benchmark dataset can be used for machine learning and for comparisons with human experts. Cases include a representative collection of all important diagnostic categories in the realm of pigmented lesions. More than 50% of lesions have been confirmed by pathology, the ground truth for the rest of the cases was either follow-up, expert consensus, or confirmation by in-vivo confocal microscopy.",arXiv,preprint,2018,cs.LG,https://arxiv.org/abs/1803.10417,v1,2026-06-10,,,lev=0.402; q='machine learning'
B-0114-fn,B,arXiv:1803.10417,"The HAM10000 dataset, a large collection of multi-source dermatoscopic images of common pigmented skin lesions","P. Tschandl, C. Rosendahl, H. Kittler","Training of neural networks for automated diagnosis of pigmented skin lesions is hampered by the small size and lack of diversity of available datasets of dermatoscopic images. We tackle this problem by releasing the HAM10000 (“Human Against Machine with 10000 training images”) dataset. We collected dermatoscopic images from different populations acquired and stored by different modalities. Given this diversity we had to apply different acquisition and cleaning methods and developed semi-automatic workflows utilizing specifically trained neural networks. The final dataset consists of 10015 dermatoscopic images which are released as a training set for academic machine learning purposes and are publicly available through the ISIC archive. This benchmark dataset can be used for machine learning and for comparisons with human experts. Cases include a representative collection of all important diagnostic categories in the realm of pigmented lesions. More than 50% of lesions have been confirmed by pathology, while the ground truth for the rest of the cases was either follow-up, expert consensus, or confirmation by in-vivo confocal microscopy. Design Type(s) database creation objective • data integration objective • image format conversion objective Measurement Type(s) skin lesions Technology Type(s) digital curation Factor Type(s) diagnosis • Diagnostic Procedure • age • biological sex • animal body part Sample Characteristic(s) Homo sapiens • skin of body Design Type(s) database creation objective • data integration objective • image format conversion objective Measurement Type(s) skin lesions Technology Type(s) digital curation Factor Type(s) diagnosis • Diagnostic Procedure • age • biological sex • animal body part Sample Characteristic(s) Homo sapiens • skin of body Machine-accessible metadata file describing the reported data (ISA-Tab format)",scientific data,preprint,2018,cs.LG,https://arxiv.org/abs/1803.10417,final,2026-06-10,,,lev=0.402; q='machine learning'
B-0115-v1,B,arXiv:1603.06560,Hyperband: A Novel Bandit-Based Approach to Hyperparameter Optimization,"Lisha Li, Kevin G. Jamieson, Giulia DeSalvo, A. Rostamizadeh, Ameet Talwalkar","Performance of machine learning algorithms depends critically on identifying a good set of hyperparameters. While current methods offer efficiencies by adaptively choosing new configurations to train, an alternative strategy is to adaptively allocate resources across the selected configurations. We formulate hyperparameter optimization as a pure-exploration non-stochastic infinitely many armed bandit problem where allocation of additional resources to an arm corresponds to training a configuration on larger subsets of the data. We introduce Hyperband for this framework and analyze its theoretical properties, providing several desirable guarantees. We compare Hyperband with state-of-the-art Bayesian optimization methods and a random search baseline on a comprehensive benchmark including 117 datasets. Our results on this benchmark demonstrate that while Bayesian optimization methods do not outperform random search trained for twice as long, Hyperband in favorable settings offers valuable speedups.",arXiv,preprint,2016,cs.LG,https://arxiv.org/abs/1603.06560,v1,2026-06-10,,,lev=0.468; q='machine learning'
B-0115-fn,B,arXiv:1603.06560,Hyperband: A Novel Bandit-Based Approach to Hyperparameter Optimization,"Lisha Li, Kevin G. Jamieson, Giulia DeSalvo, A. Rostamizadeh, Ameet Talwalkar","Performance of machine learning algorithms depends critically on identifying a good set of hyperparameters. While recent approaches use Bayesian optimization to adaptively select configurations, we focus on speeding up random search through adaptive resource allocation and early-stopping. We formulate hyperparameter optimization as a pure-exploration non-stochastic infinite-armed bandit problem where a predefined resource like iterations, data samples, or features is allocated to randomly sampled configurations. We introduce a novel algorithm, Hyperband, for this framework and analyze its theoretical properties, providing several desirable guarantees. Furthermore, we compare Hyperband with popular Bayesian optimization methods on a suite of hyperparameter optimization problems. We observe that Hyperband can provide over an order-of-magnitude speedup over our competitor set on a variety of deep-learning and kernel-based learning problems.",journal of machine learning research,preprint,2016,cs.LG,https://arxiv.org/abs/1603.06560,final,2026-06-10,,,lev=0.468; q='machine learning'
B-0116-v1,B,arXiv:1606.02318,Solving the quantum many-body problem with artificial neural networks,"Giuseppe Carleo, M. Troyer","The challenge posed by the many-body problem in quantum physics originates from the difficulty of describing the non-trivial correlations encoded in the exponential complexity of the many-body wave function. Here we demonstrate that systematic machine learning of the wave function can reduce this complexity to a tractable computational form, for some notable cases of physical interest. We introduce a variational representation of quantum states based on artificial neural networks with variable number of hidden neurons. A reinforcement-learning scheme is then demonstrated, capable of either finding the ground-state or describing the unitary time evolution of complex interacting quantum systems. We show that this approach achieves very high accuracy in the description of equilibrium and dynamical properties of prototypical interacting spins models in both one and two dimensions, thus offering a new powerful tool to solve the quantum many-body problem.",arXiv,preprint,2016,cs.LG,https://arxiv.org/abs/1606.02318,v1,2026-06-10,,,lev=0.600; q='machine learning'
B-0116-fn,B,arXiv:1606.02318,Solving the quantum many-body problem with artificial neural networks,"Giuseppe Carleo, M. Troyer","Machine learning and quantum physics Elucidating the behavior of quantum interacting systems of many particles remains one of the biggest challenges in physics. Traditional numerical methods often work well, but some of the most interesting problems leave them stumped. Carleo and Troyer harnessed the power of machine learning to develop a variational approach to the quantum many-body problem (see the Perspective by Hush). The method performed at least as well as state-of-the-art approaches, setting a benchmark for a prototypical two-dimensional problem. With further development, it may well prove a valuable piece in the quantum toolbox. Science, this issue p. 602; see also p. 580 A machine-learning approach sets a computational benchmark for a prototypical two-dimensional problem. The challenge posed by the many-body problem in quantum physics originates from the difficulty of describing the nontrivial correlations encoded in the exponential complexity of the many-body wave function. Here we demonstrate that systematic machine learning of the wave function can reduce this complexity to a tractable computational form for some notable cases of physical interest. We introduce a variational representation of quantum states based on artificial neural networks with a variable number of hidden neurons. A reinforcement-learning scheme we demonstrate is capable of both finding the ground state and describing the unitary time evolution of complex interacting quantum systems. Our approach achieves high accuracy in describing prototypical interacting spins models in one and two dimensions.",science,preprint,2016,cs.LG,https://arxiv.org/abs/1606.02318,final,2026-06-10,,,lev=0.600; q='machine learning'
B-0117-v1,B,arXiv:1904.05046,Generalizing from a Few Examples,"Yaqing Wang, Quanming Yao, J. Kwok, L. Ni","The quest of `can machines think' and `can machines do what human do' are quests that drive the development of artificial intelligence. Although recent artificial intelligence succeeds in many data intensive applications, it still lacks the ability of learning from limited exemplars and fast generalizing to new tasks. To tackle this problem, one has to turn to machine learning, which supports the scientific study of artificial intelligence. Particularly, a machine learning problem called Few-Shot Learning (FSL) targets at this case. It can rapidly generalize to new tasks of limited supervised experience by turning to prior knowledge, which mimics human's ability to acquire knowledge from few examples through generalization and analogy. It has been seen as a test-bed for real artificial intelligence, a way to reduce laborious data gathering and computationally costly training, and antidote for rare cases learning. With extensive works on FSL emerging, we give a comprehensive survey for it. We first give the formal definition for FSL. Then we point out the core issues of FSL, which turns the problem from ""how to solve FSL"" to ""how to deal with the core issues"". Accordingly, existing works from the birth of FSL to the most recent published ones are categorized in a unified taxonomy, with thorough discussion of the pros and cons for different categories. Finally, we envision possible future directions for FSL in terms of problem setup, techniques, applications and theory, hoping to provide insights to both beginners and experienced researchers.",arXiv,preprint,2019,cs.LG,https://arxiv.org/abs/1904.05046,v1,2026-06-10,,,lev=0.682; q='machine learning'
B-0117-fn,B,arXiv:1904.05046,Generalizing from a Few Examples,"Yaqing Wang, Quanming Yao, J. Kwok, L. Ni","Machine learning has been highly successful in data-intensive applications but is often hampered when the data set is small. Recently, Few-shot Learning (FSL) is proposed to tackle this problem. Using prior knowledge, FSL can rapidly generalize to new tasks containing only a few samples with supervised information. In this article, we conduct a thorough survey to fully understand FSL. Starting from a formal definition of FSL, we distinguish FSL from several relevant machine learning problems. We then point out that the core issue in FSL is that the empirical risk minimizer is unreliable. Based on how prior knowledge can be used to handle this core issue, we categorize FSL methods from three perspectives: (i) data, which uses prior knowledge to augment the supervised experience; (ii) model, which uses prior knowledge to reduce the size of the hypothesis space; and (iii) algorithm, which uses prior knowledge to alter the search for the best hypothesis in the given hypothesis space. With this taxonomy, we review and discuss the pros and cons of each category. Promising directions, in the aspects of the FSL problem setups, techniques, applications, and theories, are also proposed to provide insights for future research.1",acm computing surveys,preprint,2019,cs.LG,https://arxiv.org/abs/1904.05046,final,2026-06-10,,,lev=0.682; q='machine learning'
B-0118-v1,B,arXiv:1312.6211,An Empirical Investigation of Catastrophic Forgeting in Gradient-Based Neural Networks,"I. Goodfellow, Mehdi Mirza, Xia Da, Aaron C. Courville, Yoshua Bengio","Catastrophic forgetting is a problem faced by many machine learning models and algorithms. When trained on one task, then trained on a second task, many machine learning models ""forget'' how to perform the first task. This is widely believed to be a serious problem for neural networks. Here, we investigate the extent to which the catastrophic forgetting problem occurs for modern neural networks, comparing both established and recent gradient-based training algorithms and activation functions. We also examine the effect of the relationship between the first task and the second task on catastrophic forgetting.",arXiv,preprint,2013,cs.LG,https://arxiv.org/abs/1312.6211,v1,2026-06-10,,,lev=0.419; q='machine learning'
B-0118-fn,B,arXiv:1312.6211,An Empirical Investigation of Catastrophic Forgeting in Gradient-Based Neural Networks,"I. Goodfellow, Mehdi Mirza, Xia Da, Aaron C. Courville, Yoshua Bengio","Catastrophic forgetting is a problem faced by many machine learning models and algorithms. When trained on one task, then trained on a second task, many machine learning models ""forget"" how to perform the first task. This is widely believed to be a serious problem for neural networks. Here, we investigate the extent to which the catastrophic forgetting problem occurs for modern neural networks, comparing both established and recent gradient-based training algorithms and activation functions. We also examine the effect of the relationship between the first task and the second task on catastrophic forgetting. We find that it is always best to train using the dropout algorithm--the dropout algorithm is consistently best at adapting to the new task, remembering the old task, and has the best tradeoff curve between these two extremes. We find that different tasks and relationships between tasks result in very different rankings of activation function performance. This suggests the choice of activation function should always be cross-validated.",international conference on learning representations,preprint,2013,cs.LG,https://arxiv.org/abs/1312.6211,final,2026-06-10,,,lev=0.419; q='machine learning'
B-0119-v1,B,arXiv:1907.07374,A Survey on Explainable Artificial Intelligence (XAI): Toward Medical XAI,"Erico Tjoa, Cuntai Guan","Recently, artificial intelligence, especially machine learning has demonstrated remarkable performances in many tasks, from image processing to natural language processing, especially with the advent of deep learning. Along with research progress, machine learning has encroached into many different fields and disciplines. Some of them, such as the medical field, require high level of accountability, and thus transparency, which means we need to be able to explain machine decisions, predictions and justify their reliability. This requires greater interpretability, which often means we need to understand the mechanism underlying the algorithms. Unfortunately, the black-box nature of the deep learning is still unresolved, and many machine decisions are still poorly understood. We provide a review on interpretabilities suggested by different research works and categorize them, with the intention of providing alternative perspective that is hopefully more tractable for future adoption of interpretability standard. We explore further into interpretability in the medical field, illustrating the complexity of interpretability issue.",arXiv,preprint,2019,cs.LG,https://arxiv.org/abs/1907.07374,v1,2026-06-10,,,lev=0.394; q='machine learning'
B-0119-fn,B,arXiv:1907.07374,A Survey on Explainable Artificial Intelligence (XAI): Toward Medical XAI,"Erico Tjoa, Cuntai Guan","Recently, artificial intelligence and machine learning in general have demonstrated remarkable performances in many tasks, from image processing to natural language processing, especially with the advent of deep learning (DL). Along with research progress, they have encroached upon many different fields and disciplines. Some of them require high level of accountability and thus transparency, for example, the medical sector. Explanations for machine decisions and predictions are thus needed to justify their reliability. This requires greater interpretability, which often means we need to understand the mechanism underlying the algorithms. Unfortunately, the blackbox nature of the DL is still unresolved, and many machine decisions are still poorly understood. We provide a review on interpretabilities suggested by different research works and categorize them. The different categories show different dimensions in interpretability research, from approaches that provide “obviously” interpretable information to the studies of complex patterns. By applying the same categorization to interpretability in medical research, it is hoped that: 1) clinicians and practitioners can subsequently approach these methods with caution; 2) insight into interpretability will be born with more considerations for medical practices; and 3) initiatives to push forward data-based, mathematically grounded, and technically grounded medical education are encouraged.",ieee transactions on neural networks and learning systems,preprint,2019,cs.LG,https://arxiv.org/abs/1907.07374,final,2026-06-10,,,lev=0.394; q='machine learning'
B-0120-v1,B,arXiv:1703.06856,Counterfactual Fairness,"Matt J. Kusner, Joshua R. Loftus, Chris Russell, Ricardo Silva","Machine learning has matured to the point to where it is now being considered to automate decisions in loan lending, employee hiring, and predictive policing. In many of these scenarios however, previous decisions have been made that are unfairly biased against certain subpopulations (e.g., those of a particular race, gender, or sexual orientation). Because this past data is often biased, machine learning predictors must account for this to avoid perpetuating discriminatory practices (or incidentally making new ones). In this paper, we develop a framework for modeling fairness in any dataset using tools from counterfactual inference. We propose a definition called counterfactual fairness that captures the intuition that a decision is fair towards an individual if it gives the same predictions in (a) the observed world and (b) a world where the individual had always belonged to a different demographic group, other background causes of the outcome being equal. We demonstrate our framework on two real-world problems: fair prediction of law school success, and fair modeling of an individual's criminality in policing data.",arXiv,preprint,2017,cs.LG,https://arxiv.org/abs/1703.06856,v1,2026-06-10,,,lev=0.333; q='machine learning'
B-0120-fn,B,arXiv:1703.06856,Counterfactual Fairness,"Matt J. Kusner, Joshua R. Loftus, Chris Russell, Ricardo Silva","Machine learning can impact people with legal or ethical consequences when it is used to automate decisions in areas such as insurance, lending, hiring, and predictive policing. In many of these scenarios, previous decisions have been made that are unfairly biased against certain subpopulations, for example those of a particular race, gender, or sexual orientation. Since this past data may be biased, machine learning predictors must account for this to avoid perpetuating or creating discriminatory practices. In this paper, we develop a framework for modeling fairness using tools from causal inference. Our definition of counterfactual fairness captures the intuition that a decision is fair towards an individual if it the same in (a) the actual world and (b) a counterfactual world where the individual belonged to a different demographic group. We demonstrate our framework on a real-world problem of fair prediction of success in law school.",neural information processing systems,preprint,2017,cs.LG,https://arxiv.org/abs/1703.06856,final,2026-06-10,,,lev=0.333; q='machine learning'
B-0121-v1,B,arXiv:1603.00856,Molecular graph convolutions: moving beyond fingerprints,"S. Kearnes, Kevin McCloskey, Marc Berndl, V. Pande, Patrick F. Riley","Molecular ""fingerprints"" encoding structural information are the workhorse of cheminformatics and machine learning in drug discovery applications. However, fingerprint representations necessarily emphasize particular aspects of the molecular structure while ignoring others, rather than allowing the model to make data-driven decisions. We describe molecular graph convolutions, a novel machine learning architecture for learning from undirected graphs, specifically small molecules. Graph convolutions use a simple encoding of the molecular graph (atoms, bonds, distances, etc.), allowing the model to take greater advantage of information in the graph structure.",arXiv,preprint,2016,cs.LG,https://arxiv.org/abs/1603.00856,v1,2026-06-10,,,lev=0.282; q='machine learning'
B-0121-fn,B,arXiv:1603.00856,Molecular graph convolutions: moving beyond fingerprints,"S. Kearnes, Kevin McCloskey, Marc Berndl, V. Pande, Patrick F. Riley","Molecular “fingerprints” encoding structural information are the workhorse of cheminformatics and machine learning in drug discovery applications. However, fingerprint representations necessarily emphasize particular aspects of the molecular structure while ignoring others, rather than allowing the model to make data-driven decisions. We describe molecular graph convolutions, a machine learning architecture for learning from undirected graphs, specifically small molecules. Graph convolutions use a simple encoding of the molecular graph—atoms, bonds, distances, etc.—which allows the model to take greater advantage of information in the graph structure. Although graph convolutions do not outperform all fingerprint-based methods, they (along with other graph-based methods) represent a new paradigm in ligand-based virtual screening with exciting opportunities for future improvement.",journal of computer-aided molecular design,preprint,2016,cs.LG,https://arxiv.org/abs/1603.00856,final,2026-06-10,,,lev=0.282; q='machine learning'
B-0122-v1,B,arXiv:0912.0071,Differentially Private Empirical Risk Minimization,"Kamalika Chaudhuri, C. Monteleoni, A. Sarwate","This paper addresses the problem of practical privacy-preserving machine learning: how to detect patterns in massive, real-world databases of sensitive personal information, while maintaining the privacy of individuals. Chaudhuri and Monteleoni (2008) recently provided privacy-preserving techniques for learning linear separators via regularized logistic regression. With the goal of handling large databases that may not be linearly separable, we provide privacy-preserving support vector machine algorithms.   We address general challenges left open by past work, such as how to release a kernel classifier without releasing any of the training data, and how to tune algorithm parameters in a privacy-preserving manner. We provide general, efficient algorithms for linear and nonlinear kernel   SVMs, which guarantee $ε$-differential privacy, a very strong privacy definition due to Dwork et al. (2006). We also provide learning generalization guarantees. Empirical evaluations reveal promising performance on real and simulated data sets.",arXiv,preprint,2009,cs.LG,https://arxiv.org/abs/0912.0071,v1,2026-06-10,,,lev=0.713; q='machine learning'
B-0122-fn,B,arXiv:0912.0071,Differentially Private Empirical Risk Minimization,"Kamalika Chaudhuri, C. Monteleoni, A. Sarwate","Privacy-preserving machine learning algorithms are crucial for the increasingly common setting in which personal data, such as medical or financial records, are analyzed. We provide general techniques to produce privacy-preserving approximations of classifiers learned via (regularized) empirical risk minimization (ERM). These algorithms are private under the ε-differential privacy definition due to Dwork et al. (2006). First we apply the output perturbation ideas of Dwork et al. (2006), to ERM classification. Then we propose a new method, objective perturbation, for privacy-preserving machine learning algorithm design. This method entails perturbing the objective function before optimizing over classifiers. If the loss and regularizer satisfy certain convexity and differentiability criteria, we prove theoretical results showing that our algorithms preserve privacy, and provide generalization bounds for linear and nonlinear kernels. We further present a privacy-preserving technique for tuning the parameters in general machine learning algorithms, thereby providing end-to-end privacy guarantees for the training process. We apply these results to produce privacy-preserving analogues of regularized logistic regression and support vector machines. We obtain encouraging results from evaluating their performance on real demographic and benchmark data sets. Our results show that both theoretically and empirically, objective perturbation is superior to the previous state-of-the-art, output perturbation, in managing the inherent tradeoff between privacy and learning performance.",journal of machine learning research,preprint,2009,cs.LG,https://arxiv.org/abs/0912.0071,final,2026-06-10,,,lev=0.713; q='machine learning'
B-0123-v1,B,arXiv:1507.06217,Persistence Images: A Stable Vector Representation of Persistent Homology,"Henry Adams, T. Emerson, M. Kirby, Rachel A. Neville, C. Peterson, Patrick D. Shipman, Sofya Chepushtanova, Eric M. Hanson, Francis C. Motta, Lori Ziegelmeier","Many datasets can be viewed as a noisy sampling of an underlying topological space. Topological data analysis aims to understand and exploit this underlying structure for the purpose of knowledge discovery. A fundamental tool of the discipline is persistent homology, which captures underlying data-driven, scale-dependent homological information. A representation in a ""persistence diagram"" concisely summarizes this information. By giving the space of persistence diagrams a metric structure, a class of effective machine learning techniques can be applied. We modify the persistence diagram to a ""persistence image"" in a manner that allows the use of a wider set of distance measures and extends the list of tools from machine learning which can be utilized. It is shown that several machine learning techniques, applied to persistence images for classification tasks, yield high accuracy rates on multiple data sets. Furthermore, these same machine learning techniques fare better when applied to persistence images than when applied to persistence diagrams. We discuss sensitivity of the classification accuracy to the parameters associated to the approach. An application of persistence image based classification to a data set arising from applied dynamical systems is presented to further illustrate.",arXiv,preprint,2015,cs.LG,https://arxiv.org/abs/1507.06217,v1,2026-06-10,,,lev=0.671; q='machine learning'
B-0123-fn,B,arXiv:1507.06217,Persistence Images: A Stable Vector Representation of Persistent Homology,"Henry Adams, T. Emerson, M. Kirby, Rachel A. Neville, C. Peterson, Patrick D. Shipman, Sofya Chepushtanova, Eric M. Hanson, Francis C. Motta, Lori Ziegelmeier","Many datasets can be viewed as a noisy sampling of an underlying space, and tools from topological data analysis can characterize this structure for the purpose of knowledge discovery. One such tool is persistent homology, which provides a multiscale description of the homological features within a dataset. A useful representation of this homological information is a persistence diagram (PD). Efforts have been made to map PDs into spaces with additional structure valuable to machine learning tasks. We convert a PD to a finite-dimensional vector representation which we call a persistence image (PI), and prove the stability of this transformation with respect to small perturbations in the inputs. The discriminatory power of PIs is compared against existing methods, showing significant performance gains. We explore the use of PIs with vector-based machine learning tools, such as linear sparse support vector machines, which identify features containing discriminating topological information. Finally, high accuracy inference of parameter values from the dynamic output of a discrete dynamical system (the linked twist map) and a partial differential equation (the anisotropic Kuramoto-Sivashinsky equation) provide a novel application of the discriminatory power of PIs.",journal of machine learning research,preprint,2015,cs.LG,https://arxiv.org/abs/1507.06217,final,2026-06-10,,,lev=0.671; q='machine learning'
B-0124-v1,B,arXiv:1609.08259,Quantum-chemical insights from deep tensor neural networks,"Kristof T. Schütt, F. Arbabzadah, Stefan Chmiela, K. Müller, A. Tkatchenko","Learning from data has led to paradigm shifts in a multitude of disciplines, including web, text, and image search, speech recognition, as well as bioinformatics. Can machine learning enable similar breakthroughs in understanding quantum many-body systems? Here we develop an efficient deep learning approach that enables spatially and chemically resolved insights into quantum-mechanical observables of molecular systems. We unify concepts from many-body Hamiltonians with purpose-designed deep tensor neural networks (DTNN), which leads to size-extensive and uniformly accurate (1 kcal/mol) predictions in compositional and configurational chemical space for molecules of intermediate size. As an example of chemical relevance, the DTNN model reveals a classification of aromatic rings with respect to their stability -- a useful property that is not contained as such in the training dataset. Further applications of DTNN for predicting atomic energies and local chemical potentials in molecules, reliable isomer energies, and molecules with peculiar electronic structure demonstrate the high potential of machine learning for revealing novel insights into complex quantum-chemical systems.",arXiv,preprint,2016,cs.LG,https://arxiv.org/abs/1609.08259,v1,2026-06-10,,,lev=0.297; q='machine learning'
B-0124-fn,B,arXiv:1609.08259,Quantum-chemical insights from deep tensor neural networks,"Kristof T. Schütt, F. Arbabzadah, Stefan Chmiela, K. Müller, A. Tkatchenko","Learning from data has led to paradigm shifts in a multitude of disciplines, including web, text and image search, speech recognition, as well as bioinformatics. Can machine learning enable similar breakthroughs in understanding quantum many-body systems? Here we develop an efficient deep learning approach that enables spatially and chemically resolved insights into quantum-mechanical observables of molecular systems. We unify concepts from many-body Hamiltonians with purpose-designed deep tensor neural networks, which leads to size-extensive and uniformly accurate (1 kcal mol−1) predictions in compositional and configurational chemical space for molecules of intermediate size. As an example of chemical relevance, the model reveals a classification of aromatic rings with respect to their stability. Further applications of our model for predicting atomic energies and local chemical potentials in molecules, reliable isomer energies, and molecules with peculiar electronic structure demonstrate the potential of machine learning for revealing insights into complex quantum-chemical systems. Machine learning is an increasingly popular approach to analyse data and make predictions. Here the authors develop a ‘deep learning’ framework for quantitative predictions and qualitative understanding of quantum-mechanical observables of chemical systems, beyond properties trivially contained in the training data.",nature communications,preprint,2016,cs.LG,https://arxiv.org/abs/1609.08259,final,2026-06-10,,,lev=0.297; q='machine learning'
B-0125-v1,B,arXiv:1608.07187,Semantics derived automatically from language corpora contain human-like biases,"Aylin Caliskan, J. Bryson, Arvind Narayanan","Artificial intelligence and machine learning are in a period of astounding growth. However, there are concerns that these technologies may be used, either with or without intention, to perpetuate the prejudice and unfairness that unfortunately characterizes many human institutions. Here we show for the first time that human-like semantic biases result from the application of standard machine learning to ordinary language---the same sort of language humans are exposed to every day. We replicate a spectrum of standard human biases as exposed by the Implicit Association Test and other well-known psychological studies. We replicate these using a widely used, purely statistical machine-learning model---namely, the GloVe word embedding---trained on a corpus of text from the Web. Our results indicate that language itself contains recoverable and accurate imprints of our historic biases, whether these are morally neutral as towards insects or flowers, problematic as towards race or gender, or even simply veridical, reflecting the status quo for the distribution of gender with respect to careers or first names. These regularities are captured by machine learning along with the rest of semantics. In addition to our empirical findings concerning language, we also contribute new methods for evaluating bias in text, the Word Embedding Association Test (WEAT) and the Word Embedding Factual Association Test (WEFAT). Our results have implications not only for AI and machine learning, but also for the fields of psychology, sociology, and human ethics, since they raise the possibility that mere exposure to everyday language can account for the biases we replicate here.",arXiv,preprint,2016,cs.LG,https://arxiv.org/abs/1608.07187,v1,2026-06-10,,,lev=0.749; q='machine learning'
B-0125-fn,B,arXiv:1608.07187,Semantics derived automatically from language corpora contain human-like biases,"Aylin Caliskan, J. Bryson, Arvind Narayanan","Machines learn what people know implicitly AlphaGo has demonstrated that a machine can learn how to do things that people spend many years of concentrated study learning, and it can rapidly learn how to do them better than any human can. Caliskan et al. now show that machines can learn word associations from written texts and that these associations mirror those learned by humans, as measured by the Implicit Association Test (IAT) (see the Perspective by Greenwald). Why does this matter? Because the IAT has predictive value in uncovering the association between concepts, such as pleasantness and flowers or unpleasantness and insects. It can also tease out attitudes and beliefs—for example, associations between female names and family or male names and career. Such biases may not be expressed explicitly, yet they can prove influential in behavior. Science, this issue p. 183; see also p. 133 Computers can learn which words go together more or less often and can thus mimic human performance on a test of implicit bias. Machine learning is a means to derive artificial intelligence by discovering patterns in existing data. Here, we show that applying machine learning to ordinary human language results in human-like semantic biases. We replicated a spectrum of known biases, as measured by the Implicit Association Test, using a widely used, purely statistical machine-learning model trained on a standard corpus of text from the World Wide Web. Our results indicate that text corpora contain recoverable and accurate imprints of our historic biases, whether morally neutral as toward insects or flowers, problematic as toward race or gender, or even simply veridical, reflecting the status quo distribution of gender with respect to careers or first names. Our methods hold promise for identifying and addressing sources of bias in culture, including technology.",science,preprint,2016,cs.LG,https://arxiv.org/abs/1608.07187,final,2026-06-10,,,lev=0.749; q='machine learning'
B-0126-v1,B,arXiv:1602.00134,Convolutional Pose Machines,"S. Wei, V. Ramakrishna, T. Kanade, Yaser Sheikh","Pose Machines provide a powerful modular framework for articulated pose estimation. The sequential prediction framework allows for the learning of rich implicit spatial models, but currently relies on manually designed features for representing image and spatial context. In this work, we incorporate a convolutional network architecture into the pose machine framework allowing the learning of representations for both image and spatial context directly from data. The contribution of this paper is a systematic approach to composing convolutional networks with large receptive fields for pose estimation tasks. Our approach ad- dresses the characteristic difficulty of vanishing gradients during training by providing a natural learning objective function that enforces intermediate supervision, thereby replenishing backpropagated gradients and conditioning the learning procedure. We demonstrate state-of-the-art performance and outperform competing methods on standard benchmarks.",arXiv,preprint,2016,cs.LG,https://arxiv.org/abs/1602.00134,v1,2026-06-10,,,lev=0.484; q='machine learning'
B-0126-fn,B,arXiv:1602.00134,Convolutional Pose Machines,"S. Wei, V. Ramakrishna, T. Kanade, Yaser Sheikh","Pose Machines provide a sequential prediction framework for learning rich implicit spatial models. In this work we show a systematic design for how convolutional networks can be incorporated into the pose machine framework for learning image features and image-dependent spatial models for the task of pose estimation. The contribution of this paper is to implicitly model long-range dependencies between variables in structured prediction tasks such as articulated pose estimation. We achieve this by designing a sequential architecture composed of convolutional networks that directly operate on belief maps from previous stages, producing increasingly refined estimates for part locations, without the need for explicit graphical model-style inference. Our approach addresses the characteristic difficulty of vanishing gradients during training by providing a natural learning objective function that enforces intermediate supervision, thereby replenishing back-propagated gradients and conditioning the learning procedure. We demonstrate state-of-the-art performance and outperform competing methods on standard benchmarks including the MPII, LSP, and FLIC datasets.",computer vision and pattern recognition,preprint,2016,cs.LG,https://arxiv.org/abs/1602.00134,final,2026-06-10,,,lev=0.484; q='machine learning'
B-0127-v1,B,arXiv:1802.01561,IMPALA: Scalable Distributed Deep-RL with Importance Weighted Actor-Learner Architectures,"L. Espeholt, Hubert Soyer, R. Munos, K. Simonyan, Volodymyr Mnih, Tom Ward, Yotam Doron, Vlad Firoiu, Tim Harley, Iain Dunning, S. Legg, K. Kavukcuoglu","In this work we aim to solve a large collection of tasks using a single reinforcement learning agent with a single set of parameters. A key challenge is to handle the increased amount of data and extended training time, which is already a problem in single task learning. We have developed a new distributed agent IMPALA (Importance-Weighted Actor Learner Architecture) that can scale to thousands of machines and achieve a throughput rate of 250,000 frames per second. We achieve stable learning at high throughput by combining decoupled acting and learning with a novel off-policy correction method called V-trace, which was critical for achieving learning stability. We demonstrate the effectiveness of IMPALA for multi-task reinforcement learning on DMLab-30 (a set of 30 tasks from the DeepMind Lab environment (Beattie et al., 2016)) and Atari-57 (all available Atari games in Arcade Learning Environment (Bellemare et al., 2013a)). Our results show that IMPALA is able to achieve better performance than previous agents, use less data and crucially exhibits positive transfer between tasks as a result of its multi-task approach.",arXiv,preprint,2018,cs.LG,https://arxiv.org/abs/1802.01561,v1,2026-06-10,,,lev=0.208; q='machine learning'
B-0127-fn,B,arXiv:1802.01561,IMPALA: Scalable Distributed Deep-RL with Importance Weighted Actor-Learner Architectures,"L. Espeholt, Hubert Soyer, R. Munos, K. Simonyan, Volodymyr Mnih, Tom Ward, Yotam Doron, Vlad Firoiu, Tim Harley, Iain Dunning, S. Legg, K. Kavukcuoglu","In this work we aim to solve a large collection of tasks using a single reinforcement learning agent with a single set of parameters. A key challenge is to handle the increased amount of data and extended training time. We have developed a new distributed agent IMPALA (Importance Weighted Actor-Learner Architecture) that not only uses resources more efficiently in single-machine training but also scales to thousands of machines without sacrificing data efficiency or resource utilisation. We achieve stable learning at high throughput by combining decoupled acting and learning with a novel off-policy correction method called V-trace. We demonstrate the effectiveness of IMPALA for multi-task reinforcement learning on DMLab-30 (a set of 30 tasks from the DeepMind Lab environment (Beattie et al., 2016)) and Atari-57 (all available Atari games in Arcade Learning Environment (Bellemare et al., 2013a)). Our results show that IMPALA is able to achieve better performance than previous agents with less data, and crucially exhibits positive transfer between tasks as a result of its multi-task approach.",international conference on machine learning,preprint,2018,cs.LG,https://arxiv.org/abs/1802.01561,final,2026-06-10,,,lev=0.208; q='machine learning'
B-0128-v1,B,arXiv:1812.04951,The FLUXCOM ensemble of global land-atmosphere energy fluxes,"M. Jung, S. Koirala, U. Weber, K. Ichii, F. Gans, Gustau Camps-Valls, D. Papale, C. Schwalm, G. Tramontana, M. Reichstein","Although a key driver of Earth's climate system, global land-atmosphere energy fluxes are poorly constrained. Here we use machine learning to merge energy flux measurements from FLUXNET eddy covariance towers with remote sensing and meteorological data to estimate net radiation, latent and sensible heat and their uncertainties. The resulting FLUXCOM database comprises 147 global gridded products in two setups: (1) 0.0833$°$ resolution using MODIS remote sensing data (RS) and (2) 0.5$°$ resolution using remote sensing and meteorological data (RS+METEO). Within each setup we use a full factorial design across machine learning methods, forcing datasets and energy balance closure corrections. For RS and RS+METEO setups respectively, we estimate 2001-2013 global (${\pm}$ 1 standard deviation) net radiation as 75.8${\pm}$1.4 ${W\ m^{-2}}$ and 77.6${\pm}$2 ${W\ m^{-2}}$, sensible heat as 33${\pm}$4 ${W\ m^{-2}}$ and 36${\pm}$5 ${W\ m^{-2}}$, and evapotranspiration as 75.6${\pm}$10 ${\times}$ 10$^3$ ${km^3\ yr^{-1}}$ and 76${\pm}$6 ${\times}$ 10$^3$ ${km^3\ yr^{-1}}$. FLUXCOM products are suitable to quantify global land-atmosphere interactions and benchmark land surface model simulations.",arXiv,preprint,2018,cs.LG,https://arxiv.org/abs/1812.04951,v1,2026-06-10,,,lev=0.511; q='machine learning'
B-0128-fn,B,arXiv:1812.04951,The FLUXCOM ensemble of global land-atmosphere energy fluxes,"M. Jung, S. Koirala, U. Weber, K. Ichii, F. Gans, Gustau Camps-Valls, D. Papale, C. Schwalm, G. Tramontana, M. Reichstein","Although a key driver of Earth’s climate system, global land-atmosphere energy fluxes are poorly constrained. Here we use machine learning to merge energy flux measurements from FLUXNET eddy covariance towers with remote sensing and meteorological data to estimate global gridded net radiation, latent and sensible heat and their uncertainties. The resulting FLUXCOM database comprises 147 products in two setups: (1) 0.0833° resolution using MODIS remote sensing data (RS) and (2) 0.5° resolution using remote sensing and meteorological data (RS + METEO). Within each setup we use a full factorial design across machine learning methods, forcing datasets and energy balance closure corrections. For RS and RS + METEO setups respectively, we estimate 2001–2013 global (±1 s.d.) net radiation as 75.49 ± 1.39 W m−2 and 77.52 ± 2.43 W m−2, sensible heat as 32.39 ± 4.17 W m−2 and 35.58 ± 4.75 W m−2, and latent heat flux as 39.14 ± 6.60 W m−2 and 39.49 ± 4.51 W m−2 (as evapotranspiration, 75.6 ± 9.8 × 103 km3 yr−1 and 76 ± 6.8 × 103 km3 yr−1). FLUXCOM products are suitable to quantify global land-atmosphere interactions and benchmark land surface model simulations. Design Type(s) modeling and simulation objective • factorial design Measurement Type(s) energy Technology Type(s) machine learning Factor Type(s) machine learning • Energy Balance • temporal_interval • geographic location Sample Characteristic(s) Earth (Planet) • land • vegetation layer • climate system Design Type(s) modeling and simulation objective • factorial design Measurement Type(s) energy Technology Type(s) machine learning Factor Type(s) machine learning • Energy Balance • temporal_interval • geographic location Sample Characteristic(s) Earth (Planet) • land • vegetation layer • climate system Machine-accessible metadata file describing the reported data (ISA-Tab format)",scientific data,preprint,2018,cs.LG,https://arxiv.org/abs/1812.04951,final,2026-06-10,,,lev=0.511; q='machine learning'
B-0129-v1,B,arXiv:1810.05934,A System for Massively Parallel Hyperparameter Tuning,"Liam Li, Kevin G. Jamieson, A. Rostamizadeh, Ekaterina Gonina, Jonathan Ben-tzur, Moritz Hardt, B. Recht, Ameet Talwalkar","Modern learning models are characterized by large hyperparameter spaces. In order to adequately explore these large spaces, we must evaluate a large number of configurations, typically orders of magnitude more configurations than available parallel workers. Given the growing costs of model training, we would ideally like to perform this search in roughly the same wall-clock time needed to train a single model. In this work, we tackle this challenge by introducing ASHA, a simple and robust hyperparameter tuning algorithm with solid theoretical underpinnings that exploits parallelism and aggressive early-stopping. Our extensive empirical results show that ASHA slightly outperforms Fabolas and Population Based Tuning, state-of-the hyperparameter tuning methods; scales linearly with the number of workers in distributed settings; converges to a high quality configuration in half the time taken by Vizier (Google's internal hyperparameter tuning service) in an experiment with 500 workers; and beats the published result for a near state-of-the-art LSTM architecture in under 2x the time to train a single model.",arXiv,preprint,2018,cs.LG,https://arxiv.org/abs/1810.05934,v1,2026-06-10,,,lev=0.611; q='machine learning'
B-0129-fn,B,arXiv:1810.05934,A System for Massively Parallel Hyperparameter Tuning,"Liam Li, Kevin G. Jamieson, A. Rostamizadeh, Ekaterina Gonina, Jonathan Ben-tzur, Moritz Hardt, B. Recht, Ameet Talwalkar","Modern learning models are characterized by large hyperparameter spaces and long training times. These properties, coupled with the rise of parallel computing and the growing demand to productionize machine learning workloads, motivate the need to develop mature hyperparameter optimization functionality in distributed computing settings. We address this challenge by first introducing a simple and robust hyperparameter optimization algorithm called ASHA, which exploits parallelism and aggressive early-stopping to tackle large-scale hyperparameter optimization problems. Our extensive empirical results show that ASHA outperforms existing state-of-the-art hyperparameter optimization methods; scales linearly with the number of workers in distributed settings; and is suitable for massive parallelism, as demonstrated on a task with 500 workers. We then describe several design decisions we encountered, along with our associated solutions, when integrating ASHA in Determined AI's end-to-end production-quality machine learning system that offers hyperparameter tuning as a service.",conference on machine learning and systems,preprint,2018,cs.LG,https://arxiv.org/abs/1810.05934,final,2026-06-10,,,lev=0.611; q='machine learning'
B-0130-v1,B,arXiv:2007.08501,Accelerating 3D deep learning with PyTorch3D,"Nikhila Ravi, J. Reizenstein, David Novotný, Taylor Gordon, Wan-Yen Lo, Justin Johnson, Georgia Gkioxari","Deep learning has significantly improved 2D image recognition. Extending into 3D may advance many new applications including autonomous vehicles, virtual and augmented reality, authoring 3D content, and even improving 2D recognition. However despite growing interest, 3D deep learning remains relatively underexplored. We believe that some of this disparity is due to the engineering challenges involved in 3D deep learning, such as efficiently processing heterogeneous data and reframing graphics operations to be differentiable. We address these challenges by introducing PyTorch3D, a library of modular, efficient, and differentiable operators for 3D deep learning. It includes a fast, modular differentiable renderer for meshes and point clouds, enabling analysis-by-synthesis approaches. Compared with other differentiable renderers, PyTorch3D is more modular and efficient, allowing users to more easily extend it while also gracefully scaling to large meshes and images. We compare the PyTorch3D operators and renderer with other implementations and demonstrate significant speed and memory improvements. We also use PyTorch3D to improve the state-of-the-art for unsupervised 3D mesh and point cloud prediction from 2D images on ShapeNet. PyTorch3D is open-source and we hope it will help accelerate research in 3D deep learning.",arXiv,preprint,2019,cs.LG,https://arxiv.org/abs/2007.08501,v1,2026-06-10,,,lev=0.875; q='deep learning arxiv'
B-0130-fn,B,arXiv:2007.08501,Accelerating 3D deep learning with PyTorch3D,"Nikhila Ravi, J. Reizenstein, David Novotný, Taylor Gordon, Wan-Yen Lo, Justin Johnson, Georgia Gkioxari","1. Accelerating 3D Deep Learning with PyTorch3D, arXiv 2007.08501 2. Mesh R-CNN, ICCV 2019 3. SynSin: End-to-end View Synthesis from a Single Image, CVPR 2020 4. Fast Differentiable Raycasting for Neural Rendering using Sphere-based Representations, arXiv 2004.07484",siggraph asia 2020 courses,preprint,2019,cs.LG,https://arxiv.org/abs/2007.08501,final,2026-06-10,,,lev=0.875; q='deep learning arxiv'
B-0131-v1,B,arXiv:1710.07030,Asymptotic Expansion as Prior Knowledge in Deep Learning Method for High dimensional BSDEs,"M. Fujii, Akihiko Takahashi, Masayuki Takahashi","We demonstrate that the use of asymptotic expansion as prior knowledge in the ""deep BSDE solver"", which is a deep learning method for high dimensional BSDEs proposed by Weinan E, Han & Jentzen (2017), drastically reduces the loss function and accelerates the speed of convergence. We illustrate the technique and its implications using Bergman's model with different lending and borrowing rates and a class of quadratic-growth BSDEs.",arXiv,preprint,2017,cs.LG,https://arxiv.org/abs/1710.07030,v1,2026-06-10,,,lev=0.445; q='deep learning arxiv'
B-0131-fn,B,arXiv:1710.07030,Asymptotic Expansion as Prior Knowledge in Deep Learning Method for High dimensional BSDEs,"M. Fujii, Akihiko Takahashi, Masayuki Takahashi","We demonstrate that the use of asymptotic expansion as prior knowledge in the “deep BSDE solver”, which is a deep learning method for high dimensional BSDEs proposed by Weinan et al. (Deep learning-based numerical methods for high-dimensional parabolic partial differential equations and backward stochastic differential equations, 2017b. arXiv:1706.04702), drastically reduces the loss function and accelerates the speed of convergence. We illustrate the technique and its implications by using Bergman’s model with different lending and borrowing rates as a typical model for FVA as well as a class of solvable BSDEs with quadratic growth drivers. We also present an extension of the deep BSDE solver for reflected BSDEs representing American option prices.",asia-pacific financial markets,preprint,2017,cs.LG,https://arxiv.org/abs/1710.07030,final,2026-06-10,,,lev=0.445; q='deep learning arxiv'
B-0132-v1,B,arXiv:1805.07290,Learning 3D Shape Completion Under Weak Supervision,"David Stutz, Andreas Geiger","We address the problem of 3D shape completion from sparse and noisy point clouds, a fundamental problem in computer vision and robotics. Recent approaches are either data-driven or learning-based: Data-driven approaches rely on a shape model whose parameters are optimized to fit the observations; Learning-based approaches, in contrast, avoid the expensive optimization step by learning to directly predict complete shapes from incomplete observations in a fully-supervised setting. However, full supervision is often not available in practice. In this work, we propose a weakly-supervised learning-based approach to 3D shape completion which neither requires slow optimization nor direct supervision. While we also learn a shape prior on synthetic data, we amortize, i.e., learn, maximum likelihood fitting using deep neural networks resulting in efficient shape completion without sacrificing accuracy. On synthetic benchmarks based on ShapeNet and ModelNet as well as on real robotics data from KITTI and Kinect, we demonstrate that the proposed amortized maximum likelihood approach is able to compete with the fully supervised baseline of and outperforms the data-driven approach of, while requiring less supervision and being significantly faster.",arXiv,preprint,2018,cs.LG,https://arxiv.org/abs/1805.07290,v1,2026-06-10,,,lev=0.322; q='deep learning arxiv'
B-0132-fn,B,arXiv:1805.07290,Learning 3D Shape Completion Under Weak Supervision,"David Stutz, Andreas Geiger","We address the problem of 3D shape completion from sparse and noisy point clouds, a fundamental problem in computer vision and robotics. Recent approaches are either data-driven or learning-based: Data-driven approaches rely on a shape model whose parameters are optimized to fit the observations; Learning-based approaches, in contrast, avoid the expensive optimization step by learning to directly predict complete shapes from incomplete observations in a fully-supervised setting. However, full supervision is often not available in practice. In this work, we propose a weakly-supervised learning-based approach to 3D shape completion which neither requires slow optimization nor direct supervision. While we also learn a shape prior on synthetic data, we amortize, i.e., learn, maximum likelihood fitting using deep neural networks resulting in efficient shape completion without sacrificing accuracy. On synthetic benchmarks based on ShapeNet (Chang et al. Shapenet: an information-rich 3d model repository, 2015. arXiv:1512.03012) and ModelNet (Wu et al., in: Proceedings of IEEE conference on computer vision and pattern recognition (CVPR), 2015) as well as on real robotics data from KITTI (Geiger et al., in: Proceedings of IEEE conference on computer vision and pattern recognition (CVPR), 2012) and Kinect (Yang et al., 3d object dense reconstruction from a single depth view, 2018. arXiv:1802.00411), we demonstrate that the proposed amortized maximum likelihood approach is able to compete with the fully supervised baseline of Dai et al. (in: Proceedings of IEEE conference on computer vision and pattern recognition (CVPR), 2017) and outperforms the data-driven approach of Engelmann et al. (in: Proceedings of the German conference on pattern recognition (GCPR), 2016), while requiring less supervision and being significantly faster.",international journal of computer vision,preprint,2018,cs.LG,https://arxiv.org/abs/1805.07290,final,2026-06-10,,,lev=0.322; q='deep learning arxiv'
B-0133-v1,B,arXiv:1502.03188,Algebraic Systems Biology: A Case Study for the Wnt Pathway,"Elizabeth Gross, H. Harrington, Zvi Rosen, B. Sturmfels",Steady state analysis of dynamical systems for biological networks give rise to algebraic varieties in high-dimensional spaces whose study is of interest in their own right. We demonstrate this for the shuttle model of the Wnt signaling pathway. Here the variety is described by a polynomial system in 19 unknowns and 36 parameters. Current methods from computational algebraic geometry and combinatorics are applied to analyze this model.,arXiv,preprint,2015,q-bio,https://arxiv.org/abs/1502.03188,v1,2026-06-10,,,lev=0.397; q='computational biology arxiv'
B-0133-fn,B,arXiv:1502.03188,Algebraic Systems Biology: A Case Study for the Wnt Pathway,"Elizabeth Gross, H. Harrington, Zvi Rosen, B. Sturmfels","Steady-state analysis of dynamical systems for biological networks gives rise to algebraic varieties in high-dimensional spaces whose study is of interest in their own right. We demonstrate this for the shuttle model of the Wnt signaling pathway. Here, the variety is described by a polynomial system in 19 unknowns and 36 parameters. It has degree 9 over the parameter space. This case study explores multistationarity, model comparison, dynamics within regions of the state space, identifiability, and parameter estimation, from a geometric point of view. We employ current methods from computational algebraic geometry, polyhedral geometry, and combinatorics.",bulletin of mathematical biology,preprint,2015,q-bio,https://arxiv.org/abs/1502.03188,final,2026-06-10,,,lev=0.397; q='computational biology arxiv'
B-0134-v1,B,arXiv:1307.7005,Path2Models: large-scale generation of computational models from biochemical pathway maps,"F. Büchel, Nicolas Rodriguez, Neil Swainston, Clemens Wrzodek, Tobias Czauderna, Roland Keller, F. Mittag, Michael Schubert, Mihai Glont, Martin Golebiewski, M. V. Iersel, Sarah M. Keating, Matthias Rall, Michael Wybrow, H. Hermjakob, M. Hucka, D. Kell, Wolfgang Müller, P. Mendes, A. Zell, C. Chaouiya, J. Sáez-Rodríguez, F. Schreiber, Camille Laibe, Andreas Dräger, N. Novère","Background: Systems biology projects and omics technologies have led to a growing number of biochemical pathway reconstructions. However, mathematical models are still most often created de novo, based on reading the literature and processing pathway data manually. Results: To increase the efficiency with which such models can be created, we automatically generated mathematical models from pathway representations using a suite of freely available software. We produced models that combine data from KEGG PATHWAY, BioCarta, MetaCyc and SABIO-RK; According to the source data, three types of models are provided: kinetic, logical and constraint-based. All models are encoded using SBML Core and Qual packages, and available through BioModels Database. Each model contains the list of participants, the interactions, and the relevant mathematical constructs, but, in most cases, no meaningful parameter values. Most models are also available as easy to understand graphical SBGN maps. Conclusions: to date, the project has resulted in more than 140000 models freely available. We believe this resource can tremendously accelerate the development of mathematical models by providing initial starting points ready for parametrization.",arXiv,preprint,2013,q-bio,https://arxiv.org/abs/1307.7005,v1,2026-06-10,,,lev=0.317; q='computational biology arxiv'
B-0134-fn,B,arXiv:1307.7005,Path2Models: large-scale generation of computational models from biochemical pathway maps,"F. Büchel, Nicolas Rodriguez, Neil Swainston, Clemens Wrzodek, Tobias Czauderna, Roland Keller, F. Mittag, Michael Schubert, Mihai Glont, Martin Golebiewski, M. V. Iersel, Sarah M. Keating, Matthias Rall, Michael Wybrow, H. Hermjakob, M. Hucka, D. Kell, Wolfgang Müller, P. Mendes, A. Zell, C. Chaouiya, J. Sáez-Rodríguez, F. Schreiber, Camille Laibe, Andreas Dräger, N. Novère","BackgroundSystems biology projects and omics technologies have led to a growing number of biochemical pathway models and reconstructions. However, the majority of these models are still created de novo, based on literature mining and the manual processing of pathway data.ResultsTo increase the efficiency of model creation, the Path2Models project has automatically generated mathematical models from pathway representations using a suite of freely available software. Data sources include KEGG, BioCarta, MetaCyc and SABIO-RK. Depending on the source data, three types of models are provided: kinetic, logical and constraint-based. Models from over 2 600 organisms are encoded consistently in SBML, and are made freely available through BioModels Database at http://www.ebi.ac.uk/biomodels-main/path2models. Each model contains the list of participants, their interactions, the relevant mathematical constructs, and initial parameter values. Most models are also available as easy-to-understand graphical SBGN maps.ConclusionsTo date, the project has resulted in more than 140 000 freely available models. Such a resource can tremendously accelerate the development of mathematical models by providing initial starting models for simulation and analysis, which can be subsequently curated and further parameterized.",bmc systems biology,preprint,2013,q-bio,https://arxiv.org/abs/1307.7005,final,2026-06-10,,,lev=0.317; q='computational biology arxiv'
B-0135-v1,B,arXiv:1006.1015,Computational Tools for Evaluating Phylogenetic and Hierarchical Clustering Trees,"John Chakerian, S. Holmes","Inferential summaries of tree estimates are useful in the setting of evolutionary biology, where phylogenetic trees have been built from DNA data since the 1960's. In bioinformatics, psychometrics and data mining, hierarchical clustering techniques output the same mathematical objects, and practitioners have similar questions about the stability and `generalizability' of these summaries. This paper provides an implementation of the geometric distance between trees developed by Billera, Holmes and Vogtmann (2001) [BHV] equally applicable to phylogenetic trees and hieirarchical clustering trees, and shows some of the applications in statistical inference for which this distance can be useful. In particular, since BHV have shown that the space of trees is negatively curved (a CAT(0) space), a natural representation of a collection of trees is a tree. We compare this representation to the Euclidean approximations of treespace made available through Multidimensional Scaling of the matrix of distances between trees. We also provide applications of the distances between trees to hierarchical clustering trees constructed from microarrays. Our method gives a new way of evaluating the influence both of certain columns (positions, variables or genes) and of certain rows (whether species, observations or arrays).",arXiv,preprint,2010,q-bio,https://arxiv.org/abs/1006.1015,v1,2026-06-10,,,lev=0.258; q='computational biology arxiv'
B-0135-fn,B,arXiv:1006.1015,Computational Tools for Evaluating Phylogenetic and Hierarchical Clustering Trees,"John Chakerian, S. Holmes","Inferential summaries of tree estimates are useful in the setting of evolutionary biology, where phylogenetic trees have been built from DNA data since the 1960s. In bioinformatics, psychometrics, and data mining, hierarchical clustering techniques output the same mathematical objects, and practitioners have similar questions about the stability and “generalizability” of these summaries. This article describes the implementation of the geometric distance between trees developed by Billera, Holmes, and Vogtmann (2001) equally applicable to phylogenetic trees and hierarchical clustering trees, and shows some of the applications in evaluating tree estimates. In particular, since Billera et al. (2001) have shown that the space of trees is negatively curved (called a CAT(0) space), a collection of trees can naturally be represented as a tree. We compare this representation to the Euclidean approximations of treespace made available through both a classical multidimensional scaling and a Kernel multidimensional scaling of the matrix of the distances between trees. We also provide applications of the distances between trees to hierarchical clustering trees constructed from microarrays. Our method gives a new way of evaluating the influence of both certain columns (positions, variables, or genes) and certain rows (species, observations, or arrays) on the construction of such trees. It also can provide a way of detecting heterogeneous mixtures in the input data. Supplementary materials for this article are available online.",journal of computational and graphical statistics,preprint,2010,q-bio,https://arxiv.org/abs/1006.1015,final,2026-06-10,,,lev=0.258; q='computational biology arxiv'
B-0136-v1,B,arXiv:1106.6280,On optimality of kernels for approximate Bayesian computation using sequential Monte Carlo,"S. Filippi, Chris P. Barnes, Julien Cornebise, M. Stumpf","computation (ABC). Here we discuss how to construct the perturbation kernels that are required in ABC-SMC approaches, in order to construct a set of distributions that start out from a suitably defined prior and converge towards the unknown posterior. We derive optimality criteria for different kernels, which are based on the Kullback-Leibler divergence between intermediate distributions and the posterior distribution. We will show that for many complicated posterior distributions locally adapted kernels tend to show the best performance. In cases where it is possible to estimate the Fisher information we can construct particularly efficient perturbation kernels. We find that the added moderate cost of adapting kernel functions is easily regained in terms of the higher acceptance rate. We demonstrate the computational efficiency gains in a range of toy-examples which illustrate some of the challenges faced in real-world applications of ABC, before turning to a demanding parameter inference problem for a dynamical system, which highlights the large gains in efficiency that can be gained from choice of optimal models. We conclude with a general discussion of rational choice of perturbation kernels in ABC-SMC settings.",arXiv,preprint,2011,q-bio,https://arxiv.org/abs/1106.6280,v1,2026-06-10,,,lev=0.337; q='computational biology arxiv'
B-0136-fn,B,arXiv:1106.6280,On optimality of kernels for approximate Bayesian computation using sequential Monte Carlo,"S. Filippi, Chris P. Barnes, Julien Cornebise, M. Stumpf","Abstract Approximate Bayesian computation (ABC) has gained popularity over the past few years for the analysis of complex models arising in population genetics, epidemiology and system biology. Sequential Monte Carlo (SMC) approaches have become work-horses in ABC. Here we discuss how to construct the perturbation kernels that are required in ABC SMC approaches, in order to construct a sequence of distributions that start out from a suitably defined prior and converge towards the unknown posterior. We derive optimality criteria for different kernels, which are based on the Kullback-Leibler divergence between a distribution and the distribution of the perturbed particles. We will show that for many complicated posterior distributions, locally adapted kernels tend to show the best performance. We find that the added moderate cost of adapting kernel functions is easily regained in terms of the higher acceptance rate. We demonstrate the computational efficiency gains in a range of toy examples which illustrate some of the challenges faced in real-world applications of ABC, before turning to two demanding parameter inference problems in molecular biology, which highlight the huge increases in efficiency that can be gained from choice of optimal kernels. We conclude with a general discussion of the rational choice of perturbation kernels in ABC SMC settings.",statistical applications in genetics and molecular biology,preprint,2011,q-bio,https://arxiv.org/abs/1106.6280,final,2026-06-10,,,lev=0.337; q='computational biology arxiv'
B-0137-v1,B,arXiv:1807.08400,Regions of multistationarity in cascades of Goldbeter–Koshland loops,"M. Giaroli, Frédéric Bihan, A. Dickenstein","We consider cascades of enzymatic Goldbeter-Koshland loops with any number n of layers, for which there exist two layers involving the same phosphatase. Even if the number of variables and the number of conservation laws grow linearly with n, we find explicit regions in reaction rate constant and total conservation constant space for which the associated mass-action kinetics dynamical system is multistationary. Our computations are based on the theoretical results of our companion paper in arXiv:1807.05157, which are inspired by results in real algebraic geometry by Bihan, Santos and Spaenlehauer.",arXiv,preprint,2018,q-bio,https://arxiv.org/abs/1807.08400,v1,2026-06-10,,,lev=0.204; q='computational biology arxiv'
B-0137-fn,B,arXiv:1807.08400,Regions of multistationarity in cascades of Goldbeter–Koshland loops,"M. Giaroli, Frédéric Bihan, A. Dickenstein","We consider cascades of enzymatic Goldbeter–Koshland loops (Goldbeter and Koshland in Proc Natl Acad Sci 78(11):6840–6844, 1981) with any number n of layers, for which there exist two layers involving the same phosphatase. Even if the number of variables and the number of conservation laws grow linearly with n, we find explicit regions in reaction rate constant and total conservation constant space for which the associated mass-action kinetics dynamical system is multistationary. Our computations are based on the theoretical results of our companion paper (Bihan, Dickenstein and Giaroli 2018, preprint: arXiv:1807.05157) which are inspired by results in real algebraic geometry by Bihan et al. (SIAM J Appl Algebra Geom, 2018).",journal of mathematical biology,preprint,2018,q-bio,https://arxiv.org/abs/1807.08400,final,2026-06-10,,,lev=0.204; q='computational biology arxiv'
B-0138-v1,B,arXiv:1907.00053,Composable Rate-Independent Computation in Continuous Chemical Reaction Networks,"Cameron T. Chalk, Niels Kornerup, Wyatt Reeves, D. Soloveichik","Biological regulatory networks depend upon chemical interactions to process information. Engineering such molecular computing systems is a major challenge for synthetic biology and related fields. The chemical reaction network (CRN) model idealizes chemical interactions, allowing rigorous reasoning about computational power of chemical kinetics. Here we focus on function computation with CRNs, where we think of the initial concentrations of some species as the input and the equilibrium concentration of another species as the output. Specifically, we are concerned with CRNs that are rate-independent (the computation must be correct independent of the reaction rate law) and composable ($f \circ g$) can be computed by concatenating the CRNs computing $f$ and $g$). Rate independence and composability are important engineering desiderata, permitting implementations that violate mass-action kinetics, or even ""well-mixedness"", and allowing the systematic construction of complex computation via modular design. We show that to construct composable rate-independent CRNs, it is necessary and sufficient to ensure that the output species of a module is not areactant in any reaction within the module. We then exactly characterize the functions computable by such CRNs as superadditive,positive-continuous, and piecewise rational linear. Thus composability severely limits rate-independent computation unless more sophisticated input/output encodings are used.",arXiv,preprint,2018,q-bio,https://arxiv.org/abs/1907.00053,v1,2026-06-10,,,lev=0.305; q='computational biology arxiv'
B-0138-fn,B,arXiv:1907.00053,Composable Rate-Independent Computation in Continuous Chemical Reaction Networks,"Cameron T. Chalk, Niels Kornerup, Wyatt Reeves, D. Soloveichik","Biological regulatory networks depend upon chemical interactions to process information. Engineering such molecular computing systems is a major challenge for synthetic biology and related fields. The chemical reaction network (CRN) model idealizes chemical interactions, allowing rigorous reasoning about the computational power of chemical kinetics. Here we focus on function computation with CRNs, where we think of the initial concentrations of some species as the input and the equilibrium concentration of another species as the output. Specifically, we are concerned with CRNs that are rate-independent (the computation must be correct independent of the reaction rate law) and composable (<inline-formula><tex-math notation=""LaTeX"">$f\circ g$</tex-math><alternatives><mml:math><mml:mrow><mml:mi>f</mml:mi><mml:mo>∘</mml:mo><mml:mi>g</mml:mi></mml:mrow></mml:math><inline-graphic xlink:href=""chalk-ieq1-2952836.gif""/></alternatives></inline-formula> can be computed by concatenating the CRNs computing <inline-formula><tex-math notation=""LaTeX"">$f$</tex-math><alternatives><mml:math><mml:mi>f</mml:mi></mml:math><inline-graphic xlink:href=""chalk-ieq2-2952836.gif""/></alternatives></inline-formula> and <inline-formula><tex-math notation=""LaTeX"">$g$</tex-math><alternatives><mml:math><mml:mi>g</mml:mi></mml:math><inline-graphic xlink:href=""chalk-ieq3-2952836.gif""/></alternatives></inline-formula>). Rate independence and composability are important engineering desiderata, permitting implementations that violate mass-action kinetics, or even “well-mixedness”, and allowing the systematic construction of complex computation via modular design. We show that to construct composable rate-independent CRNs, it is necessary and sufficient to ensure that the output species of a module is not a reactant in any reaction within the module. We then exactly characterize the functions computable by such CRNs as superadditive, positive-continuous, and piecewise rational linear. Thus composability severely limits rate-independent computation unless more sophisticated input/output encodings are used.",ieee/acm transactions on computational biology & bioinformatics,preprint,2018,q-bio,https://arxiv.org/abs/1907.00053,final,2026-06-10,,,lev=0.305; q='computational biology arxiv'
B-0139-v1,B,arXiv:1503.05791,Asymptotic properties of the number of matching coalescent histories for caterpillar-like families of species trees,"F. Disanto, N. Rosenberg","Coalescent histories provide lists of species tree branches on which gene tree coalescences can take place, and their enumerative properties assist in understanding the computational complexity of calculations central in the study of gene trees and species trees. Here, we solve an enumerative problem left open by Rosenberg (IEEE/ACM Transactions on Computational Biology and Bioinformatics 10: 1253-1262, 2013) concerning the number of coalescent histories for gene trees and species trees with a matching labeled topology that belongs to a generic caterpillar-like family. By bringing a generating function approach to the study of coalescent histories, we prove that for any caterpillar-like family with seed tree $t$, the sequence $(h_n)_{n\geq 0}$ describing the number of matching coalescent histories of the $n$th tree of the family grows asymptotically as a constant multiple of the Catalan numbers. Thus, $h_n \sim β_t c_n$, where the asymptotic constant $β_t > 0$ depends on the shape of the seed tree $t$. The result extends a claim demonstrated only for seed trees with at most 8 taxa to arbitrary seed trees, expanding the set of cases for which detailed enumerative properties of coalescent histories can be determined. We introduce a procedure that computes from $t$ the constant $β_t$ as well as the algebraic expression for the generating function of the sequence $(h_n)_{n\geq 0}$.",arXiv,preprint,2015,q-bio,https://arxiv.org/abs/1503.05791,v1,2026-06-10,,,lev=0.539; q='computational biology arxiv'
B-0139-fn,B,arXiv:1503.05791,Asymptotic properties of the number of matching coalescent histories for caterpillar-like families of species trees,"F. Disanto, N. Rosenberg","Coalescent histories provide lists of species tree branches on which gene tree coalescences can take place, and their enumerative properties assist in understanding the computational complexity of calculations central in the study of gene trees and species trees. Here, we solve an enumerative problem left open by Rosenberg (<italic>IEEE/ACM Transactions on Computational Biology and Bioinformatics</italic> 10: 1253-1262, 2013) concerning the number of coalescent histories for gene trees and species trees with a matching labeled topology that belongs to a generic caterpillar-like family. By bringing a generating function approach to the study of coalescent histories, we prove that for any caterpillar-like family with seed tree <inline-formula><tex-math notation=""LaTeX"">$t$ </tex-math><alternatives><inline-graphic xlink:type=""simple"" xlink:href=""disanto-ieq1-2485217.gif""/></alternatives></inline-formula>, the sequence <inline-formula><tex-math notation=""LaTeX"">$(h_n)_{n\ge 0}$</tex-math><alternatives> <inline-graphic xlink:type=""simple"" xlink:href=""disanto-ieq2-2485217.gif""/></alternatives></inline-formula> describing the number of matching coalescent histories of the <inline-formula><tex-math notation=""LaTeX"">$n$</tex-math> <alternatives><inline-graphic xlink:type=""simple"" xlink:href=""disanto-ieq3-2485217.gif""/></alternatives></inline-formula>th tree of the family grows asymptotically as a constant multiple of the Catalan numbers. Thus, <inline-formula> <tex-math notation=""LaTeX"">$h_n \sim \beta _t c_n$</tex-math><alternatives> <inline-graphic xlink:type=""simple"" xlink:href=""disanto-ieq4-2485217.gif""/></alternatives></inline-formula>, where the asymptotic constant <inline-formula><tex-math notation=""LaTeX"">$\beta _t > 0$</tex-math><alternatives> <inline-graphic xlink:type=""simple"" xlink:href=""disanto-ieq5-2485217.gif""/></alternatives></inline-formula> depends on the shape of the seed tree <inline-formula><tex-math notation=""LaTeX"">$t$</tex-math><alternatives> <inline-graphic xlink:type=""simple"" xlink:href=""disanto-ieq6-2485217.gif""/></alternatives></inline-formula>. The result extends a claim demonstrated only for seed trees with at most eight taxa to arbitrary seed trees, expanding the set of cases for which detailed enumerative properties of coalescent histories can be determined. We introduce a procedure that computes from <inline-formula><tex-math notation=""LaTeX"">$t$</tex-math><alternatives> <inline-graphic xlink:type=""simple"" xlink:href=""disanto-ieq7-2485217.gif""/></alternatives></inline-formula> the constant <inline-formula> <tex-math notation=""LaTeX"">$\beta _t$</tex-math><alternatives> <inline-graphic xlink:type=""simple"" xlink:href=""disanto-ieq8-2485217.gif""/></alternatives></inline-formula> as well as the algebraic expression for the generating function of the sequence <inline-formula><tex-math notation=""LaTeX""> $(h_n)_{n\ge 0}$</tex-math><alternatives><inline-graphic xlink:type=""simple"" xlink:href=""disanto-ieq9-2485217.gif""/> </alternatives></inline-formula>.",ieee/acm transactions on computational biology & bioinformatics,preprint,2015,q-bio,https://arxiv.org/abs/1503.05791,final,2026-06-10,,,lev=0.539; q='computational biology arxiv'
B-0140-v1,B,arXiv:1501.01779,Reviving the Two-State Markov Chain Approach,"Andrzej Mizera, Jun Pang, Qixia Yuan","Probabilistic Boolean networks (PBNs) is a well-established computational framework for modelling biological systems. The steady-state dynamics of PBNs is of crucial importance in the study of such systems. However, for large PBNs, which often arise in systems biology, obtaining the steady-state distribution poses a significant challenge. In fact, statistical methods for steady-state approximation are the only viable means when dealing with large networks. In this paper, we revive the two-state Markov chain approach presented in the literature. We first identify a problem of generating biased results, due to the size of the initial sample with which the approach needs to start and we propose a few heuristics to avoid such a pitfall. Second, we conduct an extensive experimental comparison of the two-state Markov chain approach and another approach based on the Skart method and we show that statistically the two-state Markov chain has a better performance. Finally, we apply this approach to a large PBN model of apoptosis in hepatocytes.",arXiv,preprint,2015,q-bio,https://arxiv.org/abs/1501.01779,v1,2026-06-10,,,lev=0.353; q='computational biology arxiv'
B-0140-fn,B,arXiv:1501.01779,Reviving the Two-State Markov Chain Approach,"Andrzej Mizera, Jun Pang, Qixia Yuan","Probabilistic Boolean networks (PBNs) is a well-established computational framework for modelling biological systems. The steady-state dynamics of PBNs is of crucial importance in the study of such systems. However, for large PBNs, which often arise in systems biology, obtaining the steady-state distribution poses a significant challenge. In this paper, we revive the two-state Markov chain approach to solve this problem. This paper contributes in three aspects. First, we identify a problem of generating biased results with the approach and we propose a few heuristics to avoid such a pitfall. Second, we conduct an extensive experimental comparison of the extended two-state Markov chain approach and another approach based on the Skart method. We analyze the results with machine learning techniques and we show that statistically the two-state Markov chain approach has a better performance. Finally, we demonstrate the potential of the extended two-state Markov chain approach on a case study of a large PBN model of apoptosis in hepatocytes.",ieee/acm transactions on computational biology & bioinformatics,preprint,2015,q-bio,https://arxiv.org/abs/1501.01779,final,2026-06-10,,,lev=0.353; q='computational biology arxiv'
B-0141-v1,B,arXiv:1011.5778,Probabilistic Arithmetic Automata and Their Applications,"T. Marschall, Inke Herms, Hans-Michael Kaltenbach, S. Rahmann","We present probabilistic arithmetic automata (PAAs), a general model to describe chains of operations whose operands depend on chance, along with two different algorithms to exactly calculate the distribution of the results obtained by such probabilistic calculations. PAAs provide a unifying framework to approach many problems arising in computational biology and elsewhere. Here, we present five different applications, namely (1) pattern matching statistics on random texts, including the computation of the distribution of occurrence counts, waiting time and clump size under HMM background models; (2) exact analysis of window-based pattern matching algorithms; (3) sensitivity of filtration seeds used to detect candidate sequence alignments; (4) length and mass statistics of peptide fragments resulting from enzymatic cleavage reactions; and (5) read length statistics of 454 sequencing reads. The diversity of these applications indicates the flexibility and unifying character of the presented framework.   While the construction of a PAA depends on the particular application, we single out a frequently applicable construction method for pattern statistics: We introduce deterministic arithmetic automata (DAAs) to model deterministic calculations on sequences, and demonstrate how to construct a PAA from a given DAA and a finite-memory random text model. We show how to transform a finite automaton into a DAA and then into the corresponding PAA.",arXiv,preprint,2010,q-bio,https://arxiv.org/abs/1011.5778,v1,2026-06-10,,,lev=0.214; q='computational biology arxiv'
B-0141-fn,B,arXiv:1011.5778,Probabilistic Arithmetic Automata and Their Applications,"T. Marschall, Inke Herms, Hans-Michael Kaltenbach, S. Rahmann","We present a comprehensive review on probabilistic arithmetic automata (PAAs), a general model to describe chains of operations whose operands depend on chance, along with two algorithms to numerically compute the distribution of the results of such probabilistic calculations. PAAs provide a unifying framework to approach many problems arising in computational biology and elsewhere. We present five different applications, namely 1) pattern matching statistics on random texts, including the computation of the distribution of occurrence counts, waiting times, and clump sizes under hidden Markov background models; 2) exact analysis of window-based pattern matching algorithms; 3) sensitivity of filtration seeds used to detect candidate sequence alignments; 4) length and mass statistics of peptide fragments resulting from enzymatic cleavage reactions; and 5) read length statistics of 454 and IonTorrent sequencing reads. The diversity of these applications indicates the flexibility and unifying character of the presented framework. While the construction of a PAA depends on the particular application, we single out a frequently applicable construction method: We introduce deterministic arithmetic automata (DAAs) to model deterministic calculations on sequences, and demonstrate how to construct a PAA from a given DAA and a finite-memory random text model. This procedure is used for all five discussed applications and greatly simplifies the construction of PAAs. Implementations are available as part of the MoSDi package. Its application programming interface facilitates the rapid development of new applications based on the PAA framework.",ieee/acm transactions on computational biology & bioinformatics,preprint,2010,q-bio,https://arxiv.org/abs/1011.5778,final,2026-06-10,,,lev=0.214; q='computational biology arxiv'
B-0142-v1,B,arXiv:1205.3246,Kernel approximate Bayesian computation in population genetic inferences,"Shigeki Nakagome, K. Fukumizu, S. Mano","As genomic data accumulate, Bayesian inferences can be applied to estimate evolutionary parameters. However, the complexity of stochastic models used in population genetics makes it difficult to derive the likelihoods needed for Bayesian inferences. Approximate Bayesian Computation (ABC) is an alternative approach for obtaining Bayesian inferences without likelihoods. ABC is a rejection-based method that applies a tolerance of dissimilarity between sets of summary statistics from observed and simulated data. ABC gives an exact sampler from the posterior density in the limit of zero tolerance. However, the choices for summary statistics and metrics of dissimilarity are ambiguous, and acceptance rates decrease with an increasing number of summary statistics. Therefore, it is difficult to maintain estimator consistency using ABC. In this study, we apply the kernel Bayes' rule proposed by Fukumizu et al. (2011) to ABC. We report that kernel ABC (i) avoids the need for tolerance, (ii) upholds the consistency of estimators, and (iii) is tractable for a large number of summary statistics. We demonstrate these advantages by comparing kernel ABC with conventional ABC for population genetic inferences.",arXiv,preprint,2012,q-bio,https://arxiv.org/abs/1205.3246,v1,2026-06-10,,,lev=0.698; q='computational biology arxiv'
B-0142-fn,B,arXiv:1205.3246,Kernel approximate Bayesian computation in population genetic inferences,"Shigeki Nakagome, K. Fukumizu, S. Mano","Abstract Approximate Bayesian computation (ABC) is a likelihood-free approach for Bayesian inferences based on a rejection algorithm method that applies a tolerance of dissimilarity between summary statistics from observed and simulated data. Although several improvements to the algorithm have been proposed, none of these improvements avoid the following two sources of approximation: 1) lack of sufficient statistics: sampling is not from the true posterior density given data but from an approximate posterior density given summary statistics; and 2) non-zero tolerance: sampling from the posterior density given summary statistics is achieved only in the limit of zero tolerance. The first source of approximation can be improved by adding a summary statistic, but an increase in the number of summary statistics could introduce additional variance caused by the low acceptance rate. Consequently, many researchers have attempted to develop techniques to choose informative summary statistics. The present study evaluated the utility of a kernel-based ABC method [Fukumizu, K., L. Song and A. Gretton (2010): “Kernel Bayes’ rule: Bayesian inference with positive definite kernels,” arXiv, 1009.5736 and Fukumizu, K., L. Song and A. Gretton (2011): “Kernel Bayes’ rule. Advances in Neural Information Processing Systems 24.” In: J. Shawe-Taylor and R. S. Zemel and P. Bartlett and F. Pereira and K. Q. Weinberger, (Eds.), pp. 1549–1557., NIPS 24: 1549–1557] for complex problems that demand many summary statistics. Specifically, kernel ABC was applied to population genetic inference. We demonstrate that, in contrast to conventional ABCs, kernel ABC can incorporate a large number of summary statistics while maintaining high performance of the inference.",statistical applications in genetics and molecular biology,preprint,2012,q-bio,https://arxiv.org/abs/1205.3246,final,2026-06-10,,,lev=0.698; q='computational biology arxiv'
B-0143-v1,B,arXiv:cs/0703002,Integral biomathics: a post-Newtonian view into the logos of bios.,P. Simeonov,"This work addresses the phenomena of emergence, adaptive dynamics and evolution of self-assembling, self-organizing, self-maintaining and self-replicating biosynthetic systems. We regard this research as an integral part of the studies in nature-inspired and natural computation within complex systems, emergent phenomena and artificial biology. Our ultimate objective is to unify classical mathematical biology with biomathics (or biological mathematics) on the way to genuine biological system engineering.",arXiv,preprint,2007,q-bio,https://arxiv.org/abs/cs/0703002,v1,2026-06-10,,,lev=0.734; q='computational biology arxiv'
B-0143-fn,B,arXiv:cs/0703002,Integral biomathics: a post-Newtonian view into the logos of bios.,P. Simeonov,"This work is an attempt for a state-of-the-art survey of natural and life sciences with the goal to define the scope and address the central questions of an original research program. It is focused on the phenomena of emergence, adaptive dynamics and evolution of self-assembling, self-organizing, self-maintaining and self-replicating biosynthetic systems viewed from a newly-arranged perspective and understanding of computation and communication in the living nature. The author regards this research as an integral part of the emerging discipline of nature-inspired or natural computation, i.e. computation inspired by or occurring in nature. Within this context, he is interested in studies which represent a significant departure from traditional theories about complex systems and self-organization, emergent phenomena and artificial biology. In particular, these include non-conventional approaches exploring the aggregation, composition, growth and development of physical forms and structures, autopoiesis along with the associated abstract information structures and processes. This paper provides a critical review of the major assumptions which guide the development of modern computer science and engineering towards emulating biological systems. For this purpose, the author explores the potential and the virtues of biology to reshape contemporary science. The goal of this survey is to discuss the present state of natural and engineering sciences in the light of a necessary paradigm change in the structure and methodology of research and deliver some insights for developing a new kind of integral science based on the principles for dynamic interdependence of the constituting disciplines and on the evolving relationships among them.",progress in biophysics and molecular biology,preprint,2007,q-bio,https://arxiv.org/abs/cs/0703002,final,2026-06-10,,,lev=0.734; q='computational biology arxiv'
B-0144-v1,B,arXiv:1409.7770,Entanglement-based machine learning on a quantum computer.,"Xin-Dong Cai, Dian Wu, Z. Su, Ming-Cheng Chen, Xi-Lin Wang, Li Li, Nai-Le Liu, Chaoyang Lu, Jian-Wei Pan","Machine learning--a branch of artificial intelligence--can learn from previous experience to optimize performance, which is of broad interest to various fields including computer sciences, financial analysis, robotics, bioinformatics and computational biology. A major challenge for machine learning in the ""big data"" age is the rapidly growing data size that could become intractable for classical computers. Recently, quantum machine learning algorithms were proposed which could offer an exponential speedup over classical algorithms. Here, we report the first experimental demonstration of entanglement-based supervised machine learning tasks with a functionality similar to a spam filter--classifying 2-, 4- and 8-dimensional vectors to different clusters--on a photonic quantum computer. The results show that the manipulation and classification of high-dimensional vectors, the core mathematical routine in machine learning, can be efficiently done on quantum computers. The method can be scaled to larger number of qubits, and may provide a new route to ultrafast machine learning.",arXiv,preprint,2014,q-bio,https://arxiv.org/abs/1409.7770,v1,2026-06-10,,,lev=0.415; q='bioinformatics machine learning arxiv'
B-0144-fn,B,arXiv:1409.7770,Entanglement-based machine learning on a quantum computer.,"Xin-Dong Cai, Dian Wu, Z. Su, Ming-Cheng Chen, Xi-Lin Wang, Li Li, Nai-Le Liu, Chaoyang Lu, Jian-Wei Pan","Machine learning, a branch of artificial intelligence, learns from previous experience to optimize performance, which is ubiquitous in various fields such as computer sciences, financial analysis, robotics, and bioinformatics. A challenge is that machine learning with the rapidly growing ""big data"" could become intractable for classical computers. Recently, quantum machine learning algorithms [Lloyd, Mohseni, and Rebentrost, arXiv.1307.0411] were proposed which could offer an exponential speedup over classical algorithms. Here, we report the first experimental entanglement-based classification of two-, four-, and eight-dimensional vectors to different clusters using a small-scale photonic quantum computer, which are then used to implement supervised and unsupervised machine learning. The results demonstrate the working principle of using quantum computers to manipulate and classify high-dimensional vectors, the core mathematical routine in machine learning. The method can, in principle, be scaled to larger numbers of qubits, and may provide a new route to accelerate machine learning.",physical review letters,preprint,2014,q-bio,https://arxiv.org/abs/1409.7770,final,2026-06-10,,,lev=0.415; q='bioinformatics machine learning arxiv'
B-0145-v1,B,arXiv:1908.09788,"An Introduction to Advanced Machine Learning : Meta Learning Algorithms, Applications and Promises","F. Mohammadi, M. Amini, H. Arabnia","In [1, 2], we have explored the theoretical aspects of feature extraction optimization processes for solving largescale problems and overcoming machine learning limitations. Majority of optimization algorithms that have been introduced in [1, 2] guarantee the optimal performance of supervised learning, given offline and discrete data, to deal with curse of dimensionality (CoD) problem. These algorithms, however, are not tailored for solving emerging learning problems. One of the important issues caused by online data is lack of sufficient samples per class. Further, traditional machine learning algorithms cannot achieve accurate training based on limited distributed data, as data has proliferated and dispersed significantly. Machine learning employs a strict model or embedded engine to train and predict which still fails to learn unseen classes and sufficiently use online data. In this chapter, we introduce these challenges elaborately. We further investigate Meta-Learning (MTL) algorithm, and their application and promises to solve the emerging problems by answering how autonomous agents can learn to learn?.",arXiv,preprint,2019,q-bio,https://arxiv.org/abs/1908.09788,v1,2026-06-10,,,lev=0.209; q='bioinformatics machine learning arxiv'
B-0145-fn,B,arXiv:1908.09788,"An Introduction to Advanced Machine Learning : Meta Learning Algorithms, Applications and Promises","F. Mohammadi, M. Amini, H. Arabnia","In Chaps. 3 and 4, we have explored the theoretical aspects of feature extraction optimization processes for solving large-scale problems and overcoming machine learning limitations. Majority of optimization algorithms that have been introduced in Mohammadi et al. (Evolutionary computation, optimization and learning algorithms for data science, 2019. arXiv preprint arXiv: 1908.08006; Applications of nature-i nspired algorithms for dimension reduction: enabling efficient data analytics, 2019. arXiv preprint arXiv: 1908.08563) guarantee the optimal performance of supervised learning, given offline and discrete data, to deal with curse of dimensionality (CoD) problem. These algorithms, however, are not tailored for solving emerging learning problems. One of the important issues caused by online data is lack of sufficient samples per class. Further, traditional machine learning algorithms cannot achieve accurate training based on limited distributed data, as data has proliferated and dispersed significantly. Machine learning employs a strict model or embedded engine to train and predict which still fails to learn unseen classes and sufficiently use online data. In this chapter, we introduce these challenges elaborately. We further investigate meta-learning (MTL) algorithm, and their application and promises to solve the emerging problems by answering how autonomous agents can learn to learn?",advances in intelligent systems and computing,preprint,2019,q-bio,https://arxiv.org/abs/1908.09788,final,2026-06-10,,,lev=0.209; q='bioinformatics machine learning arxiv'
B-0146-v1,B,arXiv:1704.04659,Separation of pulsar signals from noise using supervised machine learning algorithms,"S. Bethapudi, S. Desai","We evaluate the performance of four different machine learning algorithms (ANN, Adaboost, GBC, XGBoost), in the separation of pulsars from radio frequency interference (RFI) and other sources of noise, using a dataset consisting of pulsar candidates obtained from the post-processing of a pulsar search pipeline. This dataset was previously used for cross-validation of the {\tt SPINN}-based machine learning engine, which was used for the re-processing of the HTRU-S survey. We report a variety of quality metrics from all four of these algorithms. We apply a model-independent information theoretic approach to determine the features with the most predictive power, and also compare with the feature importance results from the machine learning algorithms, wherever possible. We find that the RMS distance between the folded profile and sub-integrations is the most important feature in Adaboost and XGBoost. In the case of GBC, we find that the logarithm of the ratio of barycentric period and dispersion measure to be the most important feature. The information theoretic approach to feature importance yields a ranking very well matched to that based on GBC. For all the aforementioned machine learning techniques, we report a recall of 100% with false positive rates of 0.15%, 0.077%, 0.1%, 0.08% for ANN, Adaboost, GBC, and XGBoost respectively. Amongst all four of these algorithms, we find that Adaboost has the minimum overlap between the error rates as a function of threshold for detection of pulsars and RFI, and based on this criterion can be considered to be the best.",arXiv,preprint,2017,q-bio,https://arxiv.org/abs/1704.04659,v1,2026-06-10,,,lev=0.597; q='bioinformatics machine learning arxiv'
B-0146-fn,B,arXiv:1704.04659,Separation of pulsar signals from noise using supervised machine learning algorithms,"S. Bethapudi, S. Desai","We evaluate the performance of four different machine learning (ML) algorithms: an Artificial Neural Network Multi-Layer Perceptron (ANN MLP ), Adaboost, Gradient Boosting Classifier (GBC), XGBoost, for the separation of pulsars from radio frequency interference (RFI) and other sources of noise, using a dataset obtained from the post-processing of a pulsar search pi peline. This dataset was previously used for cross-validation of the SPINN-based machine learning engine, used for the reprocessing of HTRU-S survey data arXiv:1406.3627. We have used Synthetic Minority Over-sampling Technique (SMOTE) to deal with high class imbalance in the dataset. We report a variety of quality scores from all four of these algorithms on both the non-SMOTE and SMOTE datasets. For all the above ML methods, we report high accuracy and G-mean in both the non-SMOTE and SMOTE cases. We study the feature importances using Adaboost, GBC, and XGBoost and also from the minimum Redundancy Maximum Relevance approach to report algorithm-agnostic feature ranking. From these methods, we find that the signal to noise of the folded profile to be the best feature. We find that all the ML algorithms report FPRs about an order of magnitude lower than the corresponding FPRs obtained in arXiv:1406.3627, for the same recall value.",astronomy and computing,preprint,2017,q-bio,https://arxiv.org/abs/1704.04659,final,2026-06-10,,,lev=0.597; q='bioinformatics machine learning arxiv'
B-0147-v1,B,arXiv:1704.07709,Inception recurrent convolutional neural network for object recognition,"M. Alom, Mahmudul Hasan, C. Yakopcic, T. Taha","Deep convolutional neural networks (DCNNs) are an influential tool for solving various problems in the machine learning and computer vision fields. In this paper, we introduce a new deep learning model called an Inception- Recurrent Convolutional Neural Network (IRCNN), which utilizes the power of an inception network combined with recurrent layers in DCNN architecture. We have empirically evaluated the recognition performance of the proposed IRCNN model using different benchmark datasets such as MNIST, CIFAR-10, CIFAR- 100, and SVHN. Experimental results show similar or higher recognition accuracy when compared to most of the popular DCNNs including the RCNN. Furthermore, we have investigated IRCNN performance against equivalent Inception Networks and Inception-Residual Networks using the CIFAR-100 dataset. We report about 3.5%, 3.47% and 2.54% improvement in classification accuracy when compared to the RCNN, equivalent Inception Networks, and Inception- Residual Networks on the augmented CIFAR- 100 dataset respectively.",arXiv,preprint,2017,q-bio,https://arxiv.org/abs/1704.07709,v1,2026-06-10,,,lev=0.595; q='bioinformatics machine learning arxiv'
B-0147-fn,B,arXiv:1704.07709,Inception recurrent convolutional neural network for object recognition,"M. Alom, Mahmudul Hasan, C. Yakopcic, T. Taha","Deep convolutional neural network (DCNN) is an influential tool for solving various problems in machine learning and computer vision. Recurrent connectivity is a very important component of visual information processing within the human brain. The idea of recurrent connectivity is rarely applied within convolutional layers, the exceptions being a couple of DCNN architectures including recurrent convolutional neural network (RCNN) in Liang and Hu (in: Proceedings of the IEEE conference on computer vision and pattern recognition, 2015) and Pinheiro and Collobert (in: ICML, 2014). On the other hand, the Inception network architecture has become popular among the computer vision community (Szegedy et al. in Inception-v4, Inception-ResNet and the impact of Residual connections on learning, 2016. arXiv:1602.07261). In this paper, we introduce a deep learning architecture called the Inception Recurrent Convolutional Neural Network (IRCNN), which utilizes the power of an Inception network combined with recurrent convolutional layers. Although the inputs are static, the recurrent property plays a huge role in modeling the contextual information for object recognition tasks and thus improves overall training and testing accuracy. In addition, this proposed architecture generalizes both Inception and RCNN models. We have empirically evaluated the recognition performance of the proposed IRCNN model using different benchmark datasets such as MNIST, CIFAR-10, CIFAR-100, and SVHN. The experimental results show higher recognition accuracy when compared to most of the popular DCNNs including the RCNN. Furthermore, we have investigated IRCNN performance against equivalent Inception networks (EIN) and equivalent Inception–Residual networks (EIRN) using the CIFAR-100 dataset. When using the augmented CIFAR-100 dataset, we achieved about 3.5%, 3.47% and 2.54% improvement in classification accuracy compared to the RCNN, EIN, and EIRN respectively. We have also conducted experiment on Tiny ImageNet-200 dataset with IRCNN, EIN, EIRN, RCNN, DenseNet in Huang et al. (Densely connected convolutional networks, 2016. arXiv:1608.06993), and DenseNet with Recurrent Convolution Layer, where the proposed model shows significantly better performance against baseline models.",machine vision and applications,preprint,2017,q-bio,https://arxiv.org/abs/1704.07709,final,2026-06-10,,,lev=0.595; q='bioinformatics machine learning arxiv'
B-0148-v1,B,arXiv:1412.3634,Quantum Learning of Classical Stochastic Processes: The Completely-Positive Realization Problem,"A. Monras, A. Winter","Among several tasks in Machine Learning, a specially important one is that of inferring the latent variables of a system and their causal relations with the observed behavior. Learning a Hidden Markov Model of given stochastic process is a textbook example, known as the positive realization problem (PRP). The PRP and its solutions have far-reaching consequences in many areas of systems and control theory, and positive systems theory.   We consider the scenario where the latent variables are quantum states, and the system dynamics is constrained only by physical transformations on the quantum system. The observable dynamics is then described by a quantum instrument, and the task is to determine which quantum instrument --if any-- yields the process at hand by iterative application.   We take as starting point the theory of quasi-realizations, whence a description of the dynamics of the process is given in terms of linear maps on state vectors and probabilities are given by linear functionals on the state vectors. This description, despite its remarkable resemblance with the Hidden Markov Model, or the iterated quantum instrument, is nevertheless devoid of any stochastic or quantum mechanical interpretation, as said maps fail to satisfy any positivity conditions. The Completely-Positive realization problem then consists in determining whether an equivalent quantum mechanical description of the same process exists.   We generalize some key results of stochastic realization theory, and show that the problem has deep connections with operator systems theory, yielding possible insight to the lifting problem in quotient operator systems. Our results have potential applications in quantum machine learning, device-independent characterization and reverse-engineering of stochastic processes and quantum processors, and dynamical processes with quantum memory.",arXiv,preprint,2014,q-bio,https://arxiv.org/abs/1412.3634,v1,2026-06-10,,,lev=0.211; q='bioinformatics machine learning arxiv'
B-0148-fn,B,arXiv:1412.3634,Quantum Learning of Classical Stochastic Processes: The Completely-Positive Realization Problem,"A. Monras, A. Winter","Among several tasks in Machine Learning, a specially important one is the problem of inferring the latent variables of a system and their causal relations with the observed behavior. A paradigmatic instance of this is the task of inferring the hidden Markov model underlying a given stochastic process. This is known as the positive realization problem (PRP), [L. Benvenuti and L. Farina, IEEE Trans. Autom. Control 49(5), 651–664 (2004)] and constitutes a central problem in machine learning. The PRP and its solutions have far-reaching consequences in many areas of systems and control theory, and is nowadays an important piece in the broad field of positive systems theory. We consider the scenario where the latent variables are quantum (i.e., quantum states of a finite-dimensional system) and the system dynamics is constrained only by physical transformations on the quantum system. The observable dynamics is then described by a quantum instrument, and the task is to determine which quantum instrument — if any — yields the process at hand by iterative application. We take as a starting point the theory of quasi-realizations, whence a description of the dynamics of the process is given in terms of linear maps on state vectors and probabilities are given by linear functionals on the state vectors. This description, despite its remarkable resemblance with the hidden Markov model, or the iterated quantum instrument, is however devoid of any stochastic or quantum mechanical interpretation, as said maps fail to satisfy any positivity conditions. The completely positive realization problem then consists in determining whether an equivalent quantum mechanical description of the same process exists. We generalize some key results of stochastic realization theory, and show that the problem has deep connections with operator systems theory, giving possible insight to the lifting problem in quotient operator systems. Our results have potential applications in quantum machine learning, device-independent characterization and reverse-engineering of stochastic processes and quantum processors, and more generally, of dynamical processes with quantum memory [M. Guţă, Phys. Rev. A 83(6), 062324 (2011); M. Guţă and N. Yamamoto, e-print arXiv:1303.3771(2013)].","theory of quantum computation, communication, and cryptography",preprint,2014,q-bio,https://arxiv.org/abs/1412.3634,final,2026-06-10,,,lev=0.211; q='bioinformatics machine learning arxiv'
B-0149-v1,B,arXiv:1805.05008,Integrating hypertension phenotype and genotype with hybrid non‐negative matrix factorization,"Yuan Luo, Chengsheng Mao, Yiben Yang, Fei Wang, F. Ahmad, D. Arnett, M. Irvin, Sanjiv J. Shah","Hypertension is a heterogeneous syndrome in need of improved subtyping using phenotypic and genetic measurements so that patients in different subtypes share similar pathophysiologic mechanisms and respond more uniformly to targeted treatments. Existing machine learning approaches often face challenges in integrating phenotype and genotype information and presenting to clinicians an interpretable model. We aim to provide informed patient stratification by introducing Hybrid Non-negative Matrix Factorization (HNMF) on phenotype and genotype matrices. HNMF simultaneously approximates the phenotypic and genetic matrices using different appropriate loss functions, and generates patient subtypes, phenotypic groups and genetic groups. Unlike previous methods, HNMF approximates phenotypic matrix under Frobenius loss, and genetic matrix under Kullback-Leibler (KL) loss. We propose an alternating projected gradient method to solve the approximation problem. Simulation shows HNMF converges fast and accurately to the true factor matrices. On real-world clinical dataset, we used the patient factor matrix as features to predict main cardiac mechanistic outcomes. We compared HNMF with six different models using phenotype or genotype features alone, with or without NMF, or using joint NMF with only one type of loss. HNMF significantly outperforms all comparison models. HNMF also reveals intuitive phenotype-genotype interactions that characterize cardiac abnormalities.",arXiv,preprint,2018,q-bio,https://arxiv.org/abs/1805.05008,v1,2026-06-10,,,lev=0.296; q='bioinformatics machine learning arxiv'
B-0149-fn,B,arXiv:1805.05008,Integrating hypertension phenotype and genotype with hybrid non‐negative matrix factorization,"Yuan Luo, Chengsheng Mao, Yiben Yang, Fei Wang, F. Ahmad, D. Arnett, M. Irvin, Sanjiv J. Shah","Motivation Hypertension is a heterogeneous syndrome in need of improved subtyping using phenotypic and genetic measurements with the goal of identifying subtypes of patients who share similar pathophysiologic mechanisms and may respond more uniformly to targeted treatments. Existing machine learning approaches often face challenges in integrating phenotype and genotype information and presenting to clinicians an interpretable model. We aim to provide informed patient stratification based on phenotype and genotype features. Results In this article, we present a hybrid non‐negative matrix factorization (HNMF) method to integrate phenotype and genotype information for patient stratification. HNMF simultaneously approximates the phenotypic and genetic feature matrices using different appropriate loss functions, and generates patient subtypes, phenotypic groups and genetic groups. Unlike previous methods, HNMF approximates phenotypic matrix under Frobenius loss, and genetic matrix under Kullback‐Leibler (KL) loss. We propose an alternating projected gradient method to solve the approximation problem. Simulation shows HNMF converges fast and accurately to the true factor matrices. On a real‐world clinical dataset, we used the patient factor matrix as features and examined the association of these features with indices of cardiac mechanics. We compared HNMF with six different models using phenotype or genotype features alone, with or without NMF, or using joint NMF with only one type of loss We also compared HNMF with 3 recently published methods for integrative clustering analysis, including iClusterBayes, Bayesian joint analysis and JIVE. HNMF significantly outperforms all comparison models. HNMF also reveals intuitive phenotype‐genotype interactions that characterize cardiac abnormalities. Availability and implementation Our code is publicly available on github at https://github.com/yuanluo/hnmf. Supplementary information Supplementary data are available at Bioinformatics online.",machine learning in health care,preprint,2018,q-bio,https://arxiv.org/abs/1805.05008,final,2026-06-10,,,lev=0.296; q='bioinformatics machine learning arxiv'
B-0150-v1,B,arXiv:0704.0468,Inapproximability of Maximum Weighted Edge Biclique and Its Applications,J. Tan,"Given a complete bipartite graph $G = (V_1,V_2,E)$ where edges take on {\it both} positive and negative weights from set $\mathcal{S}$, the {\it maximum weighted edge biclique} problem, or $\mathcal{S}$-MWEB for short, asks to find a biclique subgraph whose sum of edge weights is maximized. This problem has various applications in bioinformatics, machine learning and databases and its (in)approximability remains open. In this paper, we show that for a wide range of choices of $\mathcal{S}$, specifically when $| \frac{\min_{w}\{w\in \mathcal{S} \}} {\max_{w}\{w\in \mathcal{S} \}} | \in Ω(η^{δ-1/2}) \cap O(η^{1/2-δ})$ (where $η= \max\{|V_1|, |V_2|\}$, and $δ\in (0,1/2]$), no polynomial time algorithm can approximate $\mathcal{S}$-MWEB within a factor of $n^ε$ for some $ε> 0$ unless $\mathsf{RP = NP}$. We also give applications of this result by showing that finding statistically significant biclusters in the SAMBA model \cite{Tan02} is $n^ε$-inapproximable and no polynomial time algorithm exists for the Minimum Description Length with Holes problem \cite{Bu05} unless $\mathsf{RP=NP}$.",arXiv,preprint,2007,q-bio,https://arxiv.org/abs/0704.0468,v1,2026-06-10,,,lev=0.411; q='bioinformatics machine learning arxiv'
B-0150-fn,B,arXiv:0704.0468,Inapproximability of Maximum Weighted Edge Biclique and Its Applications,J. Tan,"Given a bipartite graph G = (V1, V2, E) where edges take on both positive and negative weights from set S, the maximum weighted edge biclique problem, or S-MWEB for short, asks to find a bipartite subgraph whose sum of edge weights is maximized. This problem has various applications in bioinformatics, machine learning and databases and its (in)approximability remains open. In this paper, we show that for a wide range of choices of S, specifically when |min S/max S| ∈ Ω(ηδ-1/2) ∩ O(η1/2-δ) (where η = max{|V1|, |V2|}, and δ ∈ (0, 1/2), no polynomial time algorithm can approximate S-MWEB within a factor of nƐ for some Ɛ > 0 unless RP = NP. This hardness result gives justification of the heuristic approaches adopted for various applied problems in the aforementioned areas, and indicates that good approximation algorithms are unlikely to exist. Specifically, we give two applications by showing that: 1) finding statistically significant biclusters in the SAMBA model, proposed in [18] for the analysis of microarray data, is nƐ-inapproximable; and 2) no polynomial time algorithm exists for the Minimum Description Length with Holes problem [4] unless RP = NP.",theory and applications of models of computation,preprint,2007,q-bio,https://arxiv.org/abs/0704.0468,final,2026-06-10,,,lev=0.411; q='bioinformatics machine learning arxiv'
B-0151-v1,B,arXiv:1308.2218,Coding for Random Projections,"Ping Li, M. Mitzenmacher, Anshumali Shrivastava","The method of random projections has become very popular for large-scale applications in statistical learning, information retrieval, bio-informatics and other applications. Using a well-designed coding scheme for the projected data, which determines the number of bits needed for each projected value and how to allocate these bits, can significantly improve the effectiveness of the algorithm, in storage cost as well as computational speed. In this paper, we study a number of simple coding schemes, focusing on the task of similarity estimation and on an application to training linear classifiers. We demonstrate that uniform quantization outperforms the standard existing influential method (Datar et. al. 2004). Indeed, we argue that in many cases coding with just a small number of bits suffices. Furthermore, we also develop a non-uniform 2-bit coding scheme that generally performs well in practice, as confirmed by our experiments on training linear support vector machines (SVM).",arXiv,preprint,2013,q-bio,https://arxiv.org/abs/1308.2218,v1,2026-06-10,,,lev=0.384; q='bioinformatics machine learning arxiv'
B-0151-fn,B,arXiv:1308.2218,Coding for Random Projections,"Ping Li, M. Mitzenmacher, Anshumali Shrivastava","The method of random projections has become popular for large-scale applications in statistical learning, information retrieval, bio-informatics and other applications. Using a well-designed coding scheme for the projected data, which determines the number of bits needed for each projected value and how to allocate these bits, can significantly improve the effectiveness of the algorithm, in storage cost as well as computational speed. In this paper, we study a number of simple coding schemes, focusing on the task of similarity estimation and on an application to training linear classifiers. We demonstrate that uniform quantization outperforms the standard and influential method (Datar et al., 2004), which used a window-and-random offset scheme. Indeed, we argue that in many cases coding with just a small number of bits suffices. Furthermore, we also develop a non-uniform 2-bit coding scheme that generally performs well in practice, as confirmed by our experiments on training linear support vector machines (SVM). Proofs and additional experiments are available at arXiv:1308.2218. 
 
In the context of using coded random projections for approximate near neighbor search by building hash tables (arXiv:1403.8144) (Li et al., 2014), we show that the step of random off-set in (Datar et al., 2004) is again not needed and may hurt the performance. Furthermore, we show that, unless the target similarity level is high, it usually suffices to use only 1 or 2 bits to code each hashed value for this task. Section 7 presents some experimental results for LSH.",international conference on machine learning,preprint,2013,q-bio,https://arxiv.org/abs/1308.2218,final,2026-06-10,,,lev=0.384; q='bioinformatics machine learning arxiv'
B-0152-v1,B,arXiv:cond-mat/0102280,Automated assignment of SCOP and CATH protein structure classifications from FSSP scores,"G. Getz, M. Vendruscolo, David Sachs, E. Domany",The server encountered an internal error and was unable to complete your request. Either the server is overloaded or there is an error in the application.,arXiv,preprint,2001,q-bio,https://arxiv.org/abs/cond-mat/0102280,v1,2026-06-10,,,lev=0.859; q='protein structure prediction arxiv'
B-0152-fn,B,arXiv:cond-mat/0102280,Automated assignment of SCOP and CATH protein structure classifications from FSSP scores,"G. Getz, M. Vendruscolo, David Sachs, E. Domany","We present an automated procedure to assign CATH and SCOP classifications to proteins whose FSSP score is available. CATH classification is assigned down to the topology level, and SCOP classification is assigned to the fold level. Because the FSSP database is updated weekly, this method makes it possible to update also CATH and SCOP with the same frequency. Our predictions have a nearly perfect success rate when ambiguous cases are discarded. These ambiguous cases are intrinsic in any protein structure classification that relies on structural information alone. Hence, we introduce the “twilight zone for structure classification.” We further suggest that to resolve these ambiguous cases, other criteria of classification, based also on information about sequence and function, must be used. Proteins 2002;46:405–415. © 2002 Wiley‐Liss, Inc.","proteins: structure, function, and bioinformatics",preprint,2001,q-bio,https://arxiv.org/abs/cond-mat/0102280,final,2026-06-10,,,lev=0.859; q='protein structure prediction arxiv'
B-0153-v1,B,arXiv:q-bio/0611039,Protein structural variation in computational models and crystallographic data.,"D. Kondrashov, Adam W. Van Wynsberghe, R. Bannen, Q. Cui, G. Phillips","Normal mode analysis offers an efficient way of modeling the conformational flexibility of protein structures. Simple models defined by contact topology, known as elastic network models, have been used to model a variety of systems, but the validation is typically limited to individual modes for a single protein. We use anisotropic displacement parameters from crystallography to test the quality of prediction of both the magnitude and directionality of conformational variance. Normal modes from four simple elastic network model potentials and from the CHARMM forcefield are calculated for a data set of 83 diverse, ultrahigh resolution crystal structures. While all five potentials provide good predictions of the magnitude of flexibility, the methods that consider all atoms have a clear edge at prediction of directionality, and the CHARMM potential produces the best agreement. The low-frequency modes from different potentials are similar, but those computed from the CHARMM potential show the greatest difference from the elastic network models. This was illustrated by computing the dynamic correlation matrices from different potentials for a PDZ domain structure. Comparison of normal mode results with anisotropic temperature factors opens the possibility of using ultrahigh resolution crystallographic data as a quantitative measure of molecular flexibility. The comprehensive evaluation demonstrates the costs and benefits of using normal mode potentials of varying complexity. Comparison of the dynamic correlation matrices suggests that a combination of topological and chemical potentials may help identify residues in which chemical forces make large contributions to intramolecular coupling.",arXiv,preprint,2006,q-bio,https://arxiv.org/abs/q-bio/0611039,v1,2026-06-10,,,lev=0.470; q='protein structure prediction arxiv'
B-0153-fn,B,arXiv:q-bio/0611039,Protein structural variation in computational models and crystallographic data.,"D. Kondrashov, Adam W. Van Wynsberghe, R. Bannen, Q. Cui, G. Phillips","Normal mode analysis offers an efficient way of modeling the conformational flexibility of protein structures. We use anisotropic displacement parameters from crystallography to test the quality of prediction of both the magnitude and directionality of conformational flexibility. Normal modes from four simple elastic network model potentials and from the CHARMM force field are calculated for a data set of 83 diverse, ultrahigh-resolution crystal structures. While all five potentials provide good predictions of the magnitude of flexibility, all-atom potentials have a clear edge at prediction of directionality, and the CHARMM potential has the highest prediction quality. The low-frequency modes from different potentials are similar, but those computed from the CHARMM potential show the greatest difference from the elastic network models. The comprehensive evaluation demonstrates the costs and benefits of using normal mode potentials of varying complexity.",structure,preprint,2006,q-bio,https://arxiv.org/abs/q-bio/0611039,final,2026-06-10,,,lev=0.470; q='protein structure prediction arxiv'
B-0154-v1,B,arXiv:1008.4552,Elastic energy and phase structure in a continuous spin Ising chain with applications to chiral homopolymers.,"M. Chernodub, Martin Lundgren, A. Niemi","We present a numerical Monte Carlo analysis of a continuos spin Ising chain that can describe the statistical proterties of folded proteins. We find that depending on the value of the Metropolis temperature, the model displays the three known nontrivial phases of polymers: At low temperatures the model is in a collapsed phase, at medium temperatures it is in a random walk phase, and at high temperatures it enters the self-avoiding random walk phase. By investigating the temperature dependence of the specific energy we confirm that the transition between the collapsed phase and the random walk phase is a phase transition, while the random walk phase and self-avoiding random walk phase are separated from each other by a cross-over transition. We also compare the predictions of the model to a phenomenological elastic energy formula, proposed by Huang and Lei to describe folded proteins.",arXiv,preprint,2010,q-bio,https://arxiv.org/abs/1008.4552,v1,2026-06-10,,,lev=0.227; q='protein structure prediction arxiv'
B-0154-fn,B,arXiv:1008.4552,Elastic energy and phase structure in a continuous spin Ising chain with applications to chiral homopolymers.,"M. Chernodub, Martin Lundgren, A. Niemi","We present a numerical Monte Carlo analysis of the phase structure in a continuous spin Ising chain that describes chiral homopolymers. We find that depending on the value of the Metropolis temperature, the model displays the three known nontrivial phases of polymers: At low temperatures the model is in a collapsed phase, at medium temperatures it is in a random walk phase, and at high temperatures it enters the self-avoiding random walk phase. By investigating the temperature dependence of the specific energy we confirm that the transition between the collapsed phase and the random walk phase is a phase transition, while the random walk phase and self-avoiding random walk phase are separated from each other by a crossover transition. We propose that the model can be applied to characterize the statistical properties of protein folding. For this we compare the predictions of the model to a phenomenological elastic energy formula, proposed by J. Lei and K. Huang [e-print arXiv:1002.5013; Europhys. Lett. 88, 68004 (2009)] to describe folded proteins.","physical review. e, statistical, nonlinear, and soft matter physics",preprint,2010,q-bio,https://arxiv.org/abs/1008.4552,final,2026-06-10,,,lev=0.227; q='protein structure prediction arxiv'
B-0155-v1,B,arXiv:1805.07702,Predicting drug response of tumors from integrated genomic profiles by deep neural networks,"Yu-Chiao Chiu, H. Chen, Tinghe Zhang, Song-Seon Zhang, A. Gorthi, Li-Ju Wang, Yufei Huang, Yidong Chen","The study of high-throughput genomic profiles from a pharmacogenomics viewpoint has provided unprecedented insights into the oncogenic features modulating drug response. A recent screening of ~1,000 cancer cell lines to a collection of anti-cancer drugs illuminated the link between genotypes and vulnerability. However, due to essential differences between cell lines and tumors, the translation into predicting drug response in tumors remains challenging. Here we proposed a DNN model to predict drug response based on mutation and expression profiles of a cancer cell or a tumor. The model contains a mutation and an expression encoders pre-trained using a large pan-cancer dataset to abstract core representations of high-dimension data, followed by a drug response predictor network. Given a pair of mutation and expression profiles, the model predicts IC50 values of 265 drugs. We trained and tested the model on a dataset of 622 cancer cell lines and achieved an overall prediction performance of mean squared error at 1.96 (log-scale IC50 values). The performance was superior in prediction error or stability than two classical methods and four analog DNNs of our model. We then applied the model to predict drug response of 9,059 tumors of 33 cancer types. The model predicted both known, including EGFR inhibitors in non-small cell lung cancer and tamoxifen in ER+ breast cancer, and novel drug targets. The comprehensive analysis further revealed the molecular mechanisms underlying the resistance to a chemotherapeutic drug docetaxel in a pan-cancer setting and the anti-cancer potential of a novel agent, CX-5461, in treating gliomas and hematopoietic malignancies. Overall, our model and findings improve the prediction of drug response and the identification of novel therapeutic options.",arXiv,preprint,2018,q-bio,https://arxiv.org/abs/1805.07702,v1,2026-06-10,,,lev=0.375; q='genomics deep learning arxiv'
B-0155-fn,B,arXiv:1805.07702,Predicting drug response of tumors from integrated genomic profiles by deep neural networks,"Yu-Chiao Chiu, H. Chen, Tinghe Zhang, Song-Seon Zhang, A. Gorthi, Li-Ju Wang, Yufei Huang, Yidong Chen","The study of high-throughput genomic profiles from a pharmacogenomics viewpoint has provided unprecedented insights into the oncogenic features modulating drug response. A recent study screened for the response of a thousand human cancer cell lines to a wide collection of anti-cancer drugs and illuminated the link between cellular genotypes and vulnerability. However, due to essential differences between cell lines and tumors, to date the translation into predicting drug response in tumors remains challenging. Recently, advances in deep learning have revolutionized bioinformatics and introduced new techniques to the integration of genomic data. Its application on pharmacogenomics may fill the gap between genomics and drug response and improve the prediction of drug response in tumors. We proposed a deep learning model to predict drug response (DeepDR) based on mutation and expression profiles of a cancer cell or a tumor. The model contains three deep neural networks (DNNs), i) a mutation encoder pre-trained using a large pan-cancer dataset (The Cancer Genome Atlas; TCGA) to abstract core representations of high-dimension mutation data, ii) a pre-trained expression encoder, and iii) a drug response predictor network integrating the first two subnetworks. Given a pair of mutation and expression profiles, the model predicts IC50 values of 265 drugs. We trained and tested the model on a dataset of 622 cancer cell lines and achieved an overall prediction performance of mean squared error at 1.96 (log-scale IC50 values). The performance was superior in prediction error or stability than two classical methods (linear regression and support vector machine) and four analog DNN models of DeepDR, including DNNs built without TCGA pre-training, partly replaced by principal components, and built on individual types of input data. We then applied the model to predict drug response of 9059 tumors of 33 cancer types. Using per-cancer and pan-cancer settings, the model predicted both known, including EGFR inhibitors in non-small cell lung cancer and tamoxifen in ER+ breast cancer, and novel drug targets, such as vinorelbine for TTN-mutated tumors. The comprehensive analysis further revealed the molecular mechanisms underlying the resistance to a chemotherapeutic drug docetaxel in a pan-cancer setting and the anti-cancer potential of a novel agent, CX-5461, in treating gliomas and hematopoietic malignancies. Here we present, as far as we know, the first DNN model to translate pharmacogenomics features identified from in vitro drug screening to predict the response of tumors. The results covered both well-studied and novel mechanisms of drug resistance and drug targets. Our model and findings improve the prediction of drug response and the identification of novel therapeutic options.",bmc medical genomics,preprint,2018,q-bio,https://arxiv.org/abs/1805.07702,final,2026-06-10,,,lev=0.375; q='genomics deep learning arxiv'
B-0156-v1,B,arXiv:1912.08937,Pathomic Fusion: An Integrated Framework for Fusing Histopathology and Genomic Features for Cancer Diagnosis and Prognosis,"Richard J. Chen, Ming Y. Lu, Jingwen Wang, Drew F. K. Williamson, S. Rodig, N. Lindeman, Faisal Mahmood","Cancer diagnosis, prognosis and therapeutic response predictions are based on morphological information from histology slides and molecular profiles from genomic data. However, most deep learning-based objective outcome prediction and grading paradigms are based on histology or genomics alone and do not make use of the complimentary information in an intuitive manner. In this work, we propose Pathomic Fusion, a strategy for end-to-end multimodal fusion of histology image and genomic (mutations, CNV, mRNAseq) features for survival outcome prediction and patient stratification, where histologic features are also learned via graph convolutional networks (GCNs). Our approach models pairwise feature interactions across modalities by taking the Kronecker product of gated feature representations, and controls the expressiveness of each representation via a gating-based attention mechanism. The proposed framework is able to model pairwise interactions across features in different modalities and control their relative importance. We validate our approach using glioma datasets from the Cancer Genome Atlas (TCGA), which contains paired whole-slide image, genotype, and transcriptome data with ground truth survival and histologic grade labels. Based on a rigorous 15-fold cross validation, our results demonstrate that the proposed multimodal fusion paradigm improves prognostic determinations from grading and molecular subtyping as well as unimodal deep networks trained on histology and genomic data alone. The proposed method establishes insight and theory on how to train deep networks on multimodal biomedical data in an intuitive manner, which will be useful for other problems in medicine that seek to combine heterogeneous data streams for understanding diseases and predicting response and resistance to treatment.",arXiv,preprint,2019,q-bio,https://arxiv.org/abs/1912.08937,v1,2026-06-10,,,lev=0.228; q='genomics deep learning arxiv'
B-0156-fn,B,arXiv:1912.08937,Pathomic Fusion: An Integrated Framework for Fusing Histopathology and Genomic Features for Cancer Diagnosis and Prognosis,"Richard J. Chen, Ming Y. Lu, Jingwen Wang, Drew F. K. Williamson, S. Rodig, N. Lindeman, Faisal Mahmood","Cancer diagnosis, prognosis, mymargin and therapeutic response predictions are based on morphological information from histology slides and molecular profiles from genomic data. However, most deep learning-based objective outcome prediction and grading paradigms are based on histology or genomics alone and do not make use of the complementary information in an intuitive manner. In this work, we propose Pathomic Fusion, an interpretable strategy for end-to-end multimodal fusion of histology image and genomic (mutations, CNV, RNA-Seq) features for survival outcome prediction. Our approach models pairwise feature interactions across modalities by taking the Kronecker product of unimodal feature representations, and controls the expressiveness of each representation via a gating-based attention mechanism. Following supervised learning, we are able to interpret and saliently localize features across each modality, and understand how feature importance shifts when conditioning on multimodal input. We validate our approach using glioma and clear cell renal cell carcinoma datasets from the Cancer Genome Atlas (TCGA), which contains paired whole-slide image, genotype, and transcriptome data with ground truth survival and histologic grade labels. In a 15-fold cross-validation, our results demonstrate that the proposed multimodal fusion paradigm improves prognostic determinations from ground truth grading and molecular subtyping, as well as unimodal deep networks trained on histology and genomic data alone. The proposed method establishes insight and theory on how to train deep networks on multimodal biomedical data in an intuitive manner, which will be useful for other problems in medicine that seek to combine heterogeneous data streams for understanding diseases and predicting response and resistance to treatment. Code and trained models are made available at: https://github.com/mahmoodlab/PathomicFusion.",ieee transactions on medical imaging,preprint,2019,q-bio,https://arxiv.org/abs/1912.08937,final,2026-06-10,,,lev=0.228; q='genomics deep learning arxiv'
B-0157-v1,B,arXiv:1805.08905,AffinityNet: semi-supervised few-shot learning for disease type prediction,"Tianle Ma, A. Zhang","Motivation:While deep learning has achieved great success in computer vision and other fields, currently it does not work well on genomic data due to ""big p, small n"" problem (i.e., relatively small number of samples with high-dimensional features). In order to make deep learning work with a small amount of training data, we have to design new models that can facilitate few-shot learning. In this paper we focus on developing data efficient deep learning models that learn from a limited number of training examples and generalize well. Results: We developed two deep learningmodules: feature attention layer and k-Nearest-Neighbor (kNN) attention poolinglayer tomake ourmodelmuchmore data efficient than conventionaldeep learningmodels. Feature attention layer can directly select important features that are useful for patient classification. kNN attention pooling layer is based on graph attention model, and is good for semi-supervised few-shot learning. Experiments on both synthetic data and cancer genomic data from TCGA projects show that our method has better generalization power than conventional neural network model. Availability: We have implemented our method using PyTorch deep learning framework (https://pytorch.org). The code is freely available at https://github.com/BeautyOfWeb/AffinityNet.",arXiv,preprint,2018,q-bio,https://arxiv.org/abs/1805.08905,v1,2026-06-10,,,lev=0.491; q='genomics deep learning arxiv'
B-0157-fn,B,arXiv:1805.08905,AffinityNet: semi-supervised few-shot learning for disease type prediction,"Tianle Ma, A. Zhang","While deep learning has achieved great success in computer vision and many other fields, currently it does not work very well on patient genomic data with the “big p, small N” problem (i.e., a relatively small number of samples with highdimensional features). In order to make deep learning work with a small amount of training data, we have to design new models that facilitate few-shot learning. Here we present the Affinity Network Model (AffinityNet), a data efficient deep learning model that can learn from a limited number of training examples and generalize well. The backbone of the AffinityNet model consists of stacked k-Nearest-Neighbor (kNN) attention pooling layers. The kNN attention pooling layer is a generalization of the Graph Attention Model (GAM), and can be applied to not only graphs but also any set of objects regardless of whether a graph is given or not. As a new deep learning module, kNN attention pooling layers can be plugged into any neural network model just like convolutional layers. As a simple special case of kNN attention pooling layer, feature attention layer can directly select important features that are useful for classification tasks. Experiments on both synthetic data and cancer genomic data from TCGA projects show that our AffinityNet model has better generalization power than conventional neural network models with little training data.",aaai conference on artificial intelligence,preprint,2018,q-bio,https://arxiv.org/abs/1805.08905,final,2026-06-10,,,lev=0.491; q='genomics deep learning arxiv'
B-0158-v1,B,arXiv:1808.02376,A multiscale neural network based on hierarchical nested bases,"Yuwei Fan, Jordi Feliu-Fabà, Lin Lin, Lexing Ying, Leonardo Zepeda-Núñez","In recent years, deep learning has led to impressive results in many fields. In this paper, we introduce a multi-scale artificial neural network for high-dimensional non-linear maps based on the idea of hierarchical nested bases in the fast multipole method and the $\mathcal{H}^2$-matrices. This approach allows us to efficiently approximate discretized nonlinear maps arising from partial differential equations or integral equations. It also naturally extends our recent work based on the generalization of hierarchical matrices [Fan et al. arXiv:1807.01883] but with a reduced number of parameters. In particular, the number of parameters of the neural network grows linearly with the dimension of the parameter space of the discretized PDE. We demonstrate the properties of the architecture by approximating the solution maps of non-linear Schr{ö}dinger equation, the radiative transfer equation, and the Kohn-Sham map.",arXiv,preprint,2018,q-bio,https://arxiv.org/abs/1808.02376,v1,2026-06-10,,,lev=0.220; q='genomics deep learning arxiv'
B-0158-fn,B,arXiv:1808.02376,A multiscale neural network based on hierarchical nested bases,"Yuwei Fan, Jordi Feliu-Fabà, Lin Lin, Lexing Ying, Leonardo Zepeda-Núñez","In recent years, deep learning has led to impressive results in many fields. In this paper, we introduce a multiscale artificial neural network for high-dimensional nonlinear maps based on the idea of hierarchical nested bases in the fast multipole method and the H2\documentclass[12pt]{minimal} \usepackage{amsmath} \usepackage{wasysym} \usepackage{amsfonts} \usepackage{amssymb} \usepackage{amsbsy} \usepackage{mathrsfs} \usepackage{upgreek} \setlength{\oddsidemargin}{-69pt} \begin{document}$$\mathcal {H}^2$$\end{document}-matrices. This approach allows us to efficiently approximate discretized nonlinear maps arising from partial differential equations or integral equations. It also naturally extends our recent work based on the generalization of hierarchical matrices (Fan et al. arXiv:1807.01883), but with a reduced number of parameters. In particular, the number of parameters of the neural network grows linearly with the dimension of the parameter space of the discretized PDE. We demonstrate the properties of the architecture by approximating the solution maps of nonlinear Schrödinger equation, the radiative transfer equation and the Kohn–Sham map.",research in the mathematical sciences,preprint,2018,q-bio,https://arxiv.org/abs/1808.02376,final,2026-06-10,,,lev=0.220; q='genomics deep learning arxiv'
B-0159-v1,B,arXiv:1912.09964,Grouping of contracts in insurance using neural networks,"Mark Kiermayer, Christian Weiß","Despite the high importance of grouping in practice, there exists little research on the respective topic. The present work presents a complete framework for grouping and a novel method to optimize model points. Model points are used to substitute clusters of contracts in an insurance portfolio and thus yield a smaller, computationally less burdensome portfolio. This grouped portfolio is controlled to have similar characteristics as the original portfolio. We provide numerical results for term life insurance and defined contribution plans, which indicate the superiority of our approach compared to K-means clustering, a common baseline algorithm for grouping. Lastly, we show that the presented concept can optimize a fixed number of model points for the entire portfolio simultaneously. This eliminates the need for any pre-clustering of the portfolio, e.g. by K-means clustering, and therefore presents our method as an entirely new and independent methodology.",arXiv,preprint,2019,q-bio,https://arxiv.org/abs/1912.09964,v1,2026-06-10,,,lev=0.611; q='genomics deep learning arxiv'
B-0159-fn,B,arXiv:1912.09964,Grouping of contracts in insurance using neural networks,"Mark Kiermayer, Christian Weiß","ABSTRACT Despite the high importance of grouping in practice, there exists little research on the respective topic. The present work presents a framework for grouping and a novel method to optimize model points in life insurance. We introduce a supervised clustering algorithm using neural networks to form a less complex portfolio, alias grouping. In a two-step approach, we first approximate selected characteristics of a portfolio. Next, we nest this estimator in a neural network, such that cluster representatives, alias model points, are calibrated in accordance with their effect on the characteristics of the portfolio. This approach is similar to the work by Horvath, B., Muguruza, A. & Tomas, M. [(2019). Deep learning volatility. Available on arXiv 1901.09647.], who focus on the calibration of implied volatility models. Our numerical experiments for term life insurance and defined contribution pension plans show significant improvements, in terms of capturing the characteristics of a portfolio, of the neural network approach over K-means clustering, a common baseline algorithm for grouping. These results are further confirmed by a sensitivity analysis of the investment surplus, where we additionally show the flexibility of the model to include common industry practice.",scandinavian actuarial journal,preprint,2019,q-bio,https://arxiv.org/abs/1912.09964,final,2026-06-10,,,lev=0.611; q='genomics deep learning arxiv'
B-0160-v1,B,arXiv:1906.07794,Convolutional neural network models for cancer type prediction based on gene expression,"Milad Mostavi, Yu-Chiao Chiu, Yufei Huang, Yidong Chen","Background Precise prediction of cancer types is vital for cancer diagnosis and therapy. Important cancer marker genes can be inferred through predictive model. Several studies have attempted to build machine learning models for this task however none has taken into consideration the effects of tissue of origin that can potentially bias the identification of cancer markers. Results In this paper, we introduced several Convolutional Neural Network (CNN) models that take unstructured gene expression inputs to classify tumor and non-tumor samples into their designated cancer types or as normal. Based on different designs of gene embeddings and convolution schemes, we implemented three CNN models: 1D-CNN, 2D-Vanilla-CNN, and 2D-Hybrid-CNN. The models were trained and tested on combined 10,340 samples of 33 cancer types and 731 matched normal tissues of The Cancer Genome Atlas (TCGA). Our models achieved excellent prediction accuracies (93.9-95.0%) among 34 classes (33 cancers and normal). Furthermore, we interpreted one of the models, known as 1D-CNN model, with a guided saliency technique and identified a total of 2,090 cancer markers (108 per class). The concordance of differential expression of these markers between the cancer type they represent and others is confirmed. In breast cancer, for instance, our model identified well-known markers, such as GATA3 and ESR1. Finally, we extended the 1D-CNN model for prediction of breast cancer subtypes and achieved an average accuracy of 88.42% among 5 subtypes. The codes can be found at https://github.com/chenlabgccri/CancerTypePrediction.",arXiv,preprint,2019,q-bio,https://arxiv.org/abs/1906.07794,v1,2026-06-10,,,lev=0.271; q='gene expression neural network arxiv'
B-0160-fn,B,arXiv:1906.07794,Convolutional neural network models for cancer type prediction based on gene expression,"Milad Mostavi, Yu-Chiao Chiu, Yufei Huang, Yidong Chen","Precise prediction of cancer types is vital for cancer diagnosis and therapy. Through a predictive model, important cancer marker genes can be inferred. Several studies have attempted to build machine learning models for this task however none has taken into consideration the effects of tissue of origin that can potentially bias the identification of cancer markers. In this paper, we introduced several Convolutional Neural Network (CNN) models that take unstructured gene expression inputs to classify tumor and non-tumor samples into their designated cancer types or as normal. Based on different designs of gene embeddings and convolution schemes, we implemented three CNN models: 1D-CNN, 2D-Vanilla-CNN, and 2D-Hybrid-CNN. The models were trained and tested on gene expression profiles from combined 10,340 samples of 33 cancer types and 713 matched normal tissues of The Cancer Genome Atlas (TCGA). Our models achieved excellent prediction accuracies (93.9–95.0%) among 34 classes (33 cancers and normal). Furthermore, we interpreted one of the models, 1D-CNN model, with a guided saliency technique and identified a total of 2090 cancer markers (108 per class on average). The concordance of differential expression of these markers between the cancer type they represent and others is confirmed. In breast cancer, for instance, our model identified well-known markers, such as GATA3 and ESR1. Finally, we extended the 1D-CNN model for the prediction of breast cancer subtypes and achieved an average accuracy of 88.42% among 5 subtypes. The codes can be found at https://github.com/chenlabgccri/CancerTypePrediction. Here we present novel CNN designs for accurate and simultaneous cancer/normal and cancer types prediction based on gene expression profiles, and unique model interpretation scheme to elucidate biologically relevance of cancer marker genes after eliminating the effects of tissue-of-origin. The proposed model has light hyperparameters to be trained and thus can be easily adapted to facilitate cancer diagnosis in the future.",bmc medical genomics,preprint,2019,q-bio,https://arxiv.org/abs/1906.07794,final,2026-06-10,,,lev=0.271; q='gene expression neural network arxiv'
B-0161-v1,B,arXiv:1408.5405,Recurrent neural network based hybrid model for reconstructing gene regulatory network,"Khalid Raza, Mansaf Alam","Systems biology is an emerging interdisciplinary area of research that focuses on study of complex interactions in a biological system, such as gene regulatory networks. The discovery of gene regulatory networks leads to a wide range of applications, such as pathways related to a disease that can unveil in what way the disease acts and provide novel tentative drug targets. In addition, the development of biological models from discovered networks or pathways can help to predict the responses to disease and can be much useful for the novel drug development and treatments. The inference of regulatory networks from biological data is still in its infancy stage. This paper proposes a recurrent neural network (RNN) based gene regulatory network (GRN) model hybridized with generalized extended Kalman filter for weight update in backpropagation through time training algorithm. The RNN is a complex neural network that gives a better settlement between the biological closeness and mathematical flexibility to model GRN. The RNN is able to capture complex, non-linear and dynamic relationship among variables. Gene expression data are inherently noisy and Kalman filter performs well for estimation even in noisy data. Hence, non-linear version of Kalman filter, i.e., generalized extended Kalman filter has been applied for weight update during network training. The developed model has been applied on DNA SOS repair network, IRMA network, and two synthetic networks from DREAM Challenge. We compared our results with other state-of-the-art techniques that show superiority of our model. Further, 5% Gaussian noise has been added in the dataset and result of the proposed model shows negligible effect of noise on the results.",arXiv,preprint,2014,q-bio,https://arxiv.org/abs/1408.5405,v1,2026-06-10,,,lev=0.373; q='gene expression neural network arxiv'
B-0161-fn,B,arXiv:1408.5405,Recurrent neural network based hybrid model for reconstructing gene regulatory network,"Khalid Raza, Mansaf Alam","One of the exciting problems in systems biology research is to decipher how genome controls the development of complex biological system. The gene regulatory networks (GRNs) help in the identification of regulatory interactions between genes and offer fruitful information related to functional role of individual gene in a cellular system. Discovering GRNs lead to a wide range of applications, including identification of disease related pathways providing novel tentative drug targets, helps to predict disease response, and also assists in diagnosing various diseases including cancer. Reconstruction of GRNs from available biological data is still an open problem. This paper proposes a recurrent neural network (RNN) based model of GRN, hybridized with generalized extended Kalman filter for weight update in backpropagation through time training algorithm. The RNN is a complex neural network that gives a better settlement between biological closeness and mathematical flexibility to model GRN; and is also able to capture complex, non-linear and dynamic relationships among variables. Gene expression data are inherently noisy and Kalman filter performs well for estimation problem even in noisy data. Hence, we applied non-linear version of Kalman filter, known as generalized extended Kalman filter, for weight update during RNN training. The developed model has been tested on four benchmark networks such as DNA SOS repair network, IRMA network, and two synthetic networks from DREAM Challenge. We performed a comparison of our results with other state-of-the-art techniques which shows superiority of our proposed model. Further, 5% Gaussian noise has been induced in the dataset and result of the proposed model shows negligible effect of noise on results, demonstrating the noise tolerance capability of the model.",comput. biol. chem.,preprint,2014,q-bio,https://arxiv.org/abs/1408.5405,final,2026-06-10,,,lev=0.373; q='gene expression neural network arxiv'
B-0162-v1,B,arXiv:1811.07054,Synergistic Drug Combination Prediction by Integrating Multi-omics Data in Deep Learning Models,"Tianyu Zhang, Liwei Zhang, Philip R. O. Payne, Fuhai Li","Drug resistance is still a major challenge in cancer therapy. Drug combination is expected to overcome drug resistance. However, the number of possible drug combinations is enormous, and thus it is infeasible to experimentally screen all effective drug combinations considering the limited resources. Therefore, computational models to predict and prioritize effective drug combinations is important for combinatory therapy discovery in cancer. In this study, we proposed a novel deep learning model, AuDNNsynergy, to prediction drug combinations by integrating multi-omics data and chemical structure data. In specific, three autoencoders were trained using the gene expression, copy number and genetic mutation data of all tumor samples from The Cancer Genome Atlas. Then the physicochemical properties of drugs combined with the output of the three autoencoders, characterizing the individual cancer cell-lines, were used as the input of a deep neural network that predicts the synergy value of given pair-wise drug combinations against the specific cancer cell-lines. The comparison results showed the proposed AuDNNsynergy model outperforms four state-of-art approaches, namely DeepSynergy, Gradient Boosting Machines, Random Forests, and Elastic Nets. Moreover, we conducted the interpretation analysis of the deep learning model to investigate potential vital genetic predictors and the underlying mechanism of synergistic drug combinations on specific cancer cell-lines.",arXiv,preprint,2018,q-bio,https://arxiv.org/abs/1811.07054,v1,2026-06-10,,,lev=0.405; q='gene expression neural network arxiv'
B-0162-fn,B,arXiv:1811.07054,Synergistic Drug Combination Prediction by Integrating Multi-omics Data in Deep Learning Models,"Tianyu Zhang, Liwei Zhang, Philip R. O. Payne, Fuhai Li","Intrinsic and acquired drug resistance is a major challenge in cancer therapy. Synergistic drug combinations could help to overcome drug resistance. However, the number of possible drug combinations is enormous, and it is infeasible to experimentally screen all drug combinations with limited resources. Therefore, computational models to predict and prioritize effective drug combinations are important for combination therapy discovery. Compared with existing models, we propose a novel deep learning model, AuDNNsynergy, to predict the synergy of pairwise drug combinations by integrating multiomics data. Specifically, three autoencoders are trained using the gene expression, copy number, and genetic mutation data of tumor samples from The Cancer Genome Atlas (TCGA). Then the gene expression, copy number, and mutation of individual cancer cell lines are coded using the three trained autoencoders. The physicochemical features of individual drugs and the encoded omics data of individual cancer cell lines are used as the input features of a deep neural network that predicts the synergy score of given pairwise drug combinations against the specific cancer cell lines. The comparison results showed the proposed AuDNNsynergy model outperforms, specifically in terms of rank correlation metric, four state-of-the-art approaches, namely, DeepSynergy, Gradient Boosting Machines, Random Forests, and Elastic Nets.",methods in molecular biology,preprint,2018,q-bio,https://arxiv.org/abs/1811.07054,final,2026-06-10,,,lev=0.405; q='gene expression neural network arxiv'
B-0163-v1,B,arXiv:1301.2270,Multivariate Information Bottleneck,"N. Friedman, Ori Mosenzon, N. Slonim, Naftali Tishby","The Information bottleneck method is an unsupervised non-parametric data organization technique. Given a joint distribution P(A,B), this method constructs a new variable T that extracts partitions, or clusters, over the values of A that are informative about B. The information bottleneck has already been applied to document classification, gene expression, neural code, and spectral analysis. In this paper, we introduce a general principled framework for multivariate extensions of the information bottleneck method. This allows us to consider multiple systems of data partitions that are inter-related. Our approach utilizes Bayesian networks for specifying the systems of clusters and what information each captures. We show that this construction provides insight about bottleneck variations and enables us to characterize solutions of these variations. We also present a general framework for iterative algorithms for constructing solutions, and apply it to several examples.",arXiv,preprint,2001,q-bio,https://arxiv.org/abs/1301.2270,v1,2026-06-10,,,lev=0.204; q='gene expression neural network arxiv'
B-0163-fn,B,arXiv:1301.2270,Multivariate Information Bottleneck,"N. Friedman, Ori Mosenzon, N. Slonim, Naftali Tishby","The information bottleneck (IB) method is an unsupervised model independent data organization technique. Given a joint distribution, p(X, Y), this method constructs a new variable, T, that extracts partitions, or clusters, over the values of X that are informative about Y. Algorithms that are motivated by the IB method have already been applied to text classification, gene expression, neural code, and spectral analysis. Here, we introduce a general principled framework for multivariate extensions of the IB method. This allows us to consider multiple systems of data partitions that are interrelated. Our approach utilizes Bayesian networks for specifying the systems of clusters and which information terms should be maintained. We show that this construction provides insights about bottleneck variations and enables us to characterize the solutions of these variations. We also present four different algorithmic approaches that allow us to construct solutions in practice and apply them to several real-world problems.",neural computation,preprint,2001,q-bio,https://arxiv.org/abs/1301.2270,final,2026-06-10,,,lev=0.204; q='gene expression neural network arxiv'
B-0164-v1,B,arXiv:1607.06358,"Bayesian uncertainty analysis for complex systems biology models: emulation, global parameter searches and evaluation of gene functions","I. Vernon, Junli Liu, M. Goldstein, James Rowe, J. Topping, K. Lindsey","Background: Many mathematical models have now been employed across every area of systems biology. These models increasingly involve large numbers of unknown parameters, have complex structure which can result in substantial evaluation time relative to the needs of the analysis, and need to be compared to observed data. The correct analysis of such models usually requires a global parameter search, over a high dimensional parameter space, that incorporates and respects the most important sources of uncertainty. This can be an extremely difficult task, but it is essential for any meaningful inference or prediction to be made about any biological system. It hence represents a fundamental challenge for the whole of systems biology.   Results: Bayesian statistical methodology for the uncertainty analysis of complex models is introduced, which is designed to address the high dimensional global parameter search problem. Bayesian emulators that mimic the systems biology model but which are extremely fast to evaluate are embedded within an iterative history match: an efficient method to search high dimensional spaces within a more formal statistical setting, while incorporating major sources of uncertainty. The approach is demonstrated via application to two models of hormonal crosstalk in Arabidopsis root development, which have 32 rate parameters, for which we identify the sets of rate parameter values that lead to acceptable matches to observed trend data. The biological consequences of the resulting comparison, including the evaluation of gene functions, are described.",arXiv,preprint,2016,q-bio,https://arxiv.org/abs/1607.06358,v1,2026-06-10,,,lev=0.253; q='systems biology arxiv'
B-0164-fn,B,arXiv:1607.06358,"Bayesian uncertainty analysis for complex systems biology models: emulation, global parameter searches and evaluation of gene functions","I. Vernon, Junli Liu, M. Goldstein, James Rowe, J. Topping, K. Lindsey","BackgroundMany mathematical models have now been employed across every area of systems biology. These models increasingly involve large numbers of unknown parameters, have complex structure which can result in substantial evaluation time relative to the needs of the analysis, and need to be compared to observed data of various forms. The correct analysis of such models usually requires a global parameter search, over a high dimensional parameter space, that incorporates and respects the most important sources of uncertainty. This can be an extremely difficult task, but it is essential for any meaningful inference or prediction to be made about any biological system. It hence represents a fundamental challenge for the whole of systems biology.MethodsBayesian statistical methodology for the uncertainty analysis of complex models is introduced, which is designed to address the high dimensional global parameter search problem. Bayesian emulators that mimic the systems biology model but which are extremely fast to evaluate are embeded within an iterative history match: an efficient method to search high dimensional spaces within a more formal statistical setting, while incorporating major sources of uncertainty.ResultsThe approach is demonstrated via application to a model of hormonal crosstalk in Arabidopsis root development, which has 32 rate parameters, for which we identify the sets of rate parameter values that lead to acceptable matches between model output and observed trend data. The multiple insights into the model’s structure that this analysis provides are discussed. The methodology is applied to a second related model, and the biological consequences of the resulting comparison, including the evaluation of gene functions, are described.ConclusionsBayesian uncertainty analysis for complex models using both emulators and history matching is shown to be a powerful technique that can greatly aid the study of a large class of systems biology models. It both provides insight into model behaviour and identifies the sets of rate parameters of interest.",bmc systems biology,preprint,2016,q-bio,https://arxiv.org/abs/1607.06358,final,2026-06-10,,,lev=0.253; q='systems biology arxiv'
B-0165-v1,B,arXiv:1312.4744,Systems biology modeling of omics data: effect of cyclosporine a on the Nrf2 pathway in human renal cells,"J. Hamon, P. Jennings, F. Bois","In a recent paper, Wilmes et al. demonstrated a qualitative integration of omics data streams to gain a mechanistic understanding of cyclosporine A toxicity. One of their major conclusions was that cyclosporine A strongly activates the nuclear factor (erythroid-derived 2)-like 2 pathway (Nrf2) in renal proximal tubular epithelial cells exposed in vitro. We pursue here the analysis of those data with a quantitative integration of omics data with a differential equation model of the Nrf2 pathway. That was done in two steps: (i) Modeling the in vitro pharmacokinetics of cyclosporine A (exchange between cells, culture medium and vial walls) with a minimal distribution model. (ii) Modeling the time course of omics markers in response to cyclosporine A exposure at the cell level with a coupled PK-systems biology model. Posterior statistical distributions of the parameter values were obtained by Markov chain Monte Carlo sampling. Data were well simulated, and the known in vitro toxic effect EC50 was well matched by model predictions. The integration of in vitro pharmacokinetics and systems biology modeling gives us a quantitative insight into mechanisms of cyclosporine A oxidative-stress induction, and a way to predict such a stress for a variety of exposure conditions.",arXiv,preprint,2013,q-bio,https://arxiv.org/abs/1312.4744,v1,2026-06-10,,,lev=0.555; q='systems biology arxiv'
B-0165-fn,B,arXiv:1312.4744,Systems biology modeling of omics data: effect of cyclosporine a on the Nrf2 pathway in human renal cells,"J. Hamon, P. Jennings, F. Bois","BackgroundIncorporation of omic data streams for building improved systems biology models has great potential for improving their predictions of biological outcomes. We have recently shown that cyclosporine A (CsA) strongly activates the nuclear factor (erythroid-derived 2)-like 2 pathway (Nrf2) in renal proximal tubular epithelial cells (RPTECs) exposed in vitro. We present here a quantitative calibration of a differential equation model of the Nrf2 pathway with a subset of the omics data we collected.ResultsIn vitro pharmacokinetic data on CsA exchange between cells, culture medium and vial walls, and data on the time course of omics markers in response to CsA exposure were reasonably well fitted with a coupled PK-systems biology model. Posterior statistical distributions of the model parameter values were obtained by Markov chain Monte Carlo sampling in a Bayesian framework. A complex cyclic pattern of ROS production and control emerged at 5 μM CsA repeated exposure. Plateau responses were found at 15 μM exposures. Shortly above those exposure levels, the model predicts a disproportionate increase in cellular ROS quantity which is consistent with an in vitro EC50 of about 40 μM for CsA in RPTECs.ConclusionsThe model proposed can be used to analyze and predict cellular response to oxidative stress, provided sufficient data to set its parameters to cell-specific values. Omics data can be used to that effect in a Bayesian statistical framework which retains prior information about the likely parameter values.",bmc systems biology,preprint,2013,q-bio,https://arxiv.org/abs/1312.4744,final,2026-06-10,,,lev=0.555; q='systems biology arxiv'
B-0166-v1,B,arXiv:q-bio/0610003,Family tree of Markov models in systems biology.,"Mukhtar Ullah, Olaf Wolkenhauer",The server encountered an internal error and was unable to complete your request. Either the server is overloaded or there is an error in the application.,arXiv,preprint,2006,q-bio,https://arxiv.org/abs/q-bio/0610003,v1,2026-06-10,,,lev=0.876; q='systems biology arxiv'
B-0166-fn,B,arXiv:q-bio/0610003,Family tree of Markov models in systems biology.,"Mukhtar Ullah, Olaf Wolkenhauer","Motivated by applications in systems biology, a probabilistic framework based on Markov processes is proposed to represent intracellular processes. The formal relationships between different stochastic models referred to in the systems biology literature are reviewed. As part of this review, a novel derivation of the differential Chapman-Kolmogorov equation for a general multidimensional Markov process made up of both continuous and jump processes, is presented. First, the definition of a time-derivative for a probability density is focused, but placing no restrictions on the probability distribution, in particular, it is not assumed to be to be confined to a region that has a surface (on which the probability is zero). In this derivation, the master equation gives the jump part of the Markov process and the Fokker-Planck equation gives the continuous part. As a result, a 'family tree' for stochastic models in systems biology is sketched, providing explicit derivations of their formal relationship and clarifying assumptions involved.",iet systems biology,preprint,2006,q-bio,https://arxiv.org/abs/q-bio/0610003,final,2026-06-10,,,lev=0.876; q='systems biology arxiv'
B-0167-v1,B,arXiv:q-bio/0703059,The regulatory network of E. coli metabolism as a Boolean dynamical system exhibits both homeostasis and flexibility of response,"Areejit Samal, Sanjay Jain","We study the system level dynamical properties of the genetic network of Escherichia coli that regulates its metabolism, and show how the architecture of this dynamical system leads to biologically useful cellular properties. Our study uses the database (Covert et al., 2004) containing 583 genes and 96 external metabolites which describes not only the network connections but also the boolean rule at each gene node that controls the switching on or off of the gene as a function of its inputs. We have studied how the attractors of the boolean dynamical system constructed from this database depend on the initial condition of the genes and on various environmental conditions corresponding to buffered minimal media. We find that the system exhibits homeostasis in that its attractors, that turn out to be fixed points or low period cycles, are highly insensitive to initial conditions or perturbations of gene configurations for any given fixed environment. At the same time the attractors show a wide variation when external media are varied implying that the system mounts a highly flexible response to changed environmental conditions. The regulatory dynamics acts to enhance the cellular growth rate under changed media. We show how structural design features of the network such acyclicity, modularity and control by environmental variables explain its dynamical behaviour.",arXiv,preprint,2007,q-bio,https://arxiv.org/abs/q-bio/0703059,v1,2026-06-10,,,lev=0.316; q='systems biology arxiv'
B-0167-fn,B,arXiv:q-bio/0703059,The regulatory network of E. coli metabolism as a Boolean dynamical system exhibits both homeostasis and flexibility of response,"Areejit Samal, Sanjay Jain","BackgroundElucidating the architecture and dynamics of large scale genetic regulatory networks of cells is an important goal in systems biology. We study the system level dynamical properties of the genetic network of Escherichia coli that regulates its metabolism, and show how its design leads to biologically useful cellular properties. Our study uses the database (Covert et al., Nature 2004) containing 583 genes and 96 external metabolites which describes not only the network connections but also the Boolean rule at each gene node that controls the switching on or off of the gene as a function of its inputs.ResultsWe have studied how the attractors of the Boolean dynamical system constructed from this database depend on the initial condition of the genes and on various environmental conditions corresponding to buffered minimal media. We find that the system exhibits homeostasis in that its attractors, that turn out to be fixed points or low period cycles, are highly insensitive to initial conditions or perturbations of gene configurations for any given fixed environment. At the same time the attractors show a wide variation when external media are varied implying that the system mounts a highly flexible response to changed environmental conditions. The regulatory dynamics acts to enhance the cellular growth rate under changed media.ConclusionOur study shows that the reconstructed genetic network regulating metabolism in E. coli is hierarchical, modular, and largely acyclic, with environmental variables controlling the root of the hierarchy. This architecture makes the cell highly robust to perturbations of gene configurations as well as highly responsive to environmental changes. The twin properties of homeostasis and response flexibility are achieved by this dynamical system even though it is not close to the edge of chaos.",bmc systems biology,preprint,2007,q-bio,https://arxiv.org/abs/q-bio/0703059,final,2026-06-10,,,lev=0.316; q='systems biology arxiv'
B-0168-v1,B,arXiv:1610.05348,Markov State Models of gene regulatory networks,"Brian K. Chu, Margaret J. Tse, Royce R. Sato, E. Read","Gene regulatory networks with dynamics characterized by multiple stable states underlie cell fate-decisions. Quantitative models that can link molecular-level knowledge of gene regulation to a global understanding of network dynamics have the potential to guide cell-reprogramming strategies. Networks are often modeled by the stochastic Chemical Master Equation, but methods for systematic identification of key properties of the global dynamics are currently lacking. We present a method for analyzing global dynamics of gene networks using the Markov State Model (MSM) framework, which utilizes a separation-of-timescales based clustering method to obtain a coarse-grained state transition graph that approximates global gene network dynamics. The method identifies the number, phenotypes, and lifetimes of long-lived network states. Application of transition path theory to the constructed MSM decomposes global dynamics into a set of dominant transition paths and associated relative probabilities for stochastic state-switching. In this proof-of-concept study, we found that the MSM provides a general framework for analyzing and visualizing stochastic multistability and state-transitions in gene networks. Our results suggest that the MSM framework, adopted from the field of atomistic Molecular Dynamics, can be a useful tool for quantitative Systems Biology at the network scale.",arXiv,preprint,2016,q-bio,https://arxiv.org/abs/1610.05348,v1,2026-06-10,,,lev=0.242; q='systems biology arxiv'
B-0168-fn,B,arXiv:1610.05348,Markov State Models of gene regulatory networks,"Brian K. Chu, Margaret J. Tse, Royce R. Sato, E. Read","BackgroundGene regulatory networks with dynamics characterized by multiple stable states underlie cell fate-decisions. Quantitative models that can link molecular-level knowledge of gene regulation to a global understanding of network dynamics have the potential to guide cell-reprogramming strategies. Networks are often modeled by the stochastic Chemical Master Equation, but methods for systematic identification of key properties of the global dynamics are currently lacking.ResultsThe method identifies the number, phenotypes, and lifetimes of long-lived states for a set of common gene regulatory network models. Application of transition path theory to the constructed Markov State Model decomposes global dynamics into a set of dominant transition paths and associated relative probabilities for stochastic state-switching.ConclusionsIn this proof-of-concept study, we found that the Markov State Model provides a general framework for analyzing and visualizing stochastic multistability and state-transitions in gene networks. Our results suggest that this framework—adopted from the field of atomistic Molecular Dynamics—can be a useful tool for quantitative Systems Biology at the network scale.",bmc systems biology,preprint,2016,q-bio,https://arxiv.org/abs/1610.05348,final,2026-06-10,,,lev=0.242; q='systems biology arxiv'
B-0169-v1,B,arXiv:1904.09976,On the methodologies for the assessment of the impact of parameters in acoustophoretic separation devices,F. Garofalo,"In this communication I reconcile the kinematic method illustrated by some authors~\cite{yang2018,vitali2018} in studying the impact of system and suspension parameters on acoustophoretic separations with the statistical method formerly proposed by Garofalo~\cite{garofalo2014,garofalo2014_2} and lately extended to particle populations by the same author~\cite{garofalo2017,garofalo2018}. The connection between these two methods is established by (i)~reinterpreting the kinematic method in terms of tangent space dynamics, and (ii)~transforming the dynamics in the tangent space into the dynamics of the area elements. The dynamics of the area elements is equivalent to the dynamics of the covariance matrix derived by moment analysis and associated with the dispersion problem during microparticle acoustophoresis. The similarities and the differences between the kinematic based method and the stochastic method proposed by the present auuthor are illustrated and discussed in the light of the numerical results for a prototypical model of acoustophoretic separation. \keywords{Acoustofl",arXiv,preprint,2019,q-bio,https://arxiv.org/abs/1904.09976,v1,2026-06-10,,,lev=0.441; q='systems biology arxiv'
B-0169-fn,B,arXiv:1904.09976,On the methodologies for the assessment of the impact of parameters in acoustophoretic separation devices,F. Garofalo,"In this communication, we reconcile the kinematic method illustrated by some authors (Yang et al. in Microfluid Nanofluid 22:44–56, 2018; Vitali et al. in RSC Adv 8:38955, 2018) in studying the impact of system and suspension parameters on acoustophoretic separations with the statistical method formerly proposed by Garofalo (Microfluid Nanofluid 18(3):367–382, 2014a; ASME 2014 3rd global congress on nanoengineering for medicine and biology NEMB2014-93092, 2014b. https://www.researchgate.net/publication/259962346_Free-flow_acoustofluidic_devices_kinematics_cross-sectional_dispersion_and_particle_ensemble_correlations_Presentation) and lately extended to particle populations by the same author (Garofalo in CBMS the 14th conference on acoustofluidics, San Diego (CA), August 28–29, 2017, 2017. https://www.researchgate.net/publication/259962346_Free-flow_acoustofluidic_devices_kinematics_cross-sectional_dispersion_and_particle_ensemble_correlations_Presentation; Quantifying acoustophoretic separation of microparticle populations by mean-and-covariance dynamics for Gaussians in mixture models, 2018. arXiv:1802.09790). The connection between these two methods is established by (1) reinterpreting the kinematic method in terms of tangent space dynamics, and (2) transforming the dynamics in the tangent space into the dynamics of the area elements. The dynamics of the area elements is equivalent to the dynamics of the covariance matrix derived by moment analysis and associated with the dispersion problem during microparticle acoustophoresis. The similarities and the differences between the kinematic based method and the stochastic method proposed by the present author are illustrated and discussed in the light of the numerical results for a prototypical model of acoustophoretic separation.",microfluidics and nanofluidics,preprint,2019,q-bio,https://arxiv.org/abs/1904.09976,final,2026-06-10,,,lev=0.441; q='systems biology arxiv'
B-0170-v1,B,arXiv:1911.05211,AMPL: A Data-Driven Modeling Pipeline for Drug Discovery,"Amanda J. Minnich, K. McLoughlin, Margaret J. Tse, Jason Deng, Andrew Weber, Neha Murad, Benjamin D. Madej, Bharath Ramsundar, T. Rush, Stacie Calad-Thomson, J. Brase, Jonathan E. Allen","One of the key requirements for incorporating machine learning into the drug discovery process is complete reproducibility and traceability of the model building and evaluation process. With this in mind, we have developed an end-to-end modular and extensible software pipeline for building and sharing machine learning models that predict key pharma-relevant parameters. The ATOM Modeling PipeLine, or AMPL, extends the functionality of the open source library DeepChem and supports an array of machine learning and molecular featurization tools. We have benchmarked AMPL on a large collection of pharmaceutical datasets covering a wide range of parameters. Our key findings include: Physicochemical descriptors and deep learning-based graph representations are significantly better than traditional fingerprints to characterize molecular features Dataset size is directly correlated to performance of prediction: single-task deep learning models only outperform shallow learners if there is enough data. Likewise, data set size has a direct impact of model predictivity independently of comprehensive hyperparameter model tuning. Our findings point to the need for public dataset integration or multi-task/transfer learning approaches. DeepChem uncertainty quantification (UQ) analysis may help identify model error; however, efficacy of UQ to filter predictions varies considerably between datasets and model types.   This software is open source and available for download at http://github.com/ATOMconsortium/AMPL.",arXiv,preprint,2019,q-bio,https://arxiv.org/abs/1911.05211,v1,2026-06-10,,,lev=0.387; q='drug discovery machine learning arxiv'
B-0170-fn,B,arXiv:1911.05211,AMPL: A Data-Driven Modeling Pipeline for Drug Discovery,"Amanda J. Minnich, K. McLoughlin, Margaret J. Tse, Jason Deng, Andrew Weber, Neha Murad, Benjamin D. Madej, Bharath Ramsundar, T. Rush, Stacie Calad-Thomson, J. Brase, Jonathan E. Allen","One of the key requirements for incorporating machine learning (ML) into the drug discovery process is complete traceability and reproducibility of the model building and evaluation process. With this in mind, we have developed an end-to-end modular and extensible software pipeline for building and sharing ML models that predict key pharma-relevant parameters. The ATOM Modeling PipeLine, or AMPL, extends the functionality of the open source library DeepChem and supports an array of ML and molecular featurization tools. We have benchmarked AMPL on a large collection of pharmaceutical data sets covering a wide range of parameters. Our key findings indicate that traditional molecular fingerprints underperform other feature representation methods. We also find that data set size correlates directly with prediction performance, which points to the need to expand public data sets. Uncertainty quantification can help predict model error, but correlation with error varies considerably between data sets and model types. Our findings point to the need for an extensible pipeline that can be shared to make model building more widely accessible and reproducible. This software is open source and available at: https://github.com/ATOMconsortium/AMPL.",journal of chemical information and modeling,preprint,2019,q-bio,https://arxiv.org/abs/1911.05211,final,2026-06-10,,,lev=0.387; q='drug discovery machine learning arxiv'
B-0171-v1,B,arXiv:1803.04465,PotentialNet for Molecular Property Prediction,"Evan N. Feinberg, Debnil Sur, Zhenqin Wu, B. Husic, Huanghao Mai, Yang Li, Saisai Sun, Jianyi Yang, Bharath Ramsundar, V. Pande","Predicting the binding free energy, or affinity, of a small molecule for a protein target is frequently the first step along the arc of drug discovery. High throughput experimental and virtual screening both suffer from low accuracy, whereas more accurate approaches in both domains suffer from lack of scale due to either financial or temporal constraints. While machine learning (ML) has made immense progress in the fields of computer vision and natural language processing, it has yet to offer comparable improvements over domain-expertise driven algorithms in the molecular sciences. In this paper, we propose new Deep Neural Network (DNN) architectures for affinity prediction. The new model architectures are at least competitive with, and in many cases state-of-the-art compared to previous knowledge-based and physics-based approaches. In addition to more standard evaluation metrics, we also propose the Regression Enrichment Factor $EF_χ^{(R)}$ for the community to benchmark against in future affinity prediction studies. Finally, we suggest the adaptation of an agglomerative clustering cross-validation strategy to more accurately reflect the generalization capacity of ML-based affinity models in future works.",arXiv,preprint,2018,q-bio,https://arxiv.org/abs/1803.04465,v1,2026-06-10,,,lev=0.760; q='drug discovery machine learning arxiv'
B-0171-fn,B,arXiv:1803.04465,PotentialNet for Molecular Property Prediction,"Evan N. Feinberg, Debnil Sur, Zhenqin Wu, B. Husic, Huanghao Mai, Yang Li, Saisai Sun, Jianyi Yang, Bharath Ramsundar, V. Pande","The arc of drug discovery entails a multiparameter optimization problem spanning vast length scales. The key parameters range from solubility (angstroms) to protein–ligand binding (nanometers) to in vivo toxicity (meters). Through feature learning—instead of feature engineering—deep neural networks promise to outperform both traditional physics-based and knowledge-based machine learning models for predicting molecular properties pertinent to drug discovery. To this end, we present the PotentialNet family of graph convolutions. These models are specifically designed for and achieve state-of-the-art performance for protein–ligand binding affinity. We further validate these deep neural networks by setting new standards of performance in several ligand-based tasks. In parallel, we introduce a new metric, the Regression Enrichment Factor EFχ(R), to measure the early enrichment of computational models for chemical data. Finally, we introduce a cross-validation strategy based on structural homology clustering that can more accurately measure model generalizability, which crucially distinguishes the aims of machine learning for drug discovery from standard machine learning tasks.",acs central science,preprint,2018,q-bio,https://arxiv.org/abs/1803.04465,final,2026-06-10,,,lev=0.760; q='drug discovery machine learning arxiv'
B-0172-v1,B,arXiv:1906.02418,OnionNet: a Multiple-Layer Intermolecular-Contact-Based Convolutional Neural Network for Protein–Ligand Binding Affinity Prediction,"Liangzhen Zheng, Jingrong Fan, Y. Mu","Computational drug discovery provides an efficient tool helping large scale lead molecules screening. One of the major tasks of lead discovery is identifying molecules with promising binding affinities towards a target, a protein in general. The accuracies of current scoring functions which are used to predict the binding affinity are not satisfactory enough. Thus, machine learning (ML) or deep learning (DL) based methods have been developed recently to improve the scoring functions. In this study, a deep convolutional neural network (CNN) model (called OnionNet) is introduced and the features are based on rotation-free element-pair specific contacts between ligands and protein atoms, and the contacts were further grouped in different distance ranges to cover both the local and non-local interaction information between the ligand and the protein. The prediction power of the model is evaluated and compared with other scoring functions using the comparative assessment of scoring functions (CASF-2013) benchmark and the v2016 core set of PDBbind database. When compared to a previous CNN-based scoring function, our model shows improvements of 0.08 and 0.16 in the correlations (R) and standard deviations (SD) of regression, respectively, between the predicted binding affinities and the experimental measured binding affinities. The robustness of the model is further explored by predicting the binding affinities of the complexes generated from docking simulations instead of experimentally determined PDB structures.",arXiv,preprint,2019,q-bio,https://arxiv.org/abs/1906.02418,v1,2026-06-10,,,lev=0.205; q='drug discovery machine learning arxiv'
B-0172-fn,B,arXiv:1906.02418,OnionNet: a Multiple-Layer Intermolecular-Contact-Based Convolutional Neural Network for Protein–Ligand Binding Affinity Prediction,"Liangzhen Zheng, Jingrong Fan, Y. Mu","Computational drug discovery provides an efficient tool for helping large-scale lead molecule screening. One of the major tasks of lead discovery is identifying molecules with promising binding affinities toward a target, a protein in general. The accuracies of current scoring functions that are used to predict the binding affinity are not satisfactory enough. Thus, machine learning or deep learning based methods have been developed recently to improve the scoring functions. In this study, a deep convolutional neural network model (called OnionNet) is introduced; its features are based on rotation-free element-pair-specific contacts between ligands and protein atoms, and the contacts are further grouped into different distance ranges to cover both the local and nonlocal interaction information between the ligand and the protein. The prediction power of the model is evaluated and compared with other scoring functions using the comparative assessment of scoring functions (CASF-2013) benchmark and the v2016 core set of the PDBbind database. The robustness of the model is further explored by predicting the binding affinities of the complexes generated from docking simulations instead of experimentally determined PDB structures.",acs omega,preprint,2019,q-bio,https://arxiv.org/abs/1906.02418,final,2026-06-10,,,lev=0.205; q='drug discovery machine learning arxiv'
B-0173-v1,B,arXiv:1909.06206,Quantum processor-inspired machine learning in the biomedical sciences,"Richard Y. Li, Sharvari Gujja, Sweta R. Bajaj, Omar E. Gamel, Nicholas A. Cilfone, J. Gulcher, Daniel A. Lidar, T. Chittenden","Recent advances in high-throughput genomic technologies coupled with exponential increases in computer processing and memory have allowed us to interrogate the complex aberrant molecular underpinnings of human disease from a genome-wide perspective. While the deluge of genomic information is expected to increase, a bottleneck in conventional high-performance computing is rapidly approaching. Inspired in part by recent advances in physical quantum processors, we evaluated several unconventional machine learning (ML) strategies on actual human tumor data. Here we show for the first time the efficacy of multiple annealing-based ML algorithms for classification of high-dimensional, multi-omics human cancer data from the Cancer Genome Atlas. To assess algorithm performance, we compared these classifiers to a variety of standard ML methods. Our results indicate the feasibility of using annealing-based ML to provide competitive classification of human cancer types and associated molecular subtypes and superior performance with smaller training datasets, thus providing compelling empirical evidence for the potential future application of unconventional computing architectures in the biomedical sciences.",arXiv,preprint,2019,q-bio,https://arxiv.org/abs/1909.06206,v1,2026-06-10,,,lev=0.271; q='cancer genomics machine learning arxiv'
B-0173-fn,B,arXiv:1909.06206,Quantum processor-inspired machine learning in the biomedical sciences,"Richard Y. Li, Sharvari Gujja, Sweta R. Bajaj, Omar E. Gamel, Nicholas A. Cilfone, J. Gulcher, Daniel A. Lidar, T. Chittenden","Summary Recent advances in high-throughput genomic technologies coupled with exponential increases in computer processing and memory have allowed us to interrogate the complex molecular underpinnings of human disease from a genome-wide perspective. While the deluge of genomic information is expected to increase, a bottleneck in conventional high-performance computing is rapidly approaching. Inspired by recent advances in physical quantum processors, we evaluated several unconventional machine-learning (ML) strategies on actual human tumor data, namely “Ising-type” methods, whose objective function is formulated identical to simulated annealing and quantum annealing. We show the efficacy of multiple Ising-type ML algorithms for classification of multi-omics human cancer data from The Cancer Genome Atlas, comparing these classifiers to a variety of standard ML methods. Our results indicate that Ising-type ML offers superior classification performance with smaller training datasets, thus providing compelling empirical evidence for the potential future application of unconventional computing approaches in the biomedical sciences.",patterns,preprint,2019,q-bio,https://arxiv.org/abs/1909.06206,final,2026-06-10,,,lev=0.271; q='cancer genomics machine learning arxiv'
B-0174-v1,B,arXiv:1307.7050,A Comprehensive Evaluation of Machine Learning Techniques for Cancer Class Prediction Based on Microarray Data,"Khalid Raza, Atif N. Hasan","Prostate cancer is among the most common cancer in males and its heterogeneity is well known. Its early detection helps making therapeutic decision. There is no standard technique or procedure yet which is full-proof in predicting cancer class. The genomic level changes can be detected in gene expression data and those changes may serve as standard model for any random cancer data for class prediction. Various techniques were implied on prostate cancer data set in order to accurately predict cancer class including machine learning techniques. Huge number of attributes and few number of sample in microarray data leads to poor machine learning, therefore the most challenging part is attribute reduction or non significant gene reduction. In this work we have compared several machine learning techniques for their accuracy in predicting the cancer class. Machine learning is effective when number of attributes (genes) are larger than the number of samples which is rarely possible with gene expression data. Attribute reduction or gene filtering is absolutely required in order to make the data more meaningful as most of the genes do not participate in tumor development and are irrelevant for cancer prediction. Here we have applied combination of statistical techniques such as inter-quartile range and t-test, which has been effective in filtering significant genes and minimizing noise from data. Further we have done a comprehensive evaluation of ten state-of-the-art machine learning techniques for their accuracy in class prediction of prostate cancer. Out of these techniques, Bayes Network out performed with an accuracy of 94.11% followed by Navie Bayes with an accuracy of 91.17%. To cross validate our results, we modified our training dataset in six different way and found that average sensitivity, specificity, precision and accuracy of Bayes Network is highest among all other techniques used.",arXiv,preprint,2013,q-bio,https://arxiv.org/abs/1307.7050,v1,2026-06-10,,,lev=0.519; q='cancer genomics machine learning arxiv'
B-0174-fn,B,arXiv:1307.7050,A Comprehensive Evaluation of Machine Learning Techniques for Cancer Class Prediction Based on Microarray Data,"Khalid Raza, Atif N. Hasan","Prostate cancer is among the most common cancer in males and its heterogeneity is well known. The genomic level changes can be detected in gene expression data and those changes may serve as standard model for any random cancer data for class prediction. Various techniques were implied on prostate cancer data set in order to accurately predict cancer class including machine learning techniques. Large number of attributes but few numbers of samples in microarray data leads to poor training; therefore, the most challenging part is attribute reduction or non-significant gene reduction. In this work, a combination of interquartile range and t-test is used for attribute reduction. Further, a comprehensive evaluation of ten state-of-the-art machine learning techniques for their accuracy in class prediction of prostate cancer is done. Out of these techniques, Bayes Network outperformed with an accuracy of 94.11% followed by Naïve Bayes with an accuracy of 91.17%.",international journal of bioinformatics research and applications,preprint,2013,q-bio,https://arxiv.org/abs/1307.7050,final,2026-06-10,,,lev=0.519; q='cancer genomics machine learning arxiv'
B-0175-v1,B,arXiv:1702.05747,A survey on deep learning in medical image analysis,"G. Litjens, Thijs Kooi, B. Bejnordi, A. Setio, F. Ciompi, Mohsen Ghafoorian, J. Laak, B. Ginneken, C. I. Sánchez","Deep learning algorithms, in particular convolutional networks, have rapidly become a methodology of choice for analyzing medical images. This paper reviews the major deep learning concepts pertinent to medical image analysis and summarizes over 300 contributions to the field, most of which appeared in the last year. We survey the use of deep learning for image classification, object detection, segmentation, registration, and other tasks and provide concise overviews of studies per application area. Open challenges and directions for future research are discussed.",arXiv,preprint,2017,q-bio,https://arxiv.org/abs/1702.05747,v1,2026-06-10,,,lev=0.280; q='medical imaging deep learning arxiv'
B-0175-fn,B,arXiv:1702.05747,A survey on deep learning in medical image analysis,"G. Litjens, Thijs Kooi, B. Bejnordi, A. Setio, F. Ciompi, Mohsen Ghafoorian, J. Laak, B. Ginneken, C. I. Sánchez","Deep learning algorithms, in particular convolutional networks, have rapidly become a methodology of choice for analyzing medical images. This paper reviews the major deep learning concepts pertinent to medical image analysis and summarizes over 300 contributions to the field, most of which appeared in the last year. We survey the use of deep learning for image classification, object detection, segmentation, registration, and other tasks. Concise overviews are provided of studies per application area: neuro, retinal, pulmonary, digital pathology, breast, cardiac, abdominal, musculoskeletal. We end with a summary of the current state-of-the-art, a critical discussion of open challenges and directions for future research.",medical image anal.,preprint,2017,q-bio,https://arxiv.org/abs/1702.05747,final,2026-06-10,,,lev=0.280; q='medical imaging deep learning arxiv'
B-0176-v1,B,arXiv:1812.07715,A Tour of Unsupervised Deep Learning for Medical Image Analysis,"Khalid Raza, N. Singh","Interpretation of medical images for diagnosis and treatment of complex disease from high-dimensional and heterogeneous data remains a key challenge in transforming healthcare. In the last few years, both supervised and unsupervised deep learning achieved promising results in the area of medical imaging and image analysis. Unlike supervised learning which is biased towards how it is being supervised and manual efforts to create class label for the algorithm, unsupervised learning derive insights directly from the data itself, group the data and help to make data driven decisions without any external bias. This review systematically presents various unsupervised models applied to medical image analysis, including autoencoders and its several variants, Restricted Boltzmann machines, Deep belief networks, Deep Boltzmann machine and Generative adversarial network. Future research opportunities and challenges of unsupervised techniques for medical image analysis have also been discussed.",arXiv,preprint,2018,q-bio,https://arxiv.org/abs/1812.07715,v1,2026-06-10,,,lev=0.593; q='medical imaging deep learning arxiv'
B-0176-fn,B,arXiv:1812.07715,A Tour of Unsupervised Deep Learning for Medical Image Analysis,"Khalid Raza, N. Singh","BACKGROUND
Interpretation of medical images for the diagnosis and treatment of complex diseases from high-dimensional and heterogeneous data remains a key challenge in transforming healthcare. In the last few years, both supervised and unsupervised deep learning achieved promising results in the area of medical image analysis. Several reviews on supervised deep learning are published, but hardly any rigorous review on unsupervised deep learning for medical image analysis is available.


OBJECTIVES
The objective of this review is to systematically present various unsupervised deep learning models, tools, and benchmark datasets applied to medical image analysis. Some of the discussed models are autoencoders and its other variants, Restricted Boltzmann machines (RBM), Deep belief networks (DBN), Deep Boltzmann machine (DBM), and Generative adversarial network (GAN). Further, future research opportunities and challenges of unsupervised deep learning techniques for medical image analysis are also discussed.


CONCLUSION
Currently, interpretation of medical images for diagnostic purposes is usually performed by human experts that may be replaced by computer-aided diagnosis due to advancement in machine learning techniques, including deep learning, and the availability of cheap computing infrastructure through cloud computing. Both supervised and unsupervised machine learning approaches are widely applied in medical image analysis, each of them having certain pros and cons. Since human supervisions are not always available or inadequate or biased, therefore, unsupervised learning algorithms give a big hope with lots of advantages for biomedical image analysis.",current medical imaging,preprint,2018,q-bio,https://arxiv.org/abs/1812.07715,final,2026-06-10,,,lev=0.593; q='medical imaging deep learning arxiv'
B-0177-v1,B,arXiv:1907.10456,Understanding Adversarial Attacks on Deep Learning Based Medical Image Analysis Systems,"Xingjun Ma, Yuhao Niu, Lin Gu, Yisen Wang, Yitian Zhao, J. Bailey, Feng Lu","Deep neural networks (DNNs) have become popular for medical image analysis tasks like cancer diagnosis and lesion detection. However, a recent study demonstrates that medical deep learning systems can be compromised by carefully-engineered adversarial examples/attacks, i.e., small imperceptible perturbations can fool DNNs to predict incorrectly. This raises safety concerns about the deployment of deep learning systems in clinical settings. In this paper, we provide a deeper understanding of adversarial examples in the context of medical images. We find that medical DNN models can be more vulnerable to adversarial attacks compared to natural ones from three different viewpoints: 1) medical image DNNs that have only a few classes are generally easier to be attacked; 2) the complex biological textures of medical images may lead to more vulnerable regions; and most importantly, 3) state-of-the-art deep networks designed for large-scale natural image processing can be overparameterized for medical imaging tasks and result in high vulnerability to adversarial attacks. Surprisingly, we also find that medical adversarial attacks can be easily detected, i.e., simple detectors can achieve over 98% detection AUCs against state-of-the-art attacks, due to their fundamental feature difference from normal examples. We show this is because adversarial attacks tend to attack a wide spread area outside the pathological regions, which results in deep features that are fundamentally different and easily separable from normal features. We believe these findings may be a useful basis to approach the design of secure medical deep learning systems.",arXiv,preprint,2019,q-bio,https://arxiv.org/abs/1907.10456,v1,2026-06-10,,,lev=0.411; q='medical imaging deep learning arxiv'
B-0177-fn,B,arXiv:1907.10456,Understanding Adversarial Attacks on Deep Learning Based Medical Image Analysis Systems,"Xingjun Ma, Yuhao Niu, Lin Gu, Yisen Wang, Yitian Zhao, J. Bailey, Feng Lu","Deep neural networks (DNNs) have become popular for medical image analysis tasks like cancer diagnosis and lesion detection. However, a recent study demonstrates that medical deep learning systems can be compromised by carefully-engineered adversarial examples/attacks with small imperceptible perturbations. This raises safety concerns about the deployment of these systems in clinical settings. In this paper, we provide a deeper understanding of adversarial examples in the context of medical images. We find that medical DNN models can be more vulnerable to adversarial attacks compared to models for natural images, according to two different viewpoints. Surprisingly, we also find that medical adversarial attacks can be easily detected, i.e., simple detectors can achieve over 98% detection AUC against state-of-the-art attacks, due to fundamental feature differences compared to normal examples. We believe these findings may be a useful basis to approach the design of more explainable and secure medical deep learning systems.",pattern recognition,preprint,2019,q-bio,https://arxiv.org/abs/1907.10456,final,2026-06-10,,,lev=0.411; q='medical imaging deep learning arxiv'
B-0178-v1,B,arXiv:1704.03379,Deep Learning for Multi-Task Medical Image Segmentation in Multiple Modalities,"P. Moeskops, J. Wolterink, Bas H. M. van der Velden, K. Gilhuijs, T. Leiner, M. Viergever, I. Išgum","Automatic segmentation of medical images is an important task for many clinical applications. In practice, a wide range of anatomical structures are visualised using different imaging modalities. In this paper, we investigate whether a single convolutional neural network (CNN) can be trained to perform different segmentation tasks.   A single CNN is trained to segment six tissues in MR brain images, the pectoral muscle in MR breast images, and the coronary arteries in cardiac CTA. The CNN therefore learns to identify the imaging modality, the visualised anatomical structures, and the tissue classes.   For each of the three tasks (brain MRI, breast MRI and cardiac CTA), this combined training procedure resulted in a segmentation performance equivalent to that of a CNN trained specifically for that task, demonstrating the high capacity of CNN architectures. Hence, a single system could be used in clinical practice to automatically perform diverse segmentation tasks without task-specific training.",arXiv,preprint,2016,q-bio,https://arxiv.org/abs/1704.03379,v1,2026-06-10,,,lev=0.670; q='medical imaging deep learning arxiv'
B-0178-fn,B,arXiv:1704.03379,Deep Learning for Multi-Task Medical Image Segmentation in Multiple Modalities,"P. Moeskops, J. Wolterink, Bas H. M. van der Velden, K. Gilhuijs, T. Leiner, M. Viergever, I. Išgum","Automatic segmentation of medical images is an important task for many clinical applications. In practice, a wide range of anatomical structures are visualised using different imaging modalities. In this paper, we investigate whether a single convolutional neural network (CNN) can be trained to perform different segmentation tasks.",international conference on medical image computing and computer-assisted intervention,preprint,2016,q-bio,https://arxiv.org/abs/1704.03379,final,2026-06-10,,,lev=0.670; q='medical imaging deep learning arxiv'
B-0179-v1,B,arXiv:1505.02000,Deep Learning for Medical Image Segmentation,M. Lai,"This report provides an overview of the current state of the art deep learning architectures and optimisation techniques, and uses the ADNI hippocampus MRI dataset as an example to compare the effectiveness and efficiency of different convolutional architectures on the task of patch-based 3-dimensional hippocampal segmentation, which is important in the diagnosis of Alzheimer's Disease. We found that a slightly unconventional ""stacked 2D"" approach provides much better classification performance than simple 2D patches without requiring significantly more computational power. We also examined the popular ""tri-planar"" approach used in some recently published studies, and found that it provides much better results than the 2D approaches, but also with a moderate increase in computational power requirement. Finally, we evaluated a full 3D convolutional architecture, and found that it provides marginally better results than the tri-planar approach, but at the cost of a very significant increase in computational power requirement.",arXiv,preprint,2015,q-bio,https://arxiv.org/abs/1505.02000,v1,2026-06-10,,,lev=0.769; q='medical imaging deep learning arxiv'
B-0179-fn,B,arXiv:1505.02000,Deep Learning for Medical Image Segmentation,M. Lai,"Pixel accurate 2-D, 3-D medical image segmentation to identify abnormalities for further analysis is on high demand for computer-aided medical imaging applications. Various segmentation algorithms have been studied and applied in medical imaging for many years, but the problem remains challenging due to growing a large number of variety of applications starting from lung disease diagnosis based on x-ray images, nucleus detection, and segmentation based on microscopic pictures to kidney tumour segmentation. The recent innovation in deep learning brought revolutionary advances in computer vision. Image segmentation is one such area where deep learning shows its capacity and improves the performance by a larger margin than its successor. This chapter overviews the most popular deep learning-based image segmentation techniques and discusses their capabilities and basic advantages and limitations in the domain of medical imaging.",deep learning applications in medical imaging,preprint,2015,q-bio,https://arxiv.org/abs/1505.02000,final,2026-06-10,,,lev=0.769; q='medical imaging deep learning arxiv'
B-0180-v1,B,arXiv:1910.05370,Deep Learning-Based Detection and Correction of Cardiac MR Motion Artefacts During Reconstruction for High-Quality Segmentation,"Ilkay Oksuz, James R. Clough, B. Ruijsink, E. P. Antón, Aurélien Bustin, G. Cruz, C. Prieto, A. King, J. Schnabel","Segmenting anatomical structures in medical images has been successfully addressed with deep learning methods for a range of applications. However, this success is heavily dependent on the quality of the image that is being segmented. A commonly neglected point in the medical image analysis community is the vast amount of clinical images that have severe image artefacts due to organ motion, movement of the patient and/or image acquisition related issues. In this paper, we discuss the implications of image motion artefacts on cardiac MR segmentation and compare a variety of approaches for jointly correcting for artefacts and segmenting the cardiac cavity. We propose to use a segmentation network coupled with this in an end-to-end framework. Our training optimises three different tasks: 1) image artefact detection, 2) artefact correction and 3) image segmentation. We train the reconstruction network to automatically correct for motion-related artefacts using synthetically corrupted cardiac MR k-space data and uncorrected reconstructed images. Using a test set of 500 2D+time cine MR acquisitions from the UK Biobank data set, we achieve demonstrably good image quality and high segmentation accuracy in the presence of synthetic motion artefacts. We quantitatively compare our method with a variety of techniques for jointly recovering image quality and performing image segmentation. We showcase better performance compared to state-of-the-art image correction techniques. Moreover, our method preserves the quality of uncorrupted images and therefore can be utilised as a global image reconstruction algorithm.",arXiv,preprint,2019,q-bio,https://arxiv.org/abs/1910.05370,v1,2026-06-10,,,lev=0.373; q='medical imaging deep learning arxiv'
B-0180-fn,B,arXiv:1910.05370,Deep Learning-Based Detection and Correction of Cardiac MR Motion Artefacts During Reconstruction for High-Quality Segmentation,"Ilkay Oksuz, James R. Clough, B. Ruijsink, E. P. Antón, Aurélien Bustin, G. Cruz, C. Prieto, A. King, J. Schnabel","Segmenting anatomical structures in medical images has been successfully addressed with deep learning methods for a range of applications. However, this success is heavily dependent on the quality of the image that is being segmented. A commonly neglected point in the medical image analysis community is the vast amount of clinical images that have severe image artefacts due to organ motion, movement of the patient and/or image acquisition related issues. In this paper, we discuss the implications of image motion artefacts on cardiac MR segmentation and compare a variety of approaches for jointly correcting for artefacts and segmenting the cardiac cavity. The method is based on our recently developed joint artefact detection and reconstruction method, which reconstructs high quality MR images from k-space using a joint loss function and essentially converts the artefact correction task to an under-sampled image reconstruction task by enforcing a data consistency term. In this paper, we propose to use a segmentation network coupled with this in an end-to-end framework. Our training optimises three different tasks: 1) image artefact detection, 2) artefact correction and 3) image segmentation. We train the reconstruction network to automatically correct for motion-related artefacts using synthetically corrupted cardiac MR k-space data and uncorrected reconstructed images. Using a test set of 500 2D+time cine MR acquisitions from the UK Biobank data set, we achieve demonstrably good image quality and high segmentation accuracy in the presence of synthetic motion artefacts. We showcase better performance compared to various image correction architectures.",ieee transactions on medical imaging,preprint,2019,q-bio,https://arxiv.org/abs/1910.05370,final,2026-06-10,,,lev=0.373; q='medical imaging deep learning arxiv'
B-0181-v1,B,arXiv:1904.07073,A deep learning framework for quality assessment and restoration in video endoscopy,"Sharib Ali, Felix Y Zhou, A. Bailey, B. Braden, J. East, Xin Lu, J. Rittscher","Endoscopy is a routine imaging technique used for both diagnosis and minimally invasive surgical treatment. Artifacts such as motion blur, bubbles, specular reflections, floating objects and pixel saturation impede the visual interpretation and the automated analysis of endoscopy videos. Given the widespread use of endoscopy in different clinical applications, we contend that the robust and reliable identification of such artifacts and the automated restoration of corrupted video frames is a fundamental medical imaging problem. Existing state-of-the-art methods only deal with the detection and restoration of selected artifacts. However, typically endoscopy videos contain numerous artifacts which motivates to establish a comprehensive solution.   We propose a fully automatic framework that can: 1) detect and classify six different primary artifacts, 2) provide a quality score for each frame and 3) restore mildly corrupted frames. To detect different artifacts our framework exploits fast multi-scale, single stage convolutional neural network detector. We introduce a quality metric to assess frame quality and predict image restoration success. Generative adversarial networks with carefully chosen regularization are finally used to restore corrupted frames.   Our detector yields the highest mean average precision (mAP at 5% threshold) of 49.0 and the lowest computational time of 88 ms allowing for accurate real-time processing. Our restoration models for blind deblurring, saturation correction and inpainting demonstrate significant improvements over previous methods. On a set of 10 test videos we show that our approach preserves an average of 68.7% which is 25% more frames than that retained from the raw videos.",arXiv,preprint,2019,q-bio,https://arxiv.org/abs/1904.07073,v1,2026-06-10,,,lev=0.288; q='medical imaging deep learning arxiv'
B-0181-fn,B,arXiv:1904.07073,A deep learning framework for quality assessment and restoration in video endoscopy,"Sharib Ali, Felix Y Zhou, A. Bailey, B. Braden, J. East, Xin Lu, J. Rittscher","Endoscopy is a routine imaging technique used for both diagnosis and minimally invasive surgical treatment. Artifacts such as motion blur, bubbles, specular reflections, floating objects and pixel saturation impede the visual interpretation and the automated analysis of endoscopy videos. Given the widespread use of endoscopy in different clinical applications, robust and reliable identification of such artifacts and the automated restoration of corrupted video frames is a fundamental medical imaging problem. Existing state-of-the-art methods only deal with the detection and restoration of selected artifacts. However, typically endoscopy videos contain numerous artifacts which motivates to establish a comprehensive solution. In this paper, a fully automatic framework is proposed that can: 1) detect and classify six different artifacts, 2) segment artifact instances that have indefinable shapes, 3) provide a quality score for each frame, and 4) restore partially corrupted frames. To detect and classify different artifacts, the proposed framework exploits fast, multi-scale and single stage convolution neural network detector. In addition, we use an encoder-decoder model for pixel-wise segmentation of irregular shaped artifacts. A quality score is introduced to assess video frame quality and to predict image restoration success. Generative adversarial networks with carefully chosen regularization and training strategies for discriminator-generator networks are finally used to restore corrupted frames. The detector yields the highest mean average precision (mAP) of 45.7 and 34.7, respectively for 25% and 50% IoU thresholds, and the lowest computational time of 88 ms allowing for near real-time processing. The restoration models for blind deblurring, saturation correction and inpainting demonstrate significant improvements over previous methods. On a set of 10 test videos, an average of 68.7% of video frames successfully passed the quality score (≥0.9) after applying the proposed restoration framework thereby retaining 25% more frames compared to the raw videos. The importance of artifacts detection and their restoration on improved robustness of image analysis methods is also demonstrated in this work.",medical image anal.,preprint,2019,q-bio,https://arxiv.org/abs/1904.07073,final,2026-06-10,,,lev=0.288; q='medical imaging deep learning arxiv'
B-0182-v1,B,arXiv:1804.01901,Towards radiologist-level cancer risk assessment in CT lung screening using deep learning,"S. Trajanovski, Dimitrios Mavroeidis, C. Swisher, B. Gebre, Bastiaan S. Veeling, R. Wiemker, T. Klinder, A. Tahmasebi, S. Regis, C. Wald, Brady J. McKee, H. MacMahon, H. Pien","Lung cancer is the leading cause of cancer mortality in the US, responsible for more deaths than breast, prostate, colon and pancreas cancer combined. Recently, it has been demonstrated that screening those at high-risk for lung cancer low-dose computed tomography (CT) of the chest can significantly reduce this death rate. The process of evaluating a chest CT scan involves the identification of nodules that are contained within a scan as well as the evaluation of the likelihood that a nodule is malignant based on its imaging characteristics. This has motivated researchers to develop image analysis research tools, such as nodule detectors and nodule classifiers that can assist radiologists to make accurate assessments of the patient cancer risk.   In this work, we propose a two-stage framework that can assess the lung cancer risk associated with a low-dose chest CT scan. At the first stage, our framework employs a nodule detector; while in the second stage, we use both the image area around the nodules and nodule features as inputs to a neural network that estimates the malignancy risk of the whole CT scan. The proposed approach: (a) has better performance than the PanCan Risk Model, a widely accepted method for cancer malignancy assessment, achieving around 7% better Area Under Curve score in two independent datasets we have employed; (b) has comparable performance to radiologists in estimating cancer risk at patient level; (c) employs a novel multi-instance weakly-labeled approach to train the deep learning network that requires confirmed cancer diagnosis only at the patient level (not at the nodule level); and (d) employs a large number of lung CT scans (more than 8000) from heterogeneous data sources (NLST, LHMC, and Kaggle competition data) to validate and compare model performance. AUC scores for our model, evaluated against confirmed cancer diagnosis, range between 82% to 90%.",arXiv,preprint,2018,q-bio,https://arxiv.org/abs/1804.01901,v1,2026-06-10,,,lev=0.612; q='medical imaging deep learning arxiv'
B-0182-fn,B,arXiv:1804.01901,Towards radiologist-level cancer risk assessment in CT lung screening using deep learning,"S. Trajanovski, Dimitrios Mavroeidis, C. Swisher, B. Gebre, Bastiaan S. Veeling, R. Wiemker, T. Klinder, A. Tahmasebi, S. Regis, C. Wald, Brady J. McKee, H. MacMahon, H. Pien","PURPOSE
Lung cancer is the leading cause of cancer mortality in the US, responsible for more deaths than breast, prostate, colon and pancreas cancer combined and large population studies have indicated that low-dose computed tomography (CT) screening of the chest can significantly reduce this death rate. Recently, the usefulness of Deep Learning (DL) models for lung cancer risk assessment has been demonstrated. However, in many cases model performances are evaluated on small/medium size test sets, thus not providing strong model generalization and stability guarantees which are necessary for clinical adoption. In this work, our goal is to contribute towards clinical adoption by investigating a deep learning framework on larger and heterogeneous datasets while also comparing to state-of-the-art models.


METHODS
Three low-dose CT lung cancer screening datasets were used: National Lung Screening Trial (NLST, n = 3410), Lahey Hospital and Medical Center (LHMC, n = 3154) data, Kaggle competition data (from both stages, n = 1397 + 505) and the University of Chicago data (UCM, a subset of NLST, annotated by radiologists, n = 132). At the first stage, our framework employs a nodule detector; while in the second stage, we use both the image context around the nodules and nodule features as inputs to a neural network that estimates the malignancy risk for the entire CT scan. We trained our algorithm on a part of the NLST dataset, and validated it on the other datasets. Special care was taken to ensure there was no patient overlap between the train and validation sets.


RESULTS AND CONCLUSIONS
The proposed deep learning model is shown to: (a) generalize well across all three data sets, achieving AUC between 86% to 94%, with our external test-set (LHMC) being at least twice as large compared to other works; (b) have better performance than the widely accepted PanCan Risk Model, achieving 6 and 9% better AUC score in our two test sets; (c) have improved performance compared to the state-of-the-art represented by the winners of the Kaggle Data Science Bowl 2017 competition on lung cancer screening; (d) have comparable performance to radiologists in estimating cancer risk at a patient level.",comput. medical imaging graph.,preprint,2018,q-bio,https://arxiv.org/abs/1804.01901,final,2026-06-10,,,lev=0.612; q='medical imaging deep learning arxiv'
B-0183-v1,B,arXiv:1801.03230,Lung and Pancreatic Tumor Characterization in the Deep Learning Era: Novel Supervised and Unsupervised Learning Approaches,"Sarfaraz Hussein, Pujan Kandel, C. Bolan, M. Wallace, Ulas Bagci","Computer Aided Diagnosis (CAD) tools are often needed for fast and accurate detection, characterization, and risk assessment of different tumors from radiology images. Any improvement in robust and accurate image-based tumor characterization can assist in determining non-invasive cancer stage, prognosis, and personalized treatment planning as a part of precision medicine. In this study, we propose both supervised and unsupervised machine learning strategies to improve tumor characterization. Our first approach is based on supervised learning for which we demonstrate significant gains in deep learning algorithms, particularly Convolutional Neural Network (CNN), by utilizing completely 3D approach and transfer learning to address the requirements of volumetric and large amount of training data, respectively. Motivated by the radiologists' interpretations of the scans, we then show how to incorporate task dependent feature representations into a CAD system via a graph regularized sparse Multi-Task Learning (MTL) framework.   In the second approach, we explore an unsupervised scheme in order to address the limited availability of labeled training data, a common problem in medical imaging applications. Inspired by learning from label proportion (LLP) approaches, we propose a new algorithm, proportion-SVM, to characterize tumor types. In this second approach, we also seek the answer to the fundamental question about the goodness of ""deep features"" for unsupervised tumor classification. Finally, we study the effect of unsupervised representation learning using Generative Adversarial Networks (GAN) on classification performance. We evaluate our proposed approaches (both supervised and unsupervised) on two different tumor diagnosis challenges: lung and pancreas with 1018 CT and 171 MRI scans respectively.",arXiv,preprint,2018,q-bio,https://arxiv.org/abs/1801.03230,v1,2026-06-10,,,lev=0.384; q='medical imaging deep learning arxiv'
B-0183-fn,B,arXiv:1801.03230,Lung and Pancreatic Tumor Characterization in the Deep Learning Era: Novel Supervised and Unsupervised Learning Approaches,"Sarfaraz Hussein, Pujan Kandel, C. Bolan, M. Wallace, Ulas Bagci","Risk stratification (characterization) of tumors from radiology images can be more accurate and faster with computer-aided diagnosis (CAD) tools. Tumor characterization through such tools can also enable non-invasive cancer staging, prognosis, and foster personalized treatment planning as a part of precision medicine. In this papet, we propose both supervised and unsupervised machine learning strategies to improve tumor characterization. Our first approach is based on supervised learning for which we demonstrate significant gains with deep learning algorithms, particularly by utilizing a 3D convolutional neural network and transfer learning. Motivated by the radiologists’ interpretations of the scans, we then show how to incorporate task-dependent feature representations into a CAD system via a graph-regularized sparse multi-task learning framework. In the second approach, we explore an unsupervised learning algorithm to address the limited availability of labeled training data, a common problem in medical imaging applications. Inspired by learning from label proportion approaches in computer vision, we propose to use proportion-support vector machine for characterizing tumors. We also seek the answer to the fundamental question about the goodness of “deep features” for unsupervised tumor classification. We evaluate our proposed supervised and unsupervised learning algorithms on two different tumor diagnosis challenges: lung and pancreas with 1018 CT and 171 MRI scans, respectively, and obtain the state-of-the-art sensitivity and specificity results in both problems.",ieee transactions on medical imaging,preprint,2018,q-bio,https://arxiv.org/abs/1801.03230,final,2026-06-10,,,lev=0.384; q='medical imaging deep learning arxiv'
B-0184-v1,B,arXiv:1809.06130,A deep learning framework for unsupervised affine and deformable image registration,"B. D. Vos, Floris F. Berendsen, M. Viergever, Hessam Sokooti, M. Staring, I. Išgum","Image registration, the process of aligning two or more images, is the core technique of many (semi-)automatic medical image analysis tasks. Recent studies have shown that deep learning methods, notably convolutional neural networks (ConvNets), can be used for image registration. Thus far training of ConvNets for registration was supervised using predefined example registrations. However, obtaining example registrations is not trivial. To circumvent the need for predefined examples, and thereby to increase convenience of training ConvNets for image registration, we propose the Deep Learning Image Registration (DLIR) framework for \textit{unsupervised} affine and deformable image registration. In the DLIR framework ConvNets are trained for image registration by exploiting image similarity analogous to conventional intensity-based image registration. After a ConvNet has been trained with the DLIR framework, it can be used to register pairs of unseen images in one shot. We propose flexible ConvNets designs for affine image registration and for deformable image registration. By stacking multiple of these ConvNets into a larger architecture, we are able to perform coarse-to-fine image registration. We show for registration of cardiac cine MRI and registration of chest CT that performance of the DLIR framework is comparable to conventional image registration while being several orders of magnitude faster.",arXiv,preprint,2018,q-bio,https://arxiv.org/abs/1809.06130,v1,2026-06-10,,,lev=0.280; q='medical imaging deep learning arxiv'
B-0184-fn,B,arXiv:1809.06130,A deep learning framework for unsupervised affine and deformable image registration,"B. D. Vos, Floris F. Berendsen, M. Viergever, Hessam Sokooti, M. Staring, I. Išgum","HighlightsUnsupervised Deep Learning Image Registration (DLIR) is feasible for affine and deformable image registration.The method is unsupervised; no registration examples are necessary to train a ConvNet for image registration.Once a ConvNet is trained, image registration can be performed on unseen images in one‐shot.Registration, including image resampling, is near real‐time.Unsupervised DLIR yields image registration performance similar to a conventional approach. Graphical abstract Figure. No caption available. ABSTRACT Image registration, the process of aligning two or more images, is the core technique of many (semi‐)automatic medical image analysis tasks. Recent studies have shown that deep learning methods, notably convolutional neural networks (ConvNets), can be used for image registration. Thus far training of ConvNets for registration was supervised using predefined example registrations. However, obtaining example registrations is not trivial. To circumvent the need for predefined examples, and thereby to increase convenience of training ConvNets for image registration, we propose the Deep Learning Image Registration (DLIR) framework for unsupervised affine and deformable image registration. In the DLIR framework ConvNets are trained for image registration by exploiting image similarity analogous to conventional intensity‐based image registration. After a ConvNet has been trained with the DLIR framework, it can be used to register pairs of unseen images in one shot. We propose flexible ConvNets designs for affine image registration and for deformable image registration. By stacking multiple of these ConvNets into a larger architecture, we are able to perform coarse‐to‐fine image registration. We show for registration of cardiac cine MRI and registration of chest CT that performance of the DLIR framework is comparable to conventional image registration while being several orders of magnitude faster.",medical image anal.,preprint,2018,q-bio,https://arxiv.org/abs/1809.06130,final,2026-06-10,,,lev=0.280; q='medical imaging deep learning arxiv'
B-0185-v1,B,arXiv:1609.04375,A Perspective on Deep Imaging,Ge Wang,"The combination of medical imaging and deep learning promises to empower not only image analysis but also image reconstruction. The latter perspective is considered in this perspective article to develop low- and high-hanging image reconstruction techniques. This might lead to intelligent utilization of domain knowledge in terms of big data, innovative approaches for image reconstruction, and superior performance in clinical and preclinical applications but major challenges must be addressed.",arXiv,preprint,2016,q-bio,https://arxiv.org/abs/1609.04375,v1,2026-06-10,,,lev=0.373; q='medical imaging deep learning arxiv'
B-0185-fn,B,arXiv:1609.04375,A Perspective on Deep Imaging,Ge Wang,"The combination of tomographic imaging and deep learning, or machine learning in general, promises to empower not only image analysis but also image reconstruction. The latter aspect is considered in this perspective article with an emphasis on medical imaging to develop a new generation of image reconstruction theories and techniques. This direction might lead to intelligent utilization of domain knowledge from big data, innovative approaches for image reconstruction, and superior performance in clinical and preclinical applications. To realize the full impact of machine learning for tomographic imaging, major theoretical, technical and translational efforts are immediately needed.",ieee access,preprint,2016,q-bio,https://arxiv.org/abs/1609.04375,final,2026-06-10,,,lev=0.373; q='medical imaging deep learning arxiv'
B-0186-v1,B,arXiv:1903.08297,Deep Neural Networks Improve Radiologists’ Performance in Breast Cancer Screening,"Nan Wu, Jason Phang, Jungkyu Park, Yiqiu Shen, Zhe Huang, Masha Zorin, Stanislaw Jastrzebski, Thibault Févry, Joe Katsnelson, Eric Kim, Stacey Wolfson, Ujas Parikh, Sushma Gaddam, L. Lin, Kara Ho, Joshua D. Weinstein, B. Reig, Yiming Gao, H. Toth, Kristine Pysarenko, Alana A. Lewin, Jiyon Lee, Krystal Airola, Eralda Mema, Stephanie H Chung, Esther Hwang, N. Samreen, S. G. Kim, L. Heacock, L. Moy, Kyunghyun Cho, Krzysztof J. Geras","We present a deep convolutional neural network for breast cancer screening exam classification, trained and evaluated on over 200,000 exams (over 1,000,000 images). Our network achieves an AUC of 0.895 in predicting whether there is a cancer in the breast, when tested on the screening population. We attribute the high accuracy of our model to a two-stage training procedure, which allows us to use a very high-capacity patch-level network to learn from pixel-level labels alongside a network learning from macroscopic breast-level labels. To validate our model, we conducted a reader study with 14 readers, each reading 720 screening mammogram exams, and find our model to be as accurate as experienced radiologists when presented with the same data. Finally, we show that a hybrid model, averaging probability of malignancy predicted by a radiologist with a prediction of our neural network, is more accurate than either of the two separately. To better understand our results, we conduct a thorough analysis of our network's performance on different subpopulations of the screening population, model design, training procedure, errors, and properties of its internal representations.",arXiv,preprint,2019,q-bio,https://arxiv.org/abs/1903.08297,v1,2026-06-10,,,lev=0.332; q='medical imaging deep learning arxiv'
B-0186-fn,B,arXiv:1903.08297,Deep Neural Networks Improve Radiologists’ Performance in Breast Cancer Screening,"Nan Wu, Jason Phang, Jungkyu Park, Yiqiu Shen, Zhe Huang, Masha Zorin, Stanislaw Jastrzebski, Thibault Févry, Joe Katsnelson, Eric Kim, Stacey Wolfson, Ujas Parikh, Sushma Gaddam, L. Lin, Kara Ho, Joshua D. Weinstein, B. Reig, Yiming Gao, H. Toth, Kristine Pysarenko, Alana A. Lewin, Jiyon Lee, Krystal Airola, Eralda Mema, Stephanie H Chung, Esther Hwang, N. Samreen, S. G. Kim, L. Heacock, L. Moy, Kyunghyun Cho, Krzysztof J. Geras","We present a deep convolutional neural network for breast cancer screening exam classification, trained, and evaluated on over 200000 exams (over 1000000 images). Our network achieves an AUC of 0.895 in predicting the presence of cancer in the breast, when tested on the screening population. We attribute the high accuracy to a few technical advances. 1) Our network’s novel two-stage architecture and training procedure, which allows us to use a high-capacity patch-level network to learn from pixel-level labels alongside a network learning from macroscopic breast-level labels. 2) A custom ResNet-based network used as a building block of our model, whose balance of depth and width is optimized for high-resolution medical images. 3) Pretraining the network on screening BI-RADS classification, a related task with more noisy labels. 4) Combining multiple input views in an optimal way among a number of possible choices. To validate our model, we conducted a reader study with 14 readers, each reading 720 screening mammogram exams, and show that our model is as accurate as experienced radiologists when presented with the same data. We also show that a hybrid model, averaging the probability of malignancy predicted by a radiologist with a prediction of our neural network, is more accurate than either of the two separately. To further understand our results, we conduct a thorough analysis of our network’s performance on different subpopulations of the screening population, the model’s design, training procedure, errors, and properties of its internal representations. Our best models are publicly available at https://github.com/nyukat/breast_cancer_classifier.",ieee transactions on medical imaging,preprint,2019,q-bio,https://arxiv.org/abs/1903.08297,final,2026-06-10,,,lev=0.332; q='medical imaging deep learning arxiv'
B-0187-v1,B,arXiv:1903.00348,Transformation-Consistent Self-Ensembling Model for Semisupervised Medical Image Segmentation,"X. Li, Lequan Yu, Hao Chen, Chi-Wing Fu, P. Heng","Deep convolutional neural networks have achieved remarkable progress on a variety of medical image computing tasks. A common problem when applying supervised deep learning methods to medical images is the lack of labeled data, which is very expensive and time-consuming to be collected. In this paper, we present a novel semi-supervised method for medical image segmentation, where the network is optimized by the weighted combination of a common supervised loss for labeled inputs only and a regularization loss for both labeled and unlabeled data. To utilize the unlabeled data, our method encourages the consistent predictions of the network-in-training for the same input under different regularizations. Aiming for the semi-supervised segmentation problem, we enhance the effect of regularization for pixel-level predictions by introducing a transformation, including rotation and flipping, consistent scheme in our self-ensembling model. With the aim of semi-supervised segmentation tasks, we introduce a transformation consistent strategy in our self-ensembling model to enhance the regularization effect for pixel-level predictions. We have extensively validated the proposed semi-supervised method on three typical yet challenging medical image segmentation tasks: (i) skin lesion segmentation from dermoscopy images on International Skin Imaging Collaboration (ISIC) 2017 dataset, (ii) optic disc segmentation from fundus images on Retinal Fundus Glaucoma Challenge (REFUGE) dataset, and (iii) liver segmentation from volumetric CT scans on Liver Tumor Segmentation Challenge (LiTS) dataset. Compared to the state-of-the-arts, our proposed method shows superior segmentation performance on challenging 2D/3D medical images, demonstrating the effectiveness of our semi-supervised method for medical image segmentation.",arXiv,preprint,2019,q-bio,https://arxiv.org/abs/1903.00348,v1,2026-06-10,,,lev=0.322; q='medical imaging deep learning arxiv'
B-0187-fn,B,arXiv:1903.00348,Transformation-Consistent Self-Ensembling Model for Semisupervised Medical Image Segmentation,"X. Li, Lequan Yu, Hao Chen, Chi-Wing Fu, P. Heng","A common shortfall of supervised deep learning for medical imaging is the lack of labeled data, which is often expensive and time consuming to collect. This article presents a new semisupervised method for medical image segmentation, where the network is optimized by a weighted combination of a common supervised loss only for the labeled inputs and a regularization loss for both the labeled and unlabeled data. To utilize the unlabeled data, our method encourages consistent predictions of the network-in-training for the same input under different perturbations. With the semisupervised segmentation tasks, we introduce a transformation-consistent strategy in the self-ensembling model to enhance the regularization effect for pixel-level predictions. To further improve the regularization effects, we extend the transformation in a more generalized form including scaling and optimize the consistency loss with a teacher model, which is an averaging of the student model weights. We extensively validated the proposed semisupervised method on three typical yet challenging medical image segmentation tasks: 1) skin lesion segmentation from dermoscopy images in the International Skin Imaging Collaboration (ISIC) 2017 data set; 2) optic disk (OD) segmentation from fundus images in the Retinal Fundus Glaucoma Challenge (REFUGE) data set; and 3) liver segmentation from volumetric CT scans in the Liver Tumor Segmentation Challenge (LiTS) data set. Compared with state-of-the-art, our method shows superior performance on the challenging 2-D/3-D medical images, demonstrating the effectiveness of our semisupervised method for medical image segmentation.",ieee transactions on neural networks and learning systems,preprint,2019,q-bio,https://arxiv.org/abs/1903.00348,final,2026-06-10,,,lev=0.322; q='medical imaging deep learning arxiv'
B-0188-v1,B,arXiv:1808.01200,Exploring Uncertainty Measures in Deep Networks for Multiple Sclerosis Lesion Detection and Segmentation,"T. Nair, Doina Precup, D. Arnold, T. Arbel","Deep learning (DL) networks have recently been shown to outperform other segmentation methods on various public, medical-image challenge datasets [3,11,16], especially for large pathologies. However, in the context of diseases such as Multiple Sclerosis (MS), monitoring all the focal lesions visible on MRI sequences, even very small ones, is essential for disease staging, prognosis, and evaluating treatment efficacy. Moreover, producing deterministic outputs hinders DL adoption into clinical routines. Uncertainty estimates for the predictions would permit subsequent revision by clinicians. We present the first exploration of multiple uncertainty estimates based on Monte Carlo (MC) dropout [4] in the context of deep networks for lesion detection and segmentation in medical images. Specifically, we develop a 3D MS lesion segmentation CNN, augmented to provide four different voxel-based uncertainty measures based on MC dropout. We train the network on a proprietary, large-scale, multi-site, multi-scanner, clinical MS dataset, and compute lesion-wise uncertainties by accumulating evidence from voxel-wise uncertainties within detected lesions. We analyze the performance of voxel-based segmentation and lesion-level detection by choosing operating points based on the uncertainty. Empirical evidence suggests that uncertainty measures consistently allow us to choose superior operating points compared only using the network's sigmoid output as a probability.",arXiv,preprint,2018,q-bio,https://arxiv.org/abs/1808.01200,v1,2026-06-10,,,lev=0.248; q='medical imaging deep learning arxiv'
B-0188-fn,B,arXiv:1808.01200,Exploring Uncertainty Measures in Deep Networks for Multiple Sclerosis Lesion Detection and Segmentation,"T. Nair, Doina Precup, D. Arnold, T. Arbel","Deep learning networks have recently been shown to outperform other segmentation methods on various public, medical-image challenge datasets, particularly on metrics focused on large pathologies. For diseases such as Multiple Sclerosis (MS), however, monitoring all the focal lesions visible on MRI sequences, even very small ones, is essential for disease staging, prognosis, and evaluating treatment efficacy. Small lesion segmentation presents significant challenges to popular deep learning models. This, coupled with their deterministic predictions, hinders their clinical adoption. Uncertainty estimates for these predictions would permit subsequent revision by clinicians. We present the first exploration of multiple uncertainty estimates based on Monte Carlo (MC) dropout (Gal and Ghahramani, 2016) in the context of deep networks for lesion detection and segmentation in medical images. Specifically, we develop a 3D MS lesion segmentation CNN, augmented to provide four different voxel-based uncertainty measures based on MC dropout. We train the network on a proprietary, large-scale, multi-site, multi-scanner, clinical MS dataset, and compute lesion-wise uncertainties by accumulating evidence from voxel-wise uncertainties within detected lesions. We analyze the performance of voxel-based segmentation and lesion-level detection by choosing operating points based on the uncertainty. Uncertainty filtering improves both voxel and lesion-wise TPR and FDR on remaining, certain predictions compared to sigmoid-based TPR/FDR curves. Small lesions and lesion-boundaries are the most uncertain regions, which is consistent with human-rater variability.",international conference on medical image computing and computer-assisted intervention,preprint,2018,q-bio,https://arxiv.org/abs/1808.01200,final,2026-06-10,,,lev=0.248; q='medical imaging deep learning arxiv'
B-0189-v1,B,arXiv:1610.07086,Deep image mining for diabetic retinopathy screening,"G. Quellec, K. Charrière, Yassine Boudi, B. Cochener, M. Lamard","Deep learning is quickly becoming the leading methodology for medical image analysis. Given a large medical archive, where each image is associated with a diagnosis, efficient pathology detectors or classifiers can be trained with virtually no expert knowledge about the target pathologies. However, deep learning algorithms, including the popular ConvNets, are black boxes: little is known about the local patterns analyzed by ConvNets to make a decision at the image level. A solution is proposed in this paper to create heatmaps showing which pixels in images play a role in the image-level predictions. In other words, a ConvNet trained for image-level classification can be used to detect lesions as well. A generalization of the backpropagation method is proposed in order to train ConvNets that produce high-quality heatmaps. The proposed solution is applied to diabetic retinopathy (DR) screening in a dataset of almost 90,000 fundus photographs from the 2015 Kaggle Diabetic Retinopathy competition. For the task of detecting referable DR, the proposed system outperforms state-of-the-art methods based on deep learning: $A_z$ = 0.954, as opposed to $A_z$ = 0.946 for Colas et al. (2016) in particular. Performance at the pixel level was evaluated in the DiaretDB1 dataset, where four types of lesions are manually segmented: microaneurysms, hemorrhages, exudates and cotton-wool spots. For all lesion types, the proposed detector, trained with image-level supervision, outperforms recent algorithms, even though they were trained with pixel-level supervision. This detector is part of the RetinOpTIC system for mobile eye pathology screening. Because it does not rely on expert knowledge or manual segmentation for detecting relevant patterns, the proposed solution can potentially discover new biomarkers in images, which makes it a promising image mining tool.",arXiv,preprint,2016,q-bio,https://arxiv.org/abs/1610.07086,v1,2026-06-10,,,lev=0.390; q='medical imaging deep learning arxiv'
B-0189-fn,B,arXiv:1610.07086,Deep image mining for diabetic retinopathy screening,"G. Quellec, K. Charrière, Yassine Boudi, B. Cochener, M. Lamard","HighlightsA ConvNet is trained to detect images with referable diabetic retinopathy (DR).Training is supervised with image‐level annotations only (referable DR or not).Thanks to a modified training procedure, pathological pixels can also be detected.This solution outperforms DR screening systems in a public dataset of 90,000 images.It also outperforms lesion detectors in the DiaretDB1 dataset, for all lesion types. Graphical abstract Figure. No Caption available. ABSTRACT Deep learning is quickly becoming the leading methodology for medical image analysis. Given a large medical archive, where each image is associated with a diagnosis, efficient pathology detectors or classifiers can be trained with virtually no expert knowledge about the target pathologies. However, deep learning algorithms, including the popular ConvNets, are black boxes: little is known about the local patterns analyzed by ConvNets to make a decision at the image level. A solution is proposed in this paper to create heatmaps showing which pixels in images play a role in the image‐level predictions. In other words, a ConvNet trained for image‐level classification can be used to detect lesions as well. A generalization of the backpropagation method is proposed in order to train ConvNets that produce high‐quality heatmaps. The proposed solution is applied to diabetic retinopathy (DR) screening in a dataset of almost 90,000 fundus photographs from the 2015 Kaggle Diabetic Retinopathy competition and a private dataset of almost 110,000 photographs (e‐ophtha). For the task of detecting referable DR, very good detection performance was achieved: Symbol in Kaggle’s dataset and Symbol in e‐ophtha. Performance was also evaluated at the image level and at the lesion level in the DiaretDB1 dataset, where four types of lesions are manually segmented: microaneurysms, hemorrhages, exudates and cotton‐wool spots. For the task of detecting images containing these four lesion types, the proposed detector, which was trained to detect referable DR, outperforms recent algorithms trained to detect those lesions specifically, with pixel‐level supervision. At the lesion level, the proposed detector outperforms heatmap generation algorithms for ConvNets. This detector is part of the Messidor® system for mobile eye pathology screening. Because it does not rely on expert knowledge or manual segmentation for detecting relevant patterns, the proposed solution is a promising image mining tool, which has the potential to discover new biomarkers in images. Symbol. No Caption available. Symbol. No Caption available.",medical image anal.,preprint,2016,q-bio,https://arxiv.org/abs/1610.07086,final,2026-06-10,,,lev=0.390; q='medical imaging deep learning arxiv'
B-0190-v1,B,arXiv:1711.06606,Unsupervised Reverse Domain Adaptation for Synthetic Medical Images via Adversarial Training,"Faisal Mahmood, Richard J. Chen, N. Durr","To realize the full potential of deep learning for medical imaging, large annotated datasets are required for training. Such datasets are difficult to acquire because labeled medical images are not usually available due to privacy issues, lack of experts available for annotation, underrepresentation of rare conditions and poor standardization. Lack of annotated data has been addressed in conventional vision applications using synthetic images refined via unsupervised adversarial training to look like real images. However, this approach is difficult to extend to general medical imaging because of the complex and diverse set of features found in real human tissues. We propose an alternative framework that uses a reverse flow, where adversarial training is used to make real medical images more like synthetic images, and hypothesize that clinically-relevant features can be preserved via self-regularization. These domain-adapted images can then be accurately interpreted by networks trained on large datasets of synthetic medical images. We test this approach for the notoriously difficult task of depth-estimation from endoscopy. We train a depth estimator on a large dataset of synthetic images generated using an accurate forward model of an endoscope and an anatomically-realistic colon. This network predicts significantly better depths when using synthetic-like domain-adapted images compared to the real images, confirming that the clinically-relevant features of depth are preserved.",arXiv,preprint,2017,q-bio,https://arxiv.org/abs/1711.06606,v1,2026-06-10,,,lev=0.257; q='medical imaging deep learning arxiv'
B-0190-fn,B,arXiv:1711.06606,Unsupervised Reverse Domain Adaptation for Synthetic Medical Images via Adversarial Training,"Faisal Mahmood, Richard J. Chen, N. Durr","To realize the full potential of deep learning for medical imaging, large annotated datasets are required for training. Such datasets are difficult to acquire due to privacy issues, lack of experts available for annotation, underrepresentation of rare conditions, and poor standardization. The lack of annotated data has been addressed in conventional vision applications using synthetic images refined via unsupervised adversarial training to look like real images. However, this approach is difficult to extend to general medical imaging because of the complex and diverse set of features found in real human tissues. We propose a novel framework that uses a reverse flow, where adversarial training is used to make real medical images more like synthetic images, and clinically-relevant features are preserved via self-regularization. These domain-adapted synthetic-like images can then be accurately interpreted by networks trained on large datasets of synthetic medical images. We implement this approach on the notoriously difficult task of depth-estimation from monocular endoscopy which has a variety of applications in colonoscopy, robotic surgery, and invasive endoscopic procedures. We train a depth estimator on a large data set of synthetic images generated using an accurate forward model of an endoscope and an anatomically-realistic colon. Our analysis demonstrates that the structural similarity of endoscopy depth estimation in a real pig colon predicted from a network trained solely on synthetic data improved by 78.7% by using reverse domain adaptation.",ieee transactions on medical imaging,preprint,2017,q-bio,https://arxiv.org/abs/1711.06606,final,2026-06-10,,,lev=0.257; q='medical imaging deep learning arxiv'
B-0191-v1,B,arXiv:1709.02250,Medical Image Analysis using Convolutional Neural Networks: A Review,"A. Qayyum, S. Anwar, Muhammad Majid, M. Awais, M. Alnowami","Medical image analysis is the science of analyzing or solving medical problems using different image analysis techniques for affective and efficient extraction of information. It has emerged as one of the top research area in the field of engineering and medicine. Recent years have witnessed rapid use of machine learning algorithms in medical image analysis. These machine learning techniques are used to extract compact information for improved performance of medical image analysis system, when compared to the traditional methods that use extraction of handcrafted features. Deep learning is a breakthrough in machine learning techniques that has overwhelmed the field of pattern recognition and computer vision research by providing state-of-the-art results. Deep learning provides different machine learning algorithms that model high level data abstractions and do not rely on handcrafted features. Recently, deep learning methods utilizing deep convolutional neural networks have been applied to medical image analysis providing promising results. The application area covers the whole spectrum of medical image analysis including detection, segmentation, classification, and computer aided diagnosis. This paper presents a review of the state-of-the-art convolutional neural network based techniques used for medical image analysis.",arXiv,preprint,2017,q-bio,https://arxiv.org/abs/1709.02250,v1,2026-06-10,,,lev=0.683; q='medical imaging deep learning arxiv'
B-0191-fn,B,arXiv:1709.02250,Medical Image Analysis using Convolutional Neural Networks: A Review,"A. Qayyum, S. Anwar, Muhammad Majid, M. Awais, M. Alnowami","The science of solving clinical problems by analyzing images generated in clinical practice is known as medical image analysis. The aim is to extract information in an affective and efficient manner for improved clinical diagnosis. The recent advances in the field of biomedical engineering have made medical image analysis one of the top research and development area. One of the reasons for this advancement is the application of machine learning techniques for the analysis of medical images. Deep learning is successfully used as a tool for machine learning, where a neural network is capable of automatically learning features. This is in contrast to those methods where traditionally hand crafted features are used. The selection and calculation of these features is a challenging task. Among deep learning techniques, deep convolutional networks are actively used for the purpose of medical image analysis. This includes application areas such as segmentation, abnormality detection, disease classification, computer aided diagnosis and retrieval. In this study, a comprehensive review of the current state-of-the-art in medical image analysis using deep convolutional networks is presented. The challenges and potential of these techniques are also highlighted.",journal of medical systems,preprint,2017,q-bio,https://arxiv.org/abs/1709.02250,final,2026-06-10,,,lev=0.683; q='medical imaging deep learning arxiv'
B-0192-v1,B,arXiv:1708.00961,Low Dose CT Image Denoising Using a Generative Adversarial Network with Wasserstein Distance and Perceptual Loss,"Qingsong Yang, Pingkun Yan, Yanbo Zhang, Hengyong Yu, Yongyi Shi, X. Mou, M. Kalra, Yi Zhang, Ling Sun, Ge Wang","In this paper, we introduce a new CT image denoising method based on the generative adversarial network (GAN) with Wasserstein distance and perceptual similarity. The Wasserstein distance is a key concept of the optimal transform theory, and promises to improve the performance of the GAN. The perceptual loss compares the perceptual features of a denoised output against those of the ground truth in an established feature space, while the GAN helps migrate the data noise distribution from strong to weak. Therefore, our proposed method transfers our knowledge of visual perception to the image denoising task, is capable of not only reducing the image noise level but also keeping the critical information at the same time. Promising results have been obtained in our experiments with clinical CT images.",arXiv,preprint,2017,q-bio,https://arxiv.org/abs/1708.00961,v1,2026-06-10,,,lev=0.576; q='medical imaging deep learning arxiv'
B-0192-fn,B,arXiv:1708.00961,Low Dose CT Image Denoising Using a Generative Adversarial Network with Wasserstein Distance and Perceptual Loss,"Qingsong Yang, Pingkun Yan, Yanbo Zhang, Hengyong Yu, Yongyi Shi, X. Mou, M. Kalra, Yi Zhang, Ling Sun, Ge Wang","The continuous development and extensive use of computed tomography (CT) in medical practice has raised a public concern over the associated radiation dose to the patient. Reducing the radiation dose may lead to increased noise and artifacts, which can adversely affect the radiologists’ judgment and confidence. Hence, advanced image reconstruction from low-dose CT data is needed to improve the diagnostic performance, which is a challenging problem due to its ill-posed nature. Over the past years, various low-dose CT methods have produced impressive results. However, most of the algorithms developed for this application, including the recently popularized deep learning techniques, aim for minimizing the mean-squared error (MSE) between a denoised CT image and the ground truth under generic penalties. Although the peak signal-to-noise ratio is improved, MSE- or weighted-MSE-based methods can compromise the visibility of important structural details after aggressive denoising. This paper introduces a new CT image denoising method based on the generative adversarial network (GAN) with Wasserstein distance and perceptual similarity. The Wasserstein distance is a key concept of the optimal transport theory and promises to improve the performance of GAN. The perceptual loss suppresses noise by comparing the perceptual features of a denoised output against those of the ground truth in an established feature space, while the GAN focuses more on migrating the data noise distribution from strong to weak statistically. Therefore, our proposed method transfers our knowledge of visual perception to the image denoising task and is capable of not only reducing the image noise level but also trying to keep the critical information at the same time. Promising results have been obtained in our experiments with clinical CT images.",ieee transactions on medical imaging,preprint,2017,q-bio,https://arxiv.org/abs/1708.00961,final,2026-06-10,,,lev=0.576; q='medical imaging deep learning arxiv'
B-0193-v1,B,arXiv:1902.04615,Gauge Equivariant Convolutional Networks and the Icosahedral CNN,"Taco Cohen, Maurice Weiler, Berkay Kicanaoglu, Max Welling","The idea of equivariance to symmetry transformations provides one of the first theoretically grounded principles for neural network architecture design. Equivariant networks have shown excellent performance and data efficiency on vision and medical imaging problems that exhibit symmetries. Here we show how this principle can be extended beyond global symmetries to local gauge transformations, thereby enabling the development of equivariant convolutional networks on general manifolds. We implement gauge equivariant CNNs for signals defined on the icosahedron, which provides a reasonable approximation of spherical signals. By choosing to work with this very regular manifold, we are able to implement the gauge equivariant convolution using a single conv2d call, making it a highly scalable and practical alternative to Spherical CNNs. We evaluate the Icosahedral CNN on omnidirectional image segmentation and climate pattern segmentation, and find that it outperforms previous methods.",arXiv,preprint,2019,q-bio,https://arxiv.org/abs/1902.04615,v1,2026-06-10,,,lev=0.313; q='medical imaging deep learning arxiv'
B-0193-fn,B,arXiv:1902.04615,Gauge Equivariant Convolutional Networks and the Icosahedral CNN,"Taco Cohen, Maurice Weiler, Berkay Kicanaoglu, Max Welling","The principle of equivariance to symmetry transformations enables a theoretically grounded approach to neural network architecture design. Equivariant networks have shown excellent performance and data efficiency on vision and medical imaging problems that exhibit symmetries. Here we show how this principle can be extended beyond global symmetries to local gauge transformations. This enables the development of a very general class of convolutional neural networks on manifolds that depend only on the intrinsic geometry, and which includes many popular methods from equivariant and geometric deep learning. We implement gauge equivariant CNNs for signals defined on the surface of the icosahedron, which provides a reasonable approximation of the sphere. By choosing to work with this very regular manifold, we are able to implement the gauge equivariant convolution using a single conv2d call, making it a highly scalable and practical alternative to Spherical CNNs. Using this method, we demonstrate substantial improvements over previous methods on the task of segmenting omnidirectional images and global climate patterns.",international conference on machine learning,preprint,2019,q-bio,https://arxiv.org/abs/1902.04615,final,2026-06-10,,,lev=0.313; q='medical imaging deep learning arxiv'
B-0194-v1,B,arXiv:1711.00049,Medical image segmentation based on multi-modal convolutional neural network: Study on image fusion schemes,"Zhe Guo, Xiang Li, Heng Huang, Ning Guo, Quanzheng Li","Image analysis using more than one modality (i.e. multi-modal) has been increasingly applied in the field of biomedical imaging. One of the challenges in performing the multimodal analysis is that there exist multiple schemes for fusing the information from different modalities, where such schemes are application-dependent and lack a unified framework to guide their designs. In this work we firstly propose a conceptual architecture for the image fusion schemes in supervised biomedical image analysis: fusing at the feature level, fusing at the classifier level, and fusing at the decision-making level. Further, motivated by the recent success in applying deep learning for natural image analysis, we implement the three image fusion schemes above based on the Convolutional Neural Network (CNN) with varied structures, and combined into a single framework. The proposed image segmentation framework is capable of analyzing the multi-modality images using different fusing schemes simultaneously. The framework is applied to detect the presence of soft tissue sarcoma from the combination of Magnetic Resonance Imaging (MRI), Computed Tomography (CT) and Positron Emission Tomography (PET) images. It is found from the results that while all the fusion schemes outperform the single-modality schemes, fusing at the feature level can generally achieve the best performance in terms of both accuracy and computational cost, but also suffers from the decreased robustness in the presence of large errors in any image modalities.",arXiv,preprint,2017,q-bio,https://arxiv.org/abs/1711.00049,v1,2026-06-10,,,lev=0.623; q='medical imaging deep learning arxiv'
B-0194-fn,B,arXiv:1711.00049,Medical image segmentation based on multi-modal convolutional neural network: Study on image fusion schemes,"Zhe Guo, Xiang Li, Heng Huang, Ning Guo, Quanzheng Li","Motivated by the recent success in applying deep learning for natural image analysis, we designed an image segmentation system based on deep Convolutional Neural Network (CNN) to detect the presence of soft tissue sarcoma from multi-modality medical images, including Magnetic Resonance Imaging (MRI), Computed Tomography (CT) and Positron Emission Tomography (PET). Multi-modality imaging analysis using deep learning has been increasingly applied in the field of biomedical imaging and brought unique value to medical applications. However, it is still challenging to perform the multi-modal analysis owing to a major difficulty that is how to fuse the information derived from different modalities. There exist varies of possible schemes which are application-dependent and lack of a unified framework to guide their designs. Aiming at lesion segmentation with multi-modality images, we innovatively propose a conceptual image fusion architecture for supervised biomedical image analysis. The architecture has been optimized by testing different fusion schemes within the CNN structure, including fusing at the feature learning level, fusing at the classifier level, and the fusing at the decision-making level. It is found from the results that while all the fusion schemes outperform the single-modality schemes, fusing at the feature level can generally achieve the best performance in terms of both accuracy and computational cost, but can also suffer from the decreased robustness due to the presence of large errors in one or more image modalities.",ieee international symposium on biomedical imaging,preprint,2017,q-bio,https://arxiv.org/abs/1711.00049,final,2026-06-10,,,lev=0.623; q='medical imaging deep learning arxiv'
B-0195-v1,B,arXiv:1711.11279,Interpretability Beyond Feature Attribution: Quantitative Testing with Concept Activation Vectors (TCAV),"Been Kim, M. Wattenberg, J. Gilmer, Carrie J. Cai, James Wexler, F. Viégas, R. Sayres","Neural networks commonly offer high utility but remain difficult to interpret. Developing methods to explain their decisions is challenging due to their large size, complex structure, and inscrutable internal representations. This work argues that the language of explanations should be expanded from that of input features (e.g., assigning importance weightings to pixels) to include that of higher-level, human-friendly concepts. For example, an understandable explanation of why an image classifier outputs the label ""zebra"" would ideally relate to concepts such as ""stripes"" rather than a set of particular pixel values. This paper introduces the ""concept activation vector"" (CAV) which allows quantitative analysis of a concept's relative importance to classification, with a user-provided set of input data examples defining the concept. CAVs may be easily used by non-experts, who need only provide examples, and with CAVs the high-dimensional structure of neural networks turns into an aid to interpretation, rather than an obstacle. Using the domain of image classification as a testing ground, we describe how CAVs may be used to test hypotheses about classifiers and also generate insights into the deficiencies and correlations in training data. CAVs also provide us a directed approach to choose the combinations of neurons to visualize with the DeepDream technique, which traditionally has chosen neurons or linear combinations of neurons at random to visualize.",arXiv,preprint,2017,q-bio,https://arxiv.org/abs/1711.11279,v1,2026-06-10,,,lev=0.669; q='medical imaging deep learning arxiv'
B-0195-fn,B,arXiv:1711.11279,Interpretability Beyond Feature Attribution: Quantitative Testing with Concept Activation Vectors (TCAV),"Been Kim, M. Wattenberg, J. Gilmer, Carrie J. Cai, James Wexler, F. Viégas, R. Sayres","The interpretation of deep learning models is a challenge due to their size, complexity, and often opaque internal state. In addition, many systems, such as image classifiers, operate on low-level features rather than high-level concepts. To address these challenges, we introduce Concept Activation Vectors (CAVs), which provide an interpretation of a neural net's internal state in terms of human-friendly concepts. The key idea is to view the high-dimensional internal state of a neural net as an aid, not an obstacle. We show how to use CAVs as part of a technique, Testing with CAVs (TCAV), that uses directional derivatives to quantify the degree to which a user-defined concept is important to a classification result--for example, how sensitive a prediction of ""zebra"" is to the presence of stripes. Using the domain of image classification as a testing ground, we describe how CAVs may be used to explore hypotheses and generate insights for a standard image classification network as well as a medical application.",international conference on machine learning,preprint,2017,q-bio,https://arxiv.org/abs/1711.11279,final,2026-06-10,,,lev=0.669; q='medical imaging deep learning arxiv'
B-0196-v1,B,arXiv:1808.05205,Building medical image classifiers with very limited data using segmentation networks,"Ken C. L. Wong, T. Syeda-Mahmood, Mehdi Moradi","Deep learning has shown promising results in medical image analysis, however, the lack of very large annotated datasets confines its full potential. Although transfer learning with ImageNet pre-trained classification models can alleviate the problem, constrained image sizes and model complexities can lead to unnecessary increase in computational cost and decrease in performance. As many common morphological features are usually shared by different classification tasks of an organ, it is greatly beneficial if we can extract such features to improve classification with limited samples. Therefore, inspired by the idea of curriculum learning, we propose a strategy for building medical image classifiers using features from segmentation networks. By using a segmentation network pre-trained on similar data as the classification task, the machine can first learn the simpler shape and structural concepts before tackling the actual classification problem which usually involves more complicated concepts. Using our proposed framework on a 3D three-class brain tumor type classification problem, we achieved 82% accuracy on 191 testing samples with 91 training samples. When applying to a 2D nine-class cardiac semantic level classification problem, we achieved 86% accuracy on 263 testing samples with 108 training samples. Comparisons with ImageNet pre-trained classifiers and classifiers trained from scratch are presented.",arXiv,preprint,2018,q-bio,https://arxiv.org/abs/1808.05205,v1,2026-06-10,,,lev=0.249; q='medical imaging deep learning arxiv'
B-0196-fn,B,arXiv:1808.05205,Building medical image classifiers with very limited data using segmentation networks,"Ken C. L. Wong, T. Syeda-Mahmood, Mehdi Moradi","HighlightsBuilding medical image classifiers using features from segmentation networks.Important for 3D image analysis as ImageNet pre‐trained CNNs are unavailable in 3D.Tested on 3D brain tumor type and 2D cardiac semantic level classifications.Compared to classifiers trained from scratch and with ImageNet pre‐trained CNNs.82% and 86% accuracies on brain tumor and cardiac semantic level classifications. Graphical abstract Figure. No caption available. ABSTRACT Deep learning has shown promising results in medical image analysis, however, the lack of very large annotated datasets confines its full potential. Although transfer learning with ImageNet pre‐trained classification models can alleviate the problem, constrained image sizes and model complexities can lead to unnecessary increase in computational cost and decrease in performance. As many common morphological features are usually shared by different classification tasks of an organ, it is greatly beneficial if we can extract such features to improve classification with limited samples. Therefore, inspired by the idea of curriculum learning, we propose a strategy for building medical image classifiers using features from segmentation networks. By using a segmentation network pre‐trained on similar data as the classification task, the machine can first learn the simpler shape and structural concepts before tackling the actual classification problem which usually involves more complicated concepts. Using our proposed framework on a 3D three‐class brain tumor type classification problem, we achieved 82% accuracy on 191 testing samples with 91 training samples. When applying to a 2D nine‐class cardiac semantic level classification problem, we achieved 86% accuracy on 263 testing samples with 108 training samples. Comparisons with ImageNet pre‐trained classifiers and classifiers trained from scratch are presented.",medical image anal.,preprint,2018,q-bio,https://arxiv.org/abs/1808.05205,final,2026-06-10,,,lev=0.249; q='medical imaging deep learning arxiv'
B-0197-v1,B,arXiv:1807.08599,3D Convolutional Neural Networks for Tumor Segmentation using Long-range 2D Context,"Pawel Mlynarski, H. Delingette, A. Criminisi, N. Ayache","We present an efficient deep learning approach for the challenging task of tumor segmentation in multisequence MR images. In recent years, Convolutional Neural Networks (CNN) have achieved state-of-the-art performances in a large variety of recognition tasks in medical imaging. Because of the considerable computational cost of CNNs, large volumes such as MRI are typically processed by subvolumes, for instance slices (axial, coronal, sagittal) or small 3D patches. In this paper we introduce a CNN-based model which efficiently combines the advantages of the short-range 3D context and the long-range 2D context. To overcome the limitations of specific choices of neural network architectures, we also propose to merge outputs of several cascaded 2D-3D models by a voxelwise voting strategy. Furthermore, we propose a network architecture in which the different MR sequences are processed by separate subnetworks in order to be more robust to the problem of missing MR sequences. Finally, a simple and efficient algorithm for training large CNN models is introduced. We evaluate our method on the public benchmark of the BRATS 2017 challenge on the task of multiclass segmentation of malignant brain tumors. Our method achieves good performances and produces accurate segmentations with median Dice scores of 0.918 (whole tumor), 0.883 (tumor core) and 0.854 (enhancing core). Our approach can be naturally applied to various tasks involving segmentation of lesions or organs.",arXiv,preprint,2018,q-bio,https://arxiv.org/abs/1807.08599,v1,2026-06-10,,,lev=0.254; q='medical imaging deep learning arxiv'
B-0197-fn,B,arXiv:1807.08599,3D Convolutional Neural Networks for Tumor Segmentation using Long-range 2D Context,"Pawel Mlynarski, H. Delingette, A. Criminisi, N. Ayache","We present an efficient deep learning approach for the challenging task of tumor segmentation in multisequence MR images. In recent years, Convolutional Neural Networks (CNN) have achieved state-of-the-art performances in a large variety of recognition tasks in medical imaging. Because of the considerable computational cost of CNNs, large volumes such as MRI are typically processed by subvolumes, for instance slices (axial, coronal, sagittal) or small 3D patches. In this paper we introduce a CNN-based model which efficiently combines the advantages of the short-range 3D context and the long-range 2D context. Furthermore, we propose a network architecture with modality-specific subnetworks in order to be more robust to the problem of missing MR sequences during the training phase. To overcome the limitations of specific choices of neural network architectures, we describe a hierarchical decision process to combine outputs of several segmentation models. Finally, a simple and efficient algorithm for training large CNN models is introduced. We evaluate our method on the public benchmark of the BRATS 2017 challenge on the task of multiclass segmentation of malignant brain tumors. Our method achieves good performances and produces accurate segmentations with median Dice scores of 0.918 (whole tumor), 0.883 (tumor core) and 0.854 (enhancing core).",comput. medical imaging graph.,preprint,2018,q-bio,https://arxiv.org/abs/1807.08599,final,2026-06-10,,,lev=0.254; q='medical imaging deep learning arxiv'
B-0198-v1,B,arXiv:1906.10089,Image-to-Images Translation for Multi-Task Organ Segmentation and Bone Suppression in Chest X-Ray Radiography,"M. Eslami, Solale Tabarestani, Shadi Albarqouni, Ehsan Adeli, Nassir Navab, M. Adjouadi","Chest X-ray radiography is one of the earliest medical imaging technologies and remains one of the most widely-used for the diagnosis, screening and treatment follow up of diseases related to lungs and heart. The literature in this field of research reports many interesting studies dealing with the challenging tasks of bone suppression and organ segmentation but performed separately, limiting any learning that comes with the consolidation of parameters that could optimize both processes. Although image processing could facilitate computer aided diagnosis, machine learning seems more amenable in dealing with the many parameters one would have to contend with to yield an near optimal classification or decision-making process. This study, and for the first time, introduces a multitask deep learning model that generates simultaneously the bone-suppressed image and the organ segmented image, minimizing as a consequence the number of parameters the model has to deal with and optimizing the processing time as well; while at the same time exploiting the interplay in these parameters so as to benefit the performance of both tasks. The design architecture of this model, which relies on a conditional generative adversarial network, reveals the process on how we managed to modify the well-established pix2pix network to fit the need for multitasking and hence extending the standard image-to-image network to the new image-to-images architecture. Dilated convolutions are also used to improve the results through a more effective receptive field assessment. A comparison of the proposed approach to state-of-the-art algorithms is provided to gauge the merits of the proposed approach.",arXiv,preprint,2019,q-bio,https://arxiv.org/abs/1906.10089,v1,2026-06-10,,,lev=0.514; q='medical imaging deep learning arxiv'
B-0198-fn,B,arXiv:1906.10089,Image-to-Images Translation for Multi-Task Organ Segmentation and Bone Suppression in Chest X-Ray Radiography,"M. Eslami, Solale Tabarestani, Shadi Albarqouni, Ehsan Adeli, Nassir Navab, M. Adjouadi","Chest X-ray radiography is one of the earliest medical imaging technologies and remains one of the most widely-used for diagnosis, screening, and treatment follow up of diseases related to lungs and heart. The literature in this field of research reports many interesting studies dealing with the challenging tasks of bone suppression and organ segmentation but performed separately, limiting any learning that comes with the consolidation of parameters that could optimize both processes. This study, and for the first time, introduces a multitask deep learning model that generates simultaneously the bone-suppressed image and the organ-segmented image, enhancing the accuracy of tasks, minimizing the number of parameters needed by the model and optimizing the processing time, all by exploiting the interplay between the network parameters to benefit the performance of both tasks. The architectural design of this model, which relies on a conditional generative adversarial network, reveals the process on how the well-established <italic>pix2pix</italic> network (<italic>image-to-image</italic> network) is modified to fit the need for multitasking and extending it to the new <italic>image-to-imag<underline>es</underline></italic> architecture. The developed source code of this multitask model is shared publicly on Github as the first attempt for providing the two-task <italic>pix2pix</italic> extension, a supervised/paired/aligned/registered <italic>image-to-imag<underline>es</underline></italic> translation which would be useful in many multitask applications. Dilated convolutions are also used to improve the results through a more effective receptive field assessment. The comparison with state-of-the-art algorithms along with ablation study and a demonstration video<xref ref-type=""fn"" rid=""fn1""><sup>1</sup></xref> are provided to evaluate the efficacy and gauge the merits of the proposed approach.<fn id=""fn1""><label><sup>1</sup></label><p><uri>https://youtu.be/J8Uth26_7rQhttps://youtu.be/J8Uth26_7rQ</uri></p></fn>",ieee transactions on medical imaging,preprint,2019,q-bio,https://arxiv.org/abs/1906.10089,final,2026-06-10,,,lev=0.514; q='medical imaging deep learning arxiv'
