id,arm,paper_id,title,authors,abstract,venue,venue_type,year,domain,source_url,version,collection_date,ts_guessing_score,is_contaminated,notes
A-0001,A,bc00ff34ec7772080c7039b17f7069a2f7df0889,Stop Explaining Black Box Machine Learning Models for High Stakes Decisions and Use Interpretable Models Instead,C. Rudin,"Black box machine learning models are currently being used for high-stakes decision making throughout society, causing problems in healthcare, criminal justice and other domains. Some people hope that creating methods for explaining these black box models will alleviate some of the problems, but trying to explain black box models, rather than creating models that are interpretable in the first place, is likely to perpetuate bad practice and can potentially cause great harm to society. The way forward is to design models that are inherently interpretable. This Perspective clarifies the chasm between explaining black boxes and using inherently interpretable models, outlines several key reasons why explainable black boxes should be avoided in high-stakes decisions, identifies challenges to interpretable machine learning, and provides several example applications where interpretable models could potentially replace black box models in criminal justice, healthcare and computer vision. There has been a recent rise of interest in developing methods for ‘explainable AI’, where models are created to explain how a first ‘black box’ machine learning model arrives at a specific decision. It can be argued that instead efforts should be directed at building inherently interpretable models in the first place, in particular where they are applied in applications that directly affect human lives, such as in healthcare and criminal justice.",Nature Machine Intelligence,journal,2018,"Computer Science, Medicine",https://www.semanticscholar.org/paper/bc00ff34ec7772080c7039b17f7069a2f7df0889,final,2026-06-08,,,
A-0002,A,b5904cd5dbf73b8d5ff13517de490c292d877ee0,Applications of machine learning in drug discovery and development,"J. Vamathevan, Dominic Clark, P. Czodrowski, I. Dunham, Edgardo Ferran, George Lee, Bin Li, A. Madabhushi, Parantu K. Shah, M. Spitzer, Shanrong Zhao","Drug discovery and development pipelines are long, complex and depend on numerous factors. Machine learning (ML) approaches provide a set of tools that can improve discovery and decision making for well-specified questions with abundant, high-quality data. Opportunities to apply ML occur in all stages of drug discovery. Examples include target validation, identification of prognostic biomarkers and analysis of digital pathology data in clinical trials. Applications have ranged in context and methodology, with some approaches yielding accurate predictions and insights. The challenges of applying ML lie primarily with the lack of interpretability and repeatability of ML-generated results, which may limit their application. In all areas, systematic and comprehensive high-dimensional data still need to be generated. With ongoing efforts to tackle these issues, as well as increasing awareness of the factors needed to validate ML approaches, the application of ML can promote data-driven decision making and has the potential to speed up the process and reduce failure rates in drug discovery and development. Machine learning has been applied to numerous stages in the drug discovery pipeline. Here, Vamathevan and colleagues discuss the most useful techniques and how machine learning can promote data-driven decision making in drug discovery and development. They highlight major hurdles in the field, such as the required data characteristics for applying machine learning, which will need to be solved as machine learning matures.",Nature reviews. Drug discovery,journal,2019,"Computer Science, Medicine",https://www.semanticscholar.org/paper/b5904cd5dbf73b8d5ff13517de490c292d877ee0,final,2026-06-08,,,
A-0003,A,53eef24a59b12107e6188e121c85f85fa8a78100,Explainable machine-learning predictions for the prevention of hypoxaemia during surgery,"Scott M. Lundberg, Bala G. Nair, M. Vavilala, M. Horibe, Michael J. Eisses, Trevor L. Adams, D. Liston, Daniel K. Low, Shu-Fang Newman, Jerry H. Kim, Su-In Lee","Although anaesthesiologists strive to avoid hypoxaemia during surgery, reliably predicting future intraoperative hypoxaemia is not possible at present. Here, we report the development and testing of a machine-learning-based system that predicts the risk of hypoxaemia and provides explanations of the risk factors in real time during general anaesthesia. The system, which was trained on minute-by-minute data from the electronic medical records of over 50,000 surgeries, improved the performance of anaesthesiologists by providing interpretable hypoxaemia risks and contributing factors. The explanations for the predictions are broadly consistent with the literature and with prior knowledge from anaesthesiologists. Our results suggest that if anaesthesiologists currently anticipate 15% of hypoxaemia events, with the assistance of this system they could anticipate 30%, a large portion of which may benefit from early intervention because they are associated with modifiable factors. The system can help improve the clinical understanding of hypoxaemia risk during anaesthesia care by providing general insights into the exact changes in risk induced by certain characteristics of the patient or procedure. An alert system based on machine learning and trained on surgical data from electronic medical records helps anaesthesiologists prevent hypoxaemia during surgery by providing interpretable real-time predictions.",Nature Biomedical Engineering,journal,2018,Medicine,https://www.semanticscholar.org/paper/53eef24a59b12107e6188e121c85f85fa8a78100,final,2026-06-08,,,
A-0004,A,15eded04386a8982ccd5627bd1efe70bbf624c02,Quantum machine learning,"J. Biamonte, P. Wittek, Nicola Pancotti, P. Rebentrost, N. Wiebe, S. Lloyd","Fuelled by increasing computer power and algorithmic advances, machine learning techniques have become powerful tools for finding patterns in data. Quantum systems produce atypical patterns that classical systems are thought not to produce efficiently, so it is reasonable to postulate that quantum computers may outperform classical computers on machine learning tasks. The field of quantum machine learning explores how to devise and implement quantum software that could enable machine learning that is faster than that of classical computers. Recent work has produced quantum algorithms that could act as the building blocks of machine learning programs, but the hardware and software challenges are still considerable.",Nature,journal,2016,"Physics, Mathematics, Computer Science, Medicine",https://www.semanticscholar.org/paper/15eded04386a8982ccd5627bd1efe70bbf624c02,final,2026-06-08,,,
A-0005,A,4f2b9cb774489c1a600c224c75edb8da07a24064,Machine-learning reprogrammable metasurface imager,"Lianlin Li, Hengxin Ruan, Che Liu, Ying Li, Ya Shuang, A. Alú, C. Qiu, T. Cui","Conventional microwave imagers usually require either time-consuming data acquisition, or complicated reconstruction algorithms for data post-processing, making them largely ineffective for complex in-situ sensing and monitoring. Here, we experimentally report a real-time digital-metasurface imager that can be trained in-situ to generate the radiation patterns required by machine-learning optimized measurement modes. This imager is electronically reprogrammed in real time to access the optimized solution for an entire data set, realizing storage and transfer of full-resolution raw data in dynamically varying scenes. High-accuracy image coding and recognition are demonstrated in situ for various image sets, including hand-written digits and through-wall body gestures, using a single physical hardware imager, reprogrammed in real time. Our electronically controlled metasurface imager opens new venues for intelligent surveillance, fast data acquisition and processing, imaging at various frequencies, and beyond. Conventional imagers require time-consuming data acquisition, or complicated reconstruction algorithms for data post-processing. Here, the authors demonstrate a real-time digital-metasurface imager that can be trained in-situ to show high accuracy image coding and recognition for various image sets.",Nature Communications,journal,2019,"Medicine, Computer Science",https://www.semanticscholar.org/paper/4f2b9cb774489c1a600c224c75edb8da07a24064,final,2026-06-08,,,
A-0006,A,333e80cb1be31236c6b20ab7813cb264604d5d9f,Unifying machine learning and quantum chemistry with a deep neural network for molecular wavefunctions,"Kristof T. Schütt, M. Gastegger, A. Tkatchenko, K. Müller, R. Maurer","Machine learning advances chemistry and materials science by enabling large-scale exploration of chemical space based on quantum chemical calculations. While these models supply fast and accurate predictions of atomistic chemical properties, they do not explicitly capture the electronic degrees of freedom of a molecule, which limits their applicability for reactive chemistry and chemical analysis. Here we present a deep learning framework for the prediction of the quantum mechanical wavefunction in a local basis of atomic orbitals from which all other ground-state properties can be derived. This approach retains full access to the electronic structure via the wavefunction at force-field-like efficiency and captures quantum mechanics in an analytically differentiable representation. On several examples, we demonstrate that this opens promising avenues to perform inverse design of molecular structures for targeting electronic property optimisation and a clear path towards increased synergy of machine learning and quantum chemistry. Machine learning models can accurately predict atomistic chemical properties but do not provide access to the molecular electronic structure. Here the authors use a deep learning approach to predict the quantum mechanical wavefunction at high efficiency from which other ground-state properties can be derived.",Nature Communications,journal,2019,"Medicine, Materials Science, Physics, Mathematics",https://www.semanticscholar.org/paper/333e80cb1be31236c6b20ab7813cb264604d5d9f,final,2026-06-08,,,
A-0007,A,daf468f001c3a5c6f9e667417becb94fa83efb2f,Exploiting Machine Learning for End-To-End Drug Discovery and Development,"S. Ekins, A. C. Puhl, Kimberley M. Zorn, T. Lane, Daniel P. Russo, Jennifer J. Klein, A. Hickey, A. Clark","A variety of machine learning methods such as naive Bayesian, support vector machines and more recently deep neural networks are demonstrating their utility for drug discovery and development. These leverage the generally bigger datasets created from high-throughput screening data and allow prediction of bioactivities for targets and molecular properties with increased levels of accuracy. We have only just begun to exploit the potential of these techniques but they may already be fundamentally changing the research process for identifying new molecules and/or repurposing old drugs. The integrated application of such machine learning models for end-to-end (E2E) application is broadly relevant and has considerable implications for developing future therapies and their targeting.This Perspective describes the application of machine learning models in the design, synthesis and characterisation of molecules at different stages in the drug discovery and development process.",Nature Materials,journal,2019,"Computer Science, Medicine",https://www.semanticscholar.org/paper/daf468f001c3a5c6f9e667417becb94fa83efb2f,final,2026-06-08,,,
A-0008,A,dd308eb0d7be24e593fe355476057fc37ab5bf0e,Machine learning phases of matter,"J. Carrasquilla, R. Melko","The success of machine learning techniques in handling big data sets proves ideal for classifying condensed-matter phases and phase transitions. The technique is even amenable to detecting non-trivial states lacking in conventional order. Condensed-matter physics is the study of the collective behaviour of infinitely complex assemblies of electrons, nuclei, magnetic moments, atoms or qubits1. This complexity is reflected in the size of the state space, which grows exponentially with the number of particles, reminiscent of the ‘curse of dimensionality’ commonly encountered in machine learning2. Despite this curse, the machine learning community has developed techniques with remarkable abilities to recognize, classify, and characterize complex sets of data. Here, we show that modern machine learning architectures, such as fully connected and convolutional neural networks3, can identify phases and phase transitions in a variety of condensed-matter Hamiltonians. Readily programmable through modern software libraries4,5, neural networks can be trained to detect multiple types of order parameter, as well as highly non-trivial states with no conventional order, directly from raw state configurations sampled with Monte Carlo6,7.",Nature Physics,journal,2016,"Computer Science, Physics",https://www.semanticscholar.org/paper/dd308eb0d7be24e593fe355476057fc37ab5bf0e,final,2026-06-08,,,
A-0009,A,87da4c90c52b52eaae7aced8a9fbe17d28a27e9f,Exploring chemical compound space with quantum-based machine learning,"O. V. Lilienfeld, Klaus-Robert Müller, Klaus-Robert Müller, Klaus-Robert Müller, A. Tkatchenko","Rational design of compounds with specific properties requires understanding and fast evaluation of molecular properties throughout chemical compound space — the huge set of all potentially stable molecules. Recent advances in combining quantum-mechanical calculations with machine learning provide powerful tools for exploring wide swathes of chemical compound space. We present our perspective on this exciting and quickly developing field by discussing key advances in the development and applications of quantum-mechanics-based machine-learning methods to diverse compounds and properties, and outlining the challenges ahead. We argue that significant progress in the exploration and understanding of chemical compound space can be made through a systematic combination of rigorous physical theories, comprehensive synthetic data sets of microscopic and macroscopic properties, and modern machine-learning methods that account for physical and chemical knowledge. Machine-learning techniques have enabled, among many other applications, the exploration of molecular properties throughout chemical space. The specific development of quantum-based approaches in machine learning can now help us unravel new chemical insights.",Nature Reviews Chemistry,journal,2019,"Medicine, Physics, Computer Science",https://www.semanticscholar.org/paper/87da4c90c52b52eaae7aced8a9fbe17d28a27e9f,final,2026-06-08,,,
A-0010,A,558ff270fd32096d9d30532ec4a40f618a155748,Phase-field modeling and machine learning of electric-thermal-mechanical breakdown of polymer-based dielectrics,"Zhonghui Shen, Jianjun Wang, Jianyong Jiang, Sharon X. Huang, Yuanhua Lin, C. Nan, Long-qing Chen, Yang Shen","Understanding the breakdown mechanisms of polymer-based dielectrics is critical to achieving high-density energy storage. Here a comprehensive phase-field model is developed to investigate the electric, thermal, and mechanical effects in the breakdown process of polymer-based dielectrics. High-throughput simulations are performed for the P(VDF-HFP)-based nanocomposites filled with nanoparticles of different properties. Machine learning is conducted on the database from the high-throughput simulations to produce an analytical expression for the breakdown strength, which is verified by targeted experimental measurements and can be used to semiquantitatively predict the breakdown strength of the P(VDF-HFP)-based nanocomposites. The present work provides fundamental insights to the breakdown mechanisms of polymer nanocomposite dielectrics and establishes a powerful theoretical framework of materials design for optimizing their breakdown strength and thus maximizing their energy storage by screening suitable nanofillers. It can potentially be extended to optimize the performances of other types of materials such as thermoelectrics and solid electrolytes. Polymer dielectrics are promising for high-density energy storage but dielectric breakdown is poorly understood. Here, a phase-field model is developed to investigate electric, thermal, and mechanical effects in the breakdown process for a range of polymer dielectrics, and analytical expression for breakdown strength is provided by machine learning.",Nature Communications,journal,2019,"Medicine, Materials Science",https://www.semanticscholar.org/paper/558ff270fd32096d9d30532ec4a40f618a155748,final,2026-06-08,,,
A-0011,A,e04a31bd8213aea7a11e1b16e90e114d5d28a7a8,Accelerated discovery of stable lead-free hybrid organic-inorganic perovskites via machine learning,"Shuaihua Lu, Qionghua Zhou, Y. Ouyang, Yilv Guo, Qiang Li, Jinlan Wang","Rapidly discovering functional materials remains an open challenge because the traditional trial-and-error methods are usually inefficient especially when thousands of candidates are treated. Here, we develop a target-driven method to predict undiscovered hybrid organic-inorganic perovskites (HOIPs) for photovoltaics. This strategy, combining machine learning techniques and density functional theory calculations, aims to quickly screen the HOIPs based on bandgap and solve the problems of toxicity and poor environmental stability in HOIPs. Successfully, six orthorhombic lead-free HOIPs with proper bandgap for solar cells and room temperature thermal stability are screened out from 5158 unexplored HOIPs and two of them stand out with direct bandgaps in the visible region and excellent environmental stability. Essentially, a close structure-property relationship mapping the HOIPs bandgap is established. Our method can achieve high accuracy in a flash and be applicable to a broad class of functional material design. Conventional trial-error method is inefficient in discovering new functional materials in vast chemical and structural space. Here Lu et al. use machine learning techniques to screen out the most promising lead-free organic-inorganic perovskites with proper bandgap and stability from thousands of them in a flash.",Nature Communications,journal,2018,"Medicine, Materials Science",https://www.semanticscholar.org/paper/e04a31bd8213aea7a11e1b16e90e114d5d28a7a8,final,2026-06-08,,,
A-0012,A,bc3650685c2ff8ccf41fac6b15bd89398d5213d7,The METLIN small molecule dataset for machine learning-based retention time prediction,"Xavier Domingo-Almenara, Xavier Domingo-Almenara, Carlos Guijas, Elizabeth M Billings, J. R. Montenegro-Burke, Winnie Uritboonthai, A. Aisporna, Emily Chen, H. Benton, G. Siuzdak","Machine learning has been extensively applied in small molecule analysis to predict a wide range of molecular properties and processes including mass spectrometry fragmentation or chromatographic retention time. However, current approaches for retention time prediction lack sufficient accuracy due to limited available experimental data. Here we introduce the METLIN small molecule retention time (SMRT) dataset, an experimentally acquired reverse-phase chromatography retention time dataset covering up to 80,038 small molecules. To demonstrate the utility of this dataset, we deployed a deep learning model for retention time prediction applied to small molecule annotation. Results showed that in 70%\documentclass[12pt]{minimal} \usepackage{amsmath} \usepackage{wasysym} \usepackage{amsfonts} \usepackage{amssymb} \usepackage{amsbsy} \usepackage{mathrsfs} \usepackage{upgreek} \setlength{\oddsidemargin}{-69pt} \begin{document}$$\%$$\end{document} of the cases, the correct molecular identity was ranked among the top 3 candidates based on their predicted retention time. We anticipate that this dataset will enable the community to apply machine learning or first principles strategies to generate better models for retention time prediction. The use of machine learning for identifying small molecules through their retention time’s predictions has been challenging so far. Here the authors combine a large database of liquid chromatography retention time with a deep learning approach to enable accurate metabolites’s identification.",Nature Communications,journal,2019,"Medicine, Computer Science",https://www.semanticscholar.org/paper/bc3650685c2ff8ccf41fac6b15bd89398d5213d7,final,2026-06-08,,,
A-0013,A,a450156bd8a1e3b808f93e959ae9e79983c5751b,Controlling an organic synthesis robot with machine learning to search for new reactivity,"J. Granda, Liva Donina, Vincenza Dragone, D. Long, L. Cronin","The discovery of chemical reactions is an inherently unpredictable and time-consuming process1. An attractive alternative is to predict reactivity, although relevant approaches, such as computer-aided reaction design, are still in their infancy2. Reaction prediction based on high-level quantum chemical methods is complex3, even for simple molecules. Although machine learning is powerful for data analysis4,5, its applications in chemistry are still being developed6. Inspired by strategies based on chemists’ intuition7, we propose that a reaction system controlled by a machine learning algorithm may be able to explore the space of chemical reactions quickly, especially if trained by an expert8. Here we present an organic synthesis robot that can perform chemical reactions and analysis faster than they can be performed manually, as well as predict the reactivity of possible reagent combinations after conducting a small number of experiments, thus effectively navigating chemical reaction space. By using machine learning for decision making, enabled by binary encoding of the chemical inputs, the reactions can be assessed in real time using nuclear magnetic resonance and infrared spectroscopy. The machine learning system was able to predict the reactivity of about 1,000 reaction combinations with accuracy greater than 80 per cent after considering the outcomes of slightly over 10 per cent of the dataset. This approach was also used to calculate the reactivity of published datasets. Further, by using real-time data from our robot, these predictions were followed up manually by a chemist, leading to the discovery of four reactions. A robot instructed by a machine learning algorithm and coupled with real-time spectroscopic systems provides fast and accurate reaction outcome predictions and reactivity assessments, leading to the discovery of new reactions.",Nature,journal,2018,"Computer Science, Medicine",https://www.semanticscholar.org/paper/a450156bd8a1e3b808f93e959ae9e79983c5751b,final,2026-06-08,,,
A-0014,A,206107dbc2da85e0fc9b88cf33f9c9f09825e1b3,A Bayesian machine learning approach for drug target identification using diverse data types,"Neel S. Madhukar, Prashant K. Khade, Linda Huang, K. Gayvert, G. Galletti, M. Stogniew, J. Allen, P. Giannakakou, O. Elemento","Drug target identification is a crucial step in development, yet is also among the most complex. To address this, we develop BANDIT, a Bayesian machine-learning approach that integrates multiple data types to predict drug binding targets. Integrating public data, BANDIT benchmarked a ~90% accuracy on 2000+ small molecules. Applied to 14,000+ compounds without known targets, BANDIT generated ~4,000 previously unknown molecule-target predictions. From this set we validate 14 novel microtubule inhibitors, including 3 with activity on resistant cancer cells. We applied BANDIT to ONC201—an anti-cancer compound in clinical development whose target had remained elusive. We identified and validated DRD2 as ONC201’s target, and this information is now being used for precise clinical trial design. Finally, BANDIT identifies connections between different drug classes, elucidating previously unexplained clinical observations and suggesting new drug repositioning opportunities. Overall, BANDIT represents an efficient and accurate platform to accelerate drug discovery and direct clinical application. Drug target identification is a crucial step in drug development. Here, the authors introduce a Bayesian machine learning framework that integrates multiple data types to predict the targets of small molecules, enabling identification of a new set of microtubule inhibitors and the target of the anti-cancer molecule ONC201.",Nature Communications,journal,2019,"Computer Science, Medicine",https://www.semanticscholar.org/paper/206107dbc2da85e0fc9b88cf33f9c9f09825e1b3,final,2026-06-08,,,
A-0015,A,6aae5b4e4644ddd06d912e2fba347f8801a3b2a4,Machine learning accurate exchange and correlation functionals of the electronic density,"Sebastian Dick, M. Fernández-Serra","Density functional theory (DFT) is the standard formalism to study the electronic structure of matter at the atomic scale. In Kohn–Sham DFT simulations, the balance between accuracy and computational cost depends on the choice of exchange and correlation functional, which only exists in approximate form. Here, we propose a framework to create density functionals using supervised machine learning, termed NeuralXC. These machine-learned functionals are designed to lift the accuracy of baseline functionals towards that provided by more accurate methods while maintaining their efficiency. We show that the functionals learn a meaningful representation of the physical information contained in the training data, making them transferable across systems. A NeuralXC functional optimized for water outperforms other methods characterizing bond breaking and excels when comparing against experimental results. This work demonstrates that NeuralXC is a first step towards the design of a universal, highly accurate functional valid for both molecules and solids. Increasing the non-locality of the exchange and correlation functional in DFT theory comes at a steep increase in computational cost. Here, the authors develop NeuralXC, a supervised machine learning approach to generate density functionals close to coupled-cluster level of accuracy yet computationally efficient.",Nature Communications,journal,2019,"Medicine, Computer Science",https://www.semanticscholar.org/paper/6aae5b4e4644ddd06d912e2fba347f8801a3b2a4,final,2026-06-08,,,
A-0016,A,d1558f50e10bc4fc819bec8e349bb3565c73110f,Real-time analysis of the behaviour of groups of mice via a depth-sensing camera and machine learning,"F. de Chaumont, Elodie Ey, N. Torquet, T. Lagache, Stéphane Dallongeville, Albane Imbert, T. Legou, A. le Sourd, P. Faure, T. Bourgeron, Jean-Christophe Olivo-Marin","Preclinical studies of psychiatric disorders use animal models to investigate the impact of environmental factors or genetic mutations on complex traits such as decision-making and social interactions. Here, we introduce a method for the real-time analysis of the behaviour of mice housed in groups of up to four over several days and in enriched environments. The method combines computer vision through a depth-sensing infrared camera, machine learning for animal and posture identification, and radio-frequency identification to monitor the quality of mouse tracking. It tracks multiple mice accurately, extracts a list of behavioural traits of both individuals and the groups of mice, and provides a phenotypic profile for each animal. We used the method to study the impact of Shank2 and Shank3 gene mutations—mutations that are associated with autism—on mouse behaviour. Characterization and integration of data from the behavioural profiles of Shank2 and Shank3 mutant female mice revealed their distinctive activity levels and involvement in complex social interactions. A method that combines a depth-sensing camera and machine learning can track the movements of up to four mice in real time and for several days, extracting both individual and group behavioural traits.",Nature Biomedical Engineering,journal,2019,"Medicine, Computer Science",https://www.semanticscholar.org/paper/d1558f50e10bc4fc819bec8e349bb3565c73110f,final,2026-06-08,,,
A-0017,A,e4bf32b7c26a5aaf3b015a708d396fd65d0d4be9,Exploration of the nanomedicine-design space with high-throughput screening and machine learning,"Gokay Yamankurt, Eric J. Berns, Albert Y Xue, Andrew Lee, N. Bagheri, M. Mrksich, C. Mirkin","Only a tiny fraction of the nanomedicine-design space has been explored, owing to the structural complexity of nanomedicines and the lack of relevant high-throughput synthesis and analysis methods. Here, we report a methodology for determining structure–activity relationships and design rules for spherical nucleic acids (SNAs) functioning as cancer-vaccine candidates. First, we identified ~1,000 candidate SNAs on the basis of reasonable ranges for 11 design parameters that can be systematically and independently varied to optimize SNA performance. Second, we developed a high-throughput method for making SNAs at the picomolar scale in a 384-well format, and used a mass spectrometry assay to rapidly measure SNA immune activation. Third, we used machine learning to quantitatively model SNA immune activation and identify the minimum number of SNAs needed to capture optimum structure–activity relationships for a given SNA library. Our methodology is general, can reduce the number of nanoparticles that need to be tested by an order of magnitude, and could serve as a screening tool for the development of nanoparticle therapeutics. A methodology combining high-throughput nanoparticle synthesis and machine learning can be used to efficiently explore structure–activity relationships for nanomedicines, as shown by spherical nucleic acids functioning as cancer-vaccine candidates.",Nature Biomedical Engineering,journal,2019,"Medicine, Computer Science",https://www.semanticscholar.org/paper/e4bf32b7c26a5aaf3b015a708d396fd65d0d4be9,final,2026-06-08,,,
A-0018,A,75bb4a5beb493ca7dddbdea2f5ae64ea5ce18a63,Machine learning the thermodynamic arrow of time,"Alireza Seif, M. Hafezi, C. Jarzynski","The asymmetry in the flow of events that is expressed by the phrase ‘time’s arrow’ traces back to the second law of thermodynamics. In the microscopic regime, fluctuations prevent us from discerning the direction of time’s arrow with certainty. Here, we find that a machine learning algorithm that is trained to infer the direction of time’s arrow identifies entropy production as the relevant physical quantity in its decision-making process. Effectively, the algorithm rediscovers the fluctuation theorem as the underlying thermodynamic principle. Our results indicate that machine learning techniques can be used to study systems that are out of equilibrium, and ultimately to answer open questions and uncover physical principles in thermodynamics. The phrase ‘arrow of time’ refers to the asymmetry in the flow of events. A machine learning algorithm trained to infer its direction identifies entropy production as the relevant underlying physical principle in the decision-making process.",Nature Physics,journal,2019,"Physics, Mathematics",https://www.semanticscholar.org/paper/75bb4a5beb493ca7dddbdea2f5ae64ea5ce18a63,final,2026-06-08,,,
A-0019,A,ca1f4e90f720cc64230298adcd0d35d31bdac86f,Tensor network simulation of multi-environmental open quantum dynamics via machine learning and entanglement renormalisation,"Florian A. Y. N. Schröder, David H. P. Turban, A. Musser, N. Hine, A. Chin","The simulation of open quantum dynamics is a critical tool for understanding how the non-classical properties of matter might be functionalised in future devices. However, unlocking the enormous potential of molecular quantum processes is highly challenging due to the very strong and non-Markovian coupling of ‘environmental’ molecular vibrations to the electronic ‘system’ degrees of freedom. Here, we present an advanced but general computational strategy that allows tensor network methods to effectively compute the non-perturbative, real-time dynamics of exponentially large vibronic wave functions of real molecules. We demonstrate how ab initio modelling, machine learning and entanglement analysis can enable simulations which provide real-time insight and direct visualisation of dissipative photophysics, and illustrate this with an example based on the ultrafast process known as singlet fission. Simulating ultrafast quantum dissipation in molecular excited states is a strongly demanding computational task. Here, the authors combine tensor network simulation, entanglement renormalisation and machine learning to simulate linear vibronic models, and test the method by analysing singlet fission dynamics.",Nature Communications,journal,2019,"Computer Science, Medicine",https://www.semanticscholar.org/paper/ca1f4e90f720cc64230298adcd0d35d31bdac86f,final,2026-06-08,,,
A-0020,A,71207632839723b51368fa5221c66dc75325bf58,Increasing generality in machine learning through procedural content generation,"S. Risi, J. Togelius","Procedural content generation (PCG) refers to the practice of generating game content, such as levels, quests or characters, algorithmically. Motivated by the need to make games replayable, as well as to reduce authoring burden and enable particular aesthetics, many PCG methods have been devised. At the same time that researchers are adapting methods from machine learning (ML) to PCG problems, the ML community has become more interested in PCG-inspired methods. One reason for this development is that ML algorithms often only work for a particular version of a particular task with particular initial parameters. In response, researchers have begun exploring randomization of problem parameters to counteract such overfitting and to allow trained policies to more easily transfer from one environment to another, such as from a simulated robot to a robot in the real world. Here we review existing work on PCG, its overlap with current efforts in ML, and promising new research directions such as procedurally generated learning environments. Although originating in games, we believe PCG algorithms are critical to creating more general machine intelligence. This review covers the history of procedural content generation (PCG) approaches for video games, and how these approaches are now used to generate training data and environments for machine learning models. The authors then discuss how PCG may be crucial for training agents which generalise well.",Nature Machine Intelligence,journal,2019,Computer Science,https://www.semanticscholar.org/paper/71207632839723b51368fa5221c66dc75325bf58,final,2026-06-08,,,
A-0021,A,9e3d1466132a026a74d9e46aea61811a2d0ebb63,Identifying domains of applicability of machine learning models for materials science,"Christopher Sutton, Mario Boley, L. Ghiringhelli, M. Rupp, Jilles Vreeken, M. Scheffler","Although machine learning (ML) models promise to substantially accelerate the discovery of novel materials, their performance is often still insufficient to draw reliable conclusions. Improved ML models are therefore actively researched, but their design is currently guided mainly by monitoring the average model test error. This can render different models indistinguishable although their performance differs substantially across materials, or it can make a model appear generally insufficient while it actually works well in specific sub-domains. Here, we present a method, based on subgroup discovery, for detecting domains of applicability (DA) of models within a materials class. The utility of this approach is demonstrated by analyzing three state-of-the-art ML models for predicting the formation energy of transparent conducting oxides. We find that, despite having a mutually indistinguishable and unsatisfactory average error, the models have DAs with distinctive features and notably improved performance. Machine learning models insufficient for certain screening tasks can still provide valuable predictions in specific sub-domains of the considered materials. Here, the authors introduce a diagnostic tool to detect regions of low expected model error as demonstrated for the case of transparent conducting oxides.",Nature Communications,journal,2019,Medicine,https://www.semanticscholar.org/paper/9e3d1466132a026a74d9e46aea61811a2d0ebb63,final,2026-06-08,,,
A-0022,A,4c4733dd3612d1a5678b537eaaed912ff9fd9464,Machine learning-guided channelrhodopsin engineering enables minimally-invasive optogenetics,"C. N. Bedbrook, Kevin Kaichuang Yang, J. Robinson, Elisha D. W. Mackey, V. Gradinaru, F. Arnold","We engineered light-gated channelrhodopsins (ChRs) whose current strength and light sensitivity enable minimally invasive neuronal circuit interrogation. Current ChR tools applied to the mammalian brain require intracranial surgery for transgene delivery and implantation of fiber-optic cables to produce light-dependent activation of a small volume of tissue. To facilitate expansive optogenetics without the need for invasive implants, our engineering approach leverages the substantial literature of ChR variants to train statistical models for the design of high-performance ChRs. With Gaussian process models trained on a limited experimental set of 102 functionally characterized ChRs, we designed high-photocurrent ChRs with high light sensitivity. Three of these, ChRger1–3, enable optogenetic activation of the nervous system via systemic transgene delivery. ChRger2 enables light-induced neuronal excitation without fiber-optic implantation; that is, this opsin enables transcranial optogenetics. An engineering approach guided by machine learning results in high-performance channelrhodopsin variants that are suitable for systemic viral delivery and illumination through a thinned skull.",Nature Methods,journal,2019,"Computer Science, Biology, Medicine",https://www.semanticscholar.org/paper/4c4733dd3612d1a5678b537eaaed912ff9fd9464,final,2026-06-08,,,
A-0023,A,9873d43696165b50fab955d27b9dde838c0a0152,Machine learning in genetics and genomics,"Maxwell W. Libbrecht, William Stafford Noble","The field of machine learning, which aims to develop computer algorithms that improve with experience, holds promise to enable computers to assist humans in the analysis of large, complex data sets. Here, we provide an overview of machine learning applications for the analysis of genome sequencing data sets, including the annotation of sequence elements and epigenetic, proteomic or metabolomic data. We present considerations and recurrent challenges in the application of supervised, semi-supervised and unsupervised machine learning methods, as well as of generative and discriminative modelling approaches. We provide general guidelines to assist in the selection of these machine learning methods and their practical application for the analysis of genetic and genomic data sets.",Nature reviews genetics,journal,2015,"Medicine, Biology",https://www.semanticscholar.org/paper/9873d43696165b50fab955d27b9dde838c0a0152,final,2026-06-08,,,
A-0024,A,1d86c572821971f2ba20cf9dd8bbc0f006aa88fa,Machine learning in quantum spaces,M. Schuld,Ordinary computers can perform machine learning by comparing mathematical representations of data. An experiment demonstrates how quantum computing could use quantum-mechanical representations instead. How quantum computers could be used to learn from data.,Nature,journal,2019,"Computer Science, Medicine",https://www.semanticscholar.org/paper/1d86c572821971f2ba20cf9dd8bbc0f006aa88fa,final,2026-06-08,,,
A-0025,A,36be649eeb7fc159d71c43ec575f3b3f9a5cf305,Identifying topological order through unsupervised machine learning,"J. Rodriguez-Nieva, M. Scheurer","The Landau description of phase transitions relies on the identification of a local order parameter that indicates the onset of a symmetry-breaking phase. In contrast, topological phase transitions evade this paradigm and, as a result, are harder to identify. Recently, machine learning techniques have been shown to be capable of characterizing topological order in the presence of human supervision. Here, we propose an unsupervised approach based on diffusion maps that learns topological phase transitions from raw data without the need for manual feature engineering. Using bare spin configurations as input, the approach is shown to be capable of classifying samples of the two-dimensional XY model by winding number and capture the Berezinskii–Kosterlitz–Thouless transition. We also demonstrate the success of the approach on the Ising gauge theory, another paradigmatic model with topological order. In addition, a connection between the output of diffusion maps and the eigenstates of a quantum-well Hamiltonian is derived. Topological classification via diffusion maps can therefore enable fully unsupervised studies of exotic phases of matter. Machine learning techniques have latterly gained currency in condensed-matter physics, for example by identifying phase transitions. An unsupervised machine learning algorithm that identifies topological order is now demonstrated.",Nature Physics,journal,2018,"Physics, Computer Science",https://www.semanticscholar.org/paper/36be649eeb7fc159d71c43ec575f3b3f9a5cf305,final,2026-06-08,,,
A-0026,A,9e0b9bd1baf9b21c7713e498d8300b95e940a982,Thalamocortical dysrhythmia detected by machine learning,"S. Vanneste, Jae-Jin Song, D. De Ridder","Thalamocortical dysrhythmia (TCD) is a model proposed to explain divergent neurological disorders. It is characterized by a common oscillatory pattern in which resting-state alpha activity is replaced by cross-frequency coupling of low- and high-frequency oscillations. We undertook a data-driven approach using support vector machine learning for analyzing resting-state electroencephalography oscillatory patterns in patients with Parkinson’s disease, neuropathic pain, tinnitus, and depression. We show a spectrally equivalent but spatially distinct form of TCD that depends on the specific disorder. However, we also identify brain areas that are common to the pathology of Parkinson’s disease, pain, tinnitus, and depression. This study therefore supports the validity of TCD as an oscillatory mechanism underlying diverse neurological disorders. Thalamocortical dysrhythmia has been proposed to occur in a number of neurological and psychiatric disorders. Here, the authors use a data-driven approach to demonstrate thalamocortical dysrhythmia occurs in individuals with Parkinson’s disease, neuropathic pain, tinnitus, and depression.",Nature Communications,journal,2018,Medicine,https://www.semanticscholar.org/paper/9e0b9bd1baf9b21c7713e498d8300b95e940a982,final,2026-06-08,,,
A-0027,A,c92610df7aea4764074687aa36d324cff896a929,Uncovering the effects of interface-induced ordering of liquid on crystal growth using machine learning,"Rodrigo Freitas, E. Reed","The process of crystallization is often understood in terms of the fundamental microstructural elements of the crystallite being formed, such as surface orientation or the presence of defects. Considerably less is known about the role of the liquid structure on the kinetics of crystal growth. Here atomistic simulations and machine learning methods are employed together to demonstrate that the liquid adjacent to solid-liquid interfaces presents significant structural ordering, which effectively reduces the mobility of atoms and slows down the crystallization kinetics. Through detailed studies of silicon and copper we discover that the extent to which liquid mobility is affected by interface-induced ordering (IIO) varies greatly with the degree of ordering and nature of the adjacent interface. Physical mechanisms behind the IIO anisotropy are explained and it is demonstrated that incorporation of this effect on a physically-motivated crystal growth model enables the quantitative prediction of the growth rate temperature dependence. Crystallization is a challenging process to model quantitatively. Here the authors use machine learning and atomistic simulations together to uncover the role of the liquid structure on the process of crystallization and derive a predictive kinetic model of crystal growth.",Nature Communications,journal,2019,"Materials Science, Medicine",https://www.semanticscholar.org/paper/c92610df7aea4764074687aa36d324cff896a929,final,2026-06-08,,,
A-0028,A,1d06cd33aa016fa3af012607b4a483c6aa8db51f,Chemical shifts in molecular solids by machine learning,"F. Paruzzo, Albert Hofstetter, Félix Musil, Sandip De, Michele Ceriotti, L. Emsley","Due to their strong dependence on local atonic environments, NMR chemical shifts are among the most powerful tools for strucutre elucidation of powdered solids or amorphous materials. Unfortunately, using them for structure determination depends on the ability to calculate them, which comes at the cost of high accuracy first-principles calculations. Machine learning has recently emerged as a way to overcome the need for quantum chemical calculations, but for chemical shifts in solids it is hindered by the chemical and combinatorial space spanned by molecular solids, the strong dependency of chemical shifts on their environment, and the lack of an experimental database of shifts. We propose a machine learning method based on local environments to accurately predict chemical shifts of molecular solids and their polymorphs to within DFT accuracy. We also demonstrate that the trained model is able to determine, based on the match between experimentally measured and ML-predicted shifts, the structures of cocaine and the drug 4-[4-(2-adamantylcarbamoyl)-5-tert-butylpyrazol-1-yl]benzoic acid. Solid-state nuclear magnetic resonance combined with quantum chemical shift predictions is limited by high computational cost. Here, the authors use machine learning based on local atomic environments to predict experimental chemical shifts in molecular solids with accuracy similar to density functional theory.",Nature Communications,journal,2018,"Materials Science, Medicine, Physics",https://www.semanticscholar.org/paper/1d06cd33aa016fa3af012607b4a483c6aa8db51f,final,2026-06-08,,,
A-0029,A,14e3d020bd9978082730614701a913a1dfa753d7,Deep learning sequence-based ab initio prediction of variant effects on expression and disease risk,"Jian Zhou, Chandra L. Theesfeld, K. Yao, Kathleen M. Chen, A. Wong, O. Troyanskaya","Key challenges for human genetics, precision medicine and evolutionary biology include deciphering the regulatory code of gene expression and understanding the transcriptional effects of genome variation. However, this is extremely difficult because of the enormous scale of the noncoding mutation space. We developed a deep learning–based framework, ExPecto, that can accurately predict, ab initio from a DNA sequence, the tissue-specific transcriptional effects of mutations, including those that are rare or that have not been observed. We prioritized causal variants within disease- or trait-associated loci from all publicly available genome-wide association studies and experimentally validated predictions for four immune-related diseases. By exploiting the scalability of ExPecto, we characterized the regulatory mutation space for human RNA polymerase II–transcribed genes by in silico saturation mutagenesis and profiled > 140 million promoter-proximal mutations. This enables probing of evolutionary constraints on gene expression and ab initio prediction of mutation disease effects, making ExPecto an end-to-end computational framework for the in silico prediction of expression and disease risk. ExPecto is a deep learning–based framework that can predict the tissue-specific transcriptional effects of mutations on the basis of DNA sequence alone. ExPecto can prioritize causal variants from GWAS loci and be used to predict the disease risk of a variant.",Nature Genetics,journal,2018,"Biology, Medicine",https://www.semanticscholar.org/paper/14e3d020bd9978082730614701a913a1dfa753d7,final,2026-06-08,,,
A-0030,A,3836e86952b69033fde8e381649355b7a09a7bea,Deep learning suggests that gene expression is encoded in all parts of a co-evolving interacting gene regulatory structure,"Jan Zrimec, Christoph S. Börlin, Filip Buric, A. Muhammad, Rhongzen Chen, V. Siewers, V. Verendel, J. Nielsen, M. Töpel, Aleksej Zelezniak","Understanding the genetic regulatory code governing gene expression is an important challenge in molecular biology. However, how individual coding and non-coding regions of the gene regulatory structure interact and contribute to mRNA expression levels remains unclear. Here we apply deep learning on over 20,000 mRNA datasets to examine the genetic regulatory code controlling mRNA abundance in 7 model organisms ranging from bacteria to Human. In all organisms, we can predict mRNA abundance directly from DNA sequence, with up to 82% of the variation of transcript levels encoded in the gene regulatory structure. By searching for DNA regulatory motifs across the gene regulatory structure, we discover that motif interactions could explain the whole dynamic range of mRNA levels. Co-evolution across coding and non-coding regions suggests that it is not single motifs or regions, but the entire gene regulatory structure and specific combination of regulatory elements that define gene expression levels. Regulatory and coding regions of genes are shaped by evolution to control expression levels. Here, the authors use deep learning to identify rules controlling gene expression levels and suggest that all parts of the gene regulatory structure interact in this.",Nature Communications,journal,2019,"Biology, Medicine",https://www.semanticscholar.org/paper/3836e86952b69033fde8e381649355b7a09a7bea,final,2026-06-08,,,
A-0031,A,01b5795840b41f80b7e121f8208e8c202ec8b54c,Selene: a PyTorch-based deep learning library for sequence data,"Kathleen M. Chen, Evan M. Cofer, Jian Zhou, O. Troyanskaya","To enable the application of deep learning in biology, we present Selene (https://selene.flatironinstitute.org/), a PyTorch-based deep learning library for fast and easy development, training, and application of deep learning model architectures for any biological sequence data. We demonstrate on DNA sequences how Selene allows researchers to easily train a published architecture on new data, develop and evaluate a new architecture, and use a trained model to answer biological questions of interest. Selene is a deep learning library that enables the expansion of existing deep learning models to new data, the development of new model architectures, and the evaluation of these new models on biological sequence data.",Nature Methods,journal,2019,Medicine,https://www.semanticscholar.org/paper/01b5795840b41f80b7e121f8208e8c202ec8b54c,final,2026-06-08,,,
A-0032,A,60f2dc2666c01a43be401a28a10d618c5134c40a,A deep learning framework to predict binding preference of RNA constituents on protein surface,"J. Lam, Yu Li, Lizhe Zhu, Ramzan Umarov, Hanlun Jiang, A. Héliou, F. Sheong, Tianyun Liu, Yongkang Long, Yunfei Li, Liang Fang, R. Altman, Wei Chen, Xuhui Huang, Xin Gao","Protein-RNA interaction plays important roles in post-transcriptional regulation. However, the task of predicting these interactions given a protein structure is difficult. Here we show that, by leveraging a deep learning model NucleicNet, attributes such as binding preference of RNA backbone constituents and different bases can be predicted from local physicochemical characteristics of protein structure surface. On a diverse set of challenging RNA-binding proteins, including Fem-3-binding-factor 2, Argonaute 2 and Ribonuclease III, NucleicNet can accurately recover interaction modes discovered by structural biology experiments. Furthermore, we show that, without seeing any in vitro or in vivo assay data, NucleicNet can still achieve consistency with experiments, including RNAcompete, Immunoprecipitation Assay, and siRNA Knockdown Benchmark. NucleicNet can thus serve to provide quantitative fitness of RNA sequences for given binding pockets or to predict potential binding pockets and binding RNAs for previously unknown RNA binding proteins. Interactions between proteins and RNA are an important mechanism for post-transcriptional regulation, but predicting these interactions is difficult. Through a deep learning approach, here the authors predict RNA-binding sites and binding preference based on the local physicochemical properties of the protein surface.",Nature Communications,journal,2019,"Medicine, Chemistry",https://www.semanticscholar.org/paper/60f2dc2666c01a43be401a28a10d618c5134c40a,final,2026-06-08,,,
A-0033,A,988cf0acff66b55fb74551354ae22fc4ab11edaf,Deep learning-based cross-classifications reveal conserved spatial behaviors within tumor histological images,"J. Noorbakhsh, Saman Farahmand, Ali Foroughi pour, Sandeep Namburi, Dennis Caruana, D. Rimm, M. Soltanieh-Ha, Kourosh Zarringhalam, Jeffrey H. Chuang","Histopathological images are a rich but incompletely explored data type for studying cancer. Manual inspection is time consuming, making it challenging to use for image data mining. Here we show that convolutional neural networks (CNNs) can be systematically applied across cancer types, enabling comparisons to reveal shared spatial behaviors. We develop CNN architectures to analyze 27,815 hematoxylin and eosin scanned images from The Cancer Genome Atlas for tumor/normal, cancer subtype, and mutation classification. Our CNNs are able to classify TCGA pathologist-annotated tumor/normal status of whole slide images (WSIs) in 19 cancer types with consistently high AUCs (0.995 ± 0.008), as well as subtypes with lower but significant accuracy (AUC 0.87 ± 0.1). Remarkably, tumor/normal CNNs trained on one tissue are effective in others (AUC 0.88 ± 0.11), with classifier relationships also recapitulating known adenocarcinoma, carcinoma, and developmental biology. Moreover, classifier comparisons reveal intra-slide spatial similarities, with an average tile-level correlation of 0.45 ± 0.16 between classifier pairs. Breast cancers, bladder cancers, and uterine cancers have spatial patterns that are particularly easy to detect, suggesting these cancers can be canonical types for image analysis. Patterns for TP53 mutations can also be detected, with WSI self- and cross-tissue AUCs ranging from 0.65-0.80. Finally, we comparatively evaluate CNNs on 170 breast and colon cancer images with pathologist-annotated nuclei, finding that both cellular and intercellular regions contribute to CNN accuracy. These results demonstrate the power of CNNs not only for histopathological classification, but also for cross-comparisons to reveal conserved spatial behaviors across tumors. Histopathological images are a rich but incompletely explored data type for studying cancer. Here the authors show that convolutional neural networks can be systematically applied across cancer types, enabling comparisons to reveal shared spatial behaviors.",Nature Communications,journal,2019,"Medicine, Biology",https://www.semanticscholar.org/paper/988cf0acff66b55fb74551354ae22fc4ab11edaf,final,2026-06-08,,,
A-0034,A,205bebb4a332a54839c3f3866d15f6e551320914,Heart Disease Prediction using Machine Learning,Prof. M. M. Bhajibhakare,"-The large amount of data is generated in medical organizations (hospitals, medical centers), but this data is not properly used. There is a wealth of hidden information present in the datasets. This unused data can be converted into useful data by using different data mining techniques. This paper presents a classifier approach for detection of heart disease and shows how Naive Bayes can be used for classification purpose. This system will categorize medical data into five categories namely no, low, average, high and very high. If unknown sample comes then the system will predict the class label of that sample. Hence two basic functions namely classification (training) and prediction (testing) will be performed",International Journal for Research in Applied Science and Engineering Technology,journal,2019,Computer Science,https://www.semanticscholar.org/paper/205bebb4a332a54839c3f3866d15f6e551320914,final,2026-06-08,,,
A-0035,A,e7f47ab5956a1053b81487b17171e31f3be2aba6,Combining data assimilation and machine learning to emulate a dynamical model from sparse and noisy observations: a case study with the Lorenz 96 model,"J. Brajard, A. Carrassi, M. Bocquet, Laurent Bertino","Abstract. A novel method, based on the combination of data assimilation and machine learning is introduced. The new hybrid approach is designed for a two-fold scope: (i) emulating a hidden, possibly chaotic, dynamics and (ii) predicting its future states. The method applies alternatively a data assimilation step, here an ensemble Kalman filter, and a neural network. Data assimilation is used to combine optimally a surrogate model with sparse noisy data. The resulting analysis is spatially complete and can thus be used as a training set by the neural network to upgrade the surrogate model. The two steps are then repeated iteratively. Numerical experiments have been carried out using the chaotic Lorenz 96, a 40-variables model, proving both convergence and statistical skills. The skill metrics include the short-term forecast skills out to two Lyapunov times, the retrieval of positive Lyapunov exponents and the power density spectrum. The sensitivity of the method to critical setup parameters is also presented: forecast skills decrease smoothly with increased observational noise but drops abruptly if less then half of the model domain is observed. The synergy demonstrated with a low-dimensional system is encouraging for more sophisticated dynamics and motivates further investigation to merge data assimilation and machine learning.
",Journal of Computer Science,journal,2019,"Computer Science, Mathematics, Physics",https://www.semanticscholar.org/paper/e7f47ab5956a1053b81487b17171e31f3be2aba6,final,2026-06-08,,,
A-0036,A,5528eb8e51070f1ff63913211925590d2bcccc8e,The linear random forest algorithm and its advantages in machine learning assisted logging regression modeling,"Y. Ao, Hongqi Li, Liping Zhu, Sikandar Ali, Zhongguo Yang","Abstract Direct measurements of formation properties such as the shale volume, porosity, permeability, and fluid saturation are often accompanied by expensive cost and are time-consuming too. Well logging inversion provides an alternative way for the determination of formation properties. Compared to traditional theoretical models or formalized empirical fitted models, machine learning assisted logging regression modeling is more accurate and objective. Several machine learning regression algorithms such as neural networks, support vector regression, fuzzy logic, k nearest neighbors regression, multivariate adaptive regression spline, and random forest have already been applied. In this article, we present the Linear Random Forest algorithm and investigate its application in logging regression modeling. By systematic comparison with 8 other algorithms including least squared linear regression, neural networks, epsilon support vector regression, k nearest neighbors regression, regression tree, regression random forest, gradient descent boosted trees, and linear decision tree, the advantage of linear random forest in performance is confirmed by 24 real-world tasks from 7 different areas. Deeper discussions reveal that the advantages of linear random forest source from its strong learning ability, robustness, and feasibility of the hypothesis space. Through our study, the superiority of linear random forest for logging regression modeling is substantiated, which provides a more reasonable way for the further practices of logging regression modeling.",Journal of Petroleum Science and Engineering,journal,2019,Computer Science,https://www.semanticscholar.org/paper/5528eb8e51070f1ff63913211925590d2bcccc8e,final,2026-06-08,,,
A-0037,A,a74fd8c51251e8c6126a1527e545bd78860a10f9,Implementation of Machine Learning Model to Predict Heart Failure Disease,F. Alotaibi,"In the current era, Heart Failure (HF) is one of the common diseases that can lead to dangerous situation. Every year almost 26 million of patients are affecting with this kind of disease. From the heart consultant and surgeon’s point of view, it is complex to predict the heart failure on right time. Fortunately, classification and predicting models are there, which can aid the medical field and can illustrates how to use the medical data in an efficient way. This paper aims to improve the HF prediction accuracy using UCI heart disease dataset. For this, multiple machine learning approaches used to understand the data and predict the HF chances in a medical database. Furthermore, the results and comparative study showed that, the current work improved the previous accuracy score in predicting heart disease. The integration of the machine learning model presented in this study with medical information systems would be useful to predict the HF or any other disease using the live data collected from patients.",International Journal of Advanced Computer Science and Applications,journal,2019,Computer Science,https://www.semanticscholar.org/paper/a74fd8c51251e8c6126a1527e545bd78860a10f9,final,2026-06-08,,,
A-0038,A,de804ef0b44e0e99355558f097e86965974acd08,Real-time predictive capabilities of analytical and machine learning rate of penetration (ROP) models,"Cesar Soares, K. Gray","Abstract Real-time drilling optimization consists of selecting operational parameters that maximize a desirable measure of drilling performance. Drilling optimization efforts often aspire to improve drilling speed, commonly referred to as rate of penetration (ROP). Three operational drilling parameters may be constantly adjusted at surface to influence ROP: weight on bit (WOB), drillstring rotational speed (RPM), and drilling fluid (mud) flow rate. In the traditional, analytical approach to ROP modeling, inflexible equations relate WOB, RPM, flow rate and/or other measurable drilling parameters to ROP and empirical model coefficients are computed for each rock formation to best fit field data. Over the last decade, enhanced data acquisition technology and widespread cheap computational power have driven a surge in applications of machine learning (ML) techniques to ROP prediction. Machine learning algorithms leverage statistics to uncover relations between any prescribed inputs (features/predictors) and the quantity of interest (response). The biggest advantage of ML algorithms over analytical models is their flexibility in model form. With no set equation, ML models permit segmentation of the drilling operational parameter space. However, the increased model complexity diminishes interpretability of how an adjustment to the inputs will affect the output. There is no single ROP model applicable in every situation. This study investigates real-time predictive capabilities of analytical and ML ROP models in a continuous learning setting. Data are constantly recorded as a well is drilled, and it is postulated that ROP models can learn and adapt in real-time to become more accurate. Novel learning metrics demonstrate that machine learning models reduce test error much more effectively than analytical models with incremental training data availability. Both analytical and ML model performance improves with shortened retraining intervals, defined either by length or number of data points. Cross-validation is investigated as a methodology to select the best performing ROP model in real-time.",Journal of Petroleum Science and Engineering,journal,2019,Computer Science,https://www.semanticscholar.org/paper/de804ef0b44e0e99355558f097e86965974acd08,final,2026-06-08,,,
A-0039,A,490bb79b4dc84176f656acd98324404ba8c105bf,Social Media Cyberbullying Detection using Machine Learning,"John Hani, Mohamed Nashaat, Mostafa Ahmed, Zeyad Emad, Eslam Amer, Ammar Mohammed","With the exponential increase of social media users, cyberbullying has been emerged as a form of bullying through electronic messages. Social networks provides a rich environment for bullies to uses these networks as vulnerable to attacks against victims. Given the consequences of cyberbullying on victims, it is necessary to find suitable actions to detect and prevent it. Machine learning can be helpful to detect language patterns of the bullies and hence can generate a model to automatically detect cyberbullying actions. This paper proposes a supervised machine learning approach for detecting and preventing cyberbullying. Several classifiers are used to train and recognize bullying actions. The evaluation of the proposed approach on cyberbullying dataset shows that Neural Network performs better and achieves accuracy of 92.8% and SVM achieves 90.3. Also, NN outperforms other classifiers of similar work on the same dataset.",International Journal of Advanced Computer Science and Applications,journal,2019,Computer Science,https://www.semanticscholar.org/paper/490bb79b4dc84176f656acd98324404ba8c105bf,final,2026-06-08,,,
A-0040,A,f63274cfba0c5d4a18df8c2a9d914a9cfb0fb335,Performance Analysis of Machine Learning Techniques on Software Defect Prediction using NASA Datasets,"Ahmed Iqbal, Shabib Aftab, Umair Ali, Zahid Nawaz, Laraib Sana, Munir Ahmad, Arif Husen","Defect prediction at early stages of software development life cycle is a crucial activity of quality assurance process and has been broadly studied in the last two decades. The early prediction of defective modules in developing software can help the development team to utilize the available resources efficiently and effectively to deliver high quality software product in limited time. Until now, many researchers have developed defect prediction models by using machine learning and statistical techniques. Machine learning approach is an effective way to identify the defective modules, which works by extracting the hidden patterns among software attributes. In this study, several machine learning classification techniques are used to predict the software defects in twelve widely used NASA datasets. The classification techniques include: Naive Bayes (NB), Multi-Layer Perceptron (MLP). Radial Basis Function (RBF), Support Vector Machine (SVM), K Nearest Neighbor (KNN), kStar (K*), One Rule (OneR), PART, Decision Tree (DT), and Random Forest (RF). Performance of used classification techniques is evaluated by using various measures such as: Precision, Recall, F-Measure, Accuracy, MCC, and ROC Area. The detailed results in this research can be used as a baseline for other researches so that any claim regarding the improvement in prediction through any new technique, model or framework can be compared and verified.",International Journal of Advanced Computer Science and Applications,journal,2019,Computer Science,https://www.semanticscholar.org/paper/f63274cfba0c5d4a18df8c2a9d914a9cfb0fb335,final,2026-06-08,,,
A-0041,A,432d210ecf0d9a5650396dd6f9d6b0ce0f5a146e,Internet of Things Cyber Attacks Detection using Machine Learning,"Jadel Alsamiri, Khalid Alsubhi","The Internet of Things (IoT) combines hundreds of millions of devices which are capable of interaction with each other with minimum user interaction. IoT is one of the fastest-growing areas in of computing; however, the reality is that in the extremely hostile environment of the internet, IoT is vulnerable to numerous types of cyberattacks. To resolve this, practical countermeasures need to be established to secure IoT networks, such as network anomaly detection. Regardless that attacks cannot be wholly avoided forever, early detection of an attack is crucial for practical defense. Since IoT devices have low storage capacity and low processing power, traditional high-end security solutions to protect an IoT system are not appropriate. Also, IoT devices are now connected without human intervention for longer periods. This implies that intelligent network-based security solutions like machine learning solutions must be developed. Although many studies in recent years have discussed the use of Machine Learning (ML) solutions in attack detection problems, little attention has been given to the detection of attacks specifically in IoT networks. In this study, we aim to contribute to the literature by evaluating various machine learning algorithms that can be used to quickly and effectively detect IoT network attacks. A new dataset, Bot-IoT, is used to evaluate various detection algorithms. In the implementation phase, seven different machine learning algorithms were used, and most of them achieved high performance. New features were extracted from the Bot-IoT dataset during the implementation and compared with studies from the literature, and the new features gave better results.",International Journal of Advanced Computer Science and Applications,journal,2019,Computer Science,https://www.semanticscholar.org/paper/432d210ecf0d9a5650396dd6f9d6b0ce0f5a146e,final,2026-06-08,,,
A-0042,A,029194a44f0f3d954f04b1faa13296e7ab91e8af,Detection of Chronic Kidney Disease using Machine Learning Algorithms with Least Number of Predictors,"M. Almasoud, T. Ward","Chronic kidney disease (CKD) is one of the most critical health problems due to its increasing prevalence. In this paper, we aim to test the ability of machine learning algorithms for the prediction of chronic kidney disease using the smallest subset of features. Several statistical tests have been done to remove redundant features such as the ANOVA test, the Pearson’s correlation, and the Cramer’s V test. Logistic regression, support vector machines, random forest, and gradient boosting algorithms have been trained and tested using 10-fold cross-validation. We achieve an accuracy of 99.1 according to F1-measure from Gradient Boosting classifier. Also, we found that hemoglobin has higher importance for both random forest and Gradient boosting in detecting CKD. Finally, our results are among the highest compared to previous studies but with less number of features reached so far. Hence, we can detect CKD at only $26.65 by performing three simple tests.",International Journal of Advanced Computer Science and Applications,journal,2019,Computer Science,https://www.semanticscholar.org/paper/029194a44f0f3d954f04b1faa13296e7ab91e8af,final,2026-06-08,,,
A-0043,A,1c22f45b0764476174f11f6da4b1dc9025d0a94e,Machine learning methods for rockburst prediction-state-of-the-art review,"Yuanyuan Pu, D. Apel, V. Liu, H. Mitri","Abstract One of the most serious mining disasters in underground mines is rockburst phenomena. They can lead to injuries and even fatalities as well as damage to underground openings and mining equipment. This has forced many researchers to investigate alternative methods to predict the potential for rockburst occurrence. However, due to the highly complex relation between geological, mechanical and geometric parameters of the mining environment, the traditional mechanics-based prediction methods do not always yield precise results. With the emergence of machine learning methods, a breakthrough in the prediction of rockburst occurrence has become possible in recent years. This paper presents a state-of-the-art review of various applications of machine learning methods for the prediction of rockburst potential. First, existing rockburst prediction methods are introduced, and the limitations of such methods are highlighted. A brief overview of typical machine learning methods and their main features as predictive tools is then presented. The current applications of machine learning models in rockburst prediction are surveyed, with related mechanisms, technical details and performance analysis.",International Journal of Mining Science and Technology,journal,2019,Computer Science,https://www.semanticscholar.org/paper/1c22f45b0764476174f11f6da4b1dc9025d0a94e,final,2026-06-08,,,
A-0044,A,a87d4b0e40b2dc6138f0bd2286a969d69326a262,Machine learning in men’s professional football: Current applications and future directions for improving attacking play,"Mat Herold, F. Goes, S. Nopp, Pascal Bauer, C. Thompson, T. Meyer","It is common practice amongst coaches and analysts to search for key performance indicators related to attacking play in football. Match analysis in professional football has predominately utilised notational analysis, a statistical summary of events based on video footage, to study the sport and prepare teams for competition. Recent increases in technology have facilitated the dynamic analysis of more complex process variables, giving practitioners the potential to quickly evaluate a match with consideration to contextual parameters. One field of research, known as machine learning, is a form of artificial intelligence that uses algorithms to detect meaningful patterns based on positional data. Machine learning is a relatively new concept in football, and little is known about its usefulness in identifying performance metrics that determine match outcome. Few studies and no reviews have focused on the use of machine learning to improve tactical knowledge and performance, instead focusing on the models used, or as a prediction method. Accordingly, this article provides a critical appraisal of the application of machine learning in football related to attacking play, discussing current challenges and future directions that may provide deeper insight to practitioners.",International journal of sports science & coaching,journal,2019,Psychology,https://www.semanticscholar.org/paper/a87d4b0e40b2dc6138f0bd2286a969d69326a262,final,2026-06-08,,,
A-0045,A,63576b10727bc550cea2163198bbaa9722a1c916,Intrusion Detection System Classification Using Different Machine Learning Algorithms on KDD-99 and NSL-KDD Datasets - A Review Paper,"R. R. Devi, Munther Abualkibash","Intrusion Detection System (IDS) has been an effective way to achieve higher security in detecting
malicious activities for the past couple of years. Anomaly detection is an intrusion detection system.
Current anomaly detection is often associated with high false alarm rates and only moderate accuracy and
detection rates because it’s unable to detect all types of attacks correctly. An experiment is carried out to
evaluate the performance of the different machine learning algorithms using KDD-99 Cup and NSL-KDD
datasets. Results show which approach has performed better in term of accuracy, detection rate with
reasonable false alarm rate.",International Journal of Computer Science & Information Technology (IJCSIT),journal,2019,Computer Science,https://www.semanticscholar.org/paper/63576b10727bc550cea2163198bbaa9722a1c916,final,2026-06-08,,,
A-0046,A,ea8dede934a3f4124d1a8995b8289f64a6c3d8b3,A Backtesting Protocol in the Era of Machine Learning,"R. Arnott, Campbell R. Harvey, H. Markowitz","Machine learning offers a set of powerful tools that holds considerable promise for investment management. As with most quantitative applications in finance, the danger of misapplying these techniques can lead to disappointment. One crucial limitation involves data availability. Many of machine learning’s early successes originated in the physical and biological sciences, in which truly vast amounts of data are available. Machine learning applications often require far more data than are available in finance, which is of particular concern in longer-horizon investing. Hence, choosing the right applications before applying the tools is important. In addition, capital markets reflect the actions of people, who may be influenced by the actions of others and by the findings of past research. In many ways, the challenges that affect machine learning are merely a continuation of the long-standing issues researchers have always faced in quantitative finance. Although investors need to be cautious—indeed, more cautious than in past applications of quantitative methods—these new tools offer many potential applications in finance. In this article, the authors develop a research protocol that pertains both to the application of machine learning techniques and to quantitative finance in general.",The Journal of Financial Data Science,journal,2019,Computer Science,https://www.semanticscholar.org/paper/ea8dede934a3f4124d1a8995b8289f64a6c3d8b3,final,2026-06-08,,,
A-0047,A,d6fc86e2b5e01e4d9f895383a126c4acaa1ff4d9,A parametric study of machine learning techniques in petroleum reservoir permeability prediction by integrating seismic attributes and wireline data,"F. Anifowose, A. Abdulraheem, A. Al-Shuhail","One of the recipes for the big data and artificial intelligence paradigms is multi-dimensional data integration for improved decision making in petroleum reservoir characterization. Various machine learning (ML) techniques have been applied. However, there is still ample room for improvement. This paper carries out a rigorous parametric study to investigate the comparative performance of common and sophisticated ML techniques in the estimation of the permeability of a carbonate reservoir in the Middle East. The study integrates seismic attributes and wireline data for improved permeability prediction. The effects of tuning hyperparameters on the performance of the techniques are also studied. The techniques are evaluated on two versions of the seismic-log integrated data: globally-averaged and depth-matched. The results show that using the depth-matched dataset gives marginal improvement on the permeability prediction as reflected in the higher correlation coefficient and lower errors than the globally-averaged version. The outcome of this study will assist users of ML techniques to make informed choices on the appropriate ML techniques to use in petroleum reservoir characterization for more accurate predictions and better decision making especially when faced with limited and sparse data.",Journal of Petroleum Science and Engineering,journal,2019,Computer Science,https://www.semanticscholar.org/paper/d6fc86e2b5e01e4d9f895383a126c4acaa1ff4d9,final,2026-06-08,,,
A-0048,A,e51d2aa77fa495aa6ba138903423f14675d12ca3,Predicting Students’ Performance Using Machine Learning Techniques,"Hussein Altabrawee, O. A. Ali, Samir Qaisar Ajmi","The ultimate goal of any educational institution is offering the best educational experience and knowledge to the students. Identifying the students who need extra support and taking the appropriate actions to enhance their performance plays an important role in achieving that goal. In this research, four machine learning techniques have been used to build a classifier that can predict the performance of the students in a computer science subject that is offered by Al-Muthanna University (MU), College Of Humanities. The machine learning techniques include Artificial Neural Network, Naïve Bayes, Decision Tree, and Logistic Regression. This research pays extra attention to the effect of using the internet as a learning resource and the effect of the time spent by students on social networks on the students’ performance. These effects introduced by using features that measure whether the student uses the internet for learning and the time spent on the social networks by the students. The models have been compared using the ROC index performance measure and the classification accuracy. In addition, different measures have been computed such as the classification error, precision, recall, and the F measure. The dataset used to build the models is collected based on a survey given to the students and the students’ grade book. The ANN (fully connected feed forward multilayer ANN) model achieved the best performance that is equal to 0.807 and achieved the best classification accuracy that is equal to 77.04%. In addition, the decision tree model identified five factors as important factors which influence the performance of the students.",JOURNAL OF UNIVERSITY OF BABYLON for Pure and Applied Sciences,journal,2019,Computer Science,https://www.semanticscholar.org/paper/e51d2aa77fa495aa6ba138903423f14675d12ca3,final,2026-06-08,,,
A-0049,A,4e470125c94ebf89ab80daa33c36feeb9a567422,Machine learning in oil and gas; a SWOT analysis approach,Y. Hajizadeh,"Abstract Digitalization of workflows using machine learning and advanced analytics is the new go-to strategy to add business value in the oil and gas industry. Enterprises strive to embrace these new technologies; but struggle to put their models in production, deliver tangible results and obtain favorable returns on investment. This paper reviews some of the recent developments and practices in this area and offers a SWOT analysis for strategic management and technology enablement. It is concluded that to reap the full benefits of ML in mission-critical tasks, oil and gas industry must leverage the latest technology developments, have a consistent strategic focus and build agile and collaborative teams of data scientists and domain experts.",Journal of Petroleum Science and Engineering,journal,2019,Business,https://www.semanticscholar.org/paper/4e470125c94ebf89ab80daa33c36feeb9a567422,final,2026-06-08,,,
A-0050,A,0e7d63f573705b4cc4772493c2ad6106230ce1df,A Survey of Machine Learning Approaches and Techniques for Student Dropout Prediction,"N. Mduma, K. Kalegele, D. Machuve","School dropout is absenteeism from school for no good reason for a continuous number of days. Addressing this challenge requires a thorough understanding of the underlying issues and effective planning for interventions. Over the years machine learning has gained much attention on addressing the problem of students dropout. This is because machine learning techniques can effectively facilitate determination of at-risk students and timely planning for interventions. In order to collect, organize, and synthesize existing knowledge in the field of machine learning on addressing student dropout; literature in academic journals, books and case studies have been surveyed. The survey reveal that, several machine learning algorithms have been proposed in literature. However, most of those algorithms have been developed and tested in developed countries. Hence, developing countries are facing lack of research on the use of machine learning on addressing this problem. Furthermore, many studies focus on addressing student dropout using student level datasets. However, developing countries need to include school level datasets due to the issue of limited resources. Therefore, this paper presents an overview of machine learning in education with the focus on techniques for student dropout prediction. Furthermore, the paper highlights open challenges for future research directions.",Data Science Journal,journal,2019,Computer Science,https://www.semanticscholar.org/paper/0e7d63f573705b4cc4772493c2ad6106230ce1df,final,2026-06-08,,,
A-0051,A,2af3d2c673df9aa827372046637b0d6d0e1379ad,Optimization of models for a rapid identification of lithology while drilling - A win-win strategy based on machine learning,"Jian Sun, Qi Li, Mingqiang Chen, L. Ren, Guihua Huang, Chenyang Li, Zixuan Zhang","Abstract The identification of lithology from well log data is an important task in petroleum exploration and development. However, due to the complexity of the sedimentary environment and reservoir heterogeneity, the traditional lithology identification methods can not meet the needs of real-time and accurate prediction and identification with logging while drilling (LWD) equipment. The basic data of this paper are derived from conventional wireline logging (CWL) data and the LWD data in Yan'an Gas Field. The main research goal is to compare and analyse three popular machine learning algorithms, which are one-versus-rest support vector machines (OVR SVMs), one-versus-one support vector machines (OVO SVMs) and random forest (RF), and to optimize a more practical method in the field for LWD systems. To reduce the dimensions of the input data, the characteristic parameters of the training data are obtained by a correlation analysis of the logging data. The optimal parameter values of each algorithm are determined by grid search method and 10-fold cross-validation method. On this basis, the lithology predictions of the actual LWD data are carried out by using three classifiers. Considering the time consumption of the model training and the lithology identification accuracy of the model, the best lithology identification model while drilling is selected. The results show that the characteristic parameters of the training data after the correlation analysis are AC, CAL, GR, K, RD and SP logs. The overall classification and recognition performance of the RF classifier is better than that of the other two classifiers, and its accuracy is even greater than 90%. The evaluation matrix shows that the OVR SVMs and RF classifiers yield lower prediction errors than the OVO SVMs classifier in each single lithology identification, but the RF classifier spends much less time in the training process. Based on the comprehensive comparative analysis, it is considered that the RF classifier has the characteristics of a short training time and high recognition accuracy in practical production applications, so it is an ideal optimization classifier for lithology identification while drilling. The research results provide not only a theoretical basis for the drilling geosteering of oilfield development but also valuable information for future basic research.",Journal of Petroleum Science and Engineering,journal,2019,Computer Science,https://www.semanticscholar.org/paper/2af3d2c673df9aa827372046637b0d6d0e1379ad,final,2026-06-08,,,
A-0052,A,6b436ec854ca81cc04342a89585621d9f812e1c6,A Machine Learning Approach to Zeolite Synthesis Enabled by Automatic Literature Data Extraction,"Z. Jensen, Edward Kim, Soonhyoung Kwon, Terry Z. H. Gani, Yuriy Román‐Leshkov, M. Moliner, A. Corma, E. Olivetti","Zeolites are porous, aluminosilicate materials with many industrial and “green” applications. Despite their industrial relevance, many aspects of zeolite synthesis remain poorly understood requiring costly trial and error synthesis. In this paper, we create natural language processing techniques and text markup parsing tools to automatically extract synthesis information and trends from zeolite journal articles. We further engineer a data set of germanium-containing zeolites to test the accuracy of the extracted data and to discover potential opportunities for zeolites containing germanium. We also create a regression model for a zeolite’s framework density from the synthesis conditions. This model has a cross-validated root mean squared error of 0.98 T/1000 Å3, and many of the model decision boundaries correspond to known synthesis heuristics in germanium-containing zeolites. We propose that this automatic data extraction can be applied to many different problems in zeolite synthesis and enable novel zeolite morphologies.",ACS Central Science,journal,2019,"Medicine, Computer Science",https://www.semanticscholar.org/paper/6b436ec854ca81cc04342a89585621d9f812e1c6,final,2026-06-08,,,
A-0053,A,746f09626fdc7f7e4e8fdcf2e5f4ffbae495b26b,Insights to fracture stimulation design in unconventional reservoirs based on machine learning modeling,"Shuhua Wang, Shengnan Chen","Abstract With rapid development of unconventional tight and shale reservoirs, considerable amounts of data sets are increasing rapidly. Data mining techniques are becoming attractive alternatives for well performance evaluation and optimization. This paper develops a comprehensive data mining process to evaluate well production performance in Montney Formations in western Canadian sedimentary basin. The general data visualization and statistical data evaluation are used to qualitatively and quantitatively evaluate the relationships between the stimulation parameters and first-year oil production. Then, the recursive feature elimination with cross validation (RFECV) is used to identify the most important factors on the first-year oil production in unconventional reservoirs. In addition, four commonly used supervised learning approaches including random forest (RF), adaptive boosting (AdaBoost), support vector machine (SVM), and neural network (NN) are compared to estimate the first-year well production. The results show that 6 features are the most important variables for constructing an accurate prediction model: well latitude, longitude, well true vertical depth (TVD), proppant pumped per well, well lateral length, and fluid injected per well. Compared to other algorithms, RF has the best prediction performance for the first-year oil production. Furthermore, such data-driven models are found to be very useful for reservoir engineers when designing hydraulic fracture treatments in Montney tight reservoirs.",Journal of Petroleum Science and Engineering,journal,2019,Computer Science,https://www.semanticscholar.org/paper/746f09626fdc7f7e4e8fdcf2e5f4ffbae495b26b,final,2026-06-08,,,
A-0054,A,5c59d946f26c8338b4586697d6b24ee55a4f7a77,"Integrated TOC prediction and source rock characterization using machine learning, well logs and geochemical analysis: Case study from the Jurassic source rocks in Shams Field, NW Desert, Egypt","M. Shalaby, Nurhazwana Jumat, D. Lai, O. A. Malik","Abstract The machine learning methods and well log mathematical models have been used for predicting total organic carbon (TOC) in Jurassic source rock formations in Northwestern Desert, Egypt. Conventional well log data from two wells have been utilized for source rock study of Jurassic source rocks from Khatatba and Ras Qattara formations in the study area. The source rock is first studied based on geochemical parameters, which include assessments on the type and amount of kerogen present within the source rock samples. The Jurassic source rock samples have great generative potential and consist of mixed kerogen type III and kerogen type II-III. TOC content reaches up to 46.90% for Khatatba and 16.80% Ras Qattara. In the second part of this research, we attempt to characterize the Jurassic source rocks by using mathematical well log models and machine learning methods. GR, RHOB and NPHI well log data were used for TOC prediction using both methods. The quantified TOC results show that the R2 values of well log models are above 0.9 for both formations, whereas the machine learning method using Artificial Neural Network showed R2 value of 0.4. The results from the well log models suggest that they are applicable in the study area. This study has proven that well log data can be used with confidence to evaluate organic source quantity of Jurassic rocks in Northwestern Desert in the absence of geochemical data.",Journal of Petroleum Science and Engineering,journal,2019,Geology,https://www.semanticscholar.org/paper/5c59d946f26c8338b4586697d6b24ee55a4f7a77,final,2026-06-08,,,
A-0055,A,5c705e94511510bcc8397734544a2b91699031f6,A note on knowledge discovery and machine learning in digital soil mapping,"A. Wadoux, A. Samuel-Rosa, L. Poggio, V. L. Mulder","In digital soil mapping, machine learning (ML) techniques are being used to infer a relationship between a soil property and the covariates. The information derived from this process is often translated into pedological knowledge. This mechanism is referred to as knowledge discovery. This study shows that knowledge discovery based on ML must be treated with caution. We show how pseudo‐covariates can be used to accurately predict soil organic carbon in a hypothetical case study. We demonstrate that ML methods can find relevant patterns even when the covariates are meaningless and not related to soil‐forming factors and processes. We argue that pattern recognition for prediction should not be equated with knowledge discovery. Knowledge discovery requires more than the recognition of patterns and successful prediction. It requires the pre‐selection and preprocessing of pedologically relevant environmental covariates and the posterior interpretation and evaluation of the recognized patterns. We argue that important ML covariates could serve the purpose of providing elements to postulate hypotheses about soil processes that, once validated through experiments, could result in new pedological knowledge.",European Journal of Soil Science,journal,2019,Computer Science,https://www.semanticscholar.org/paper/5c705e94511510bcc8397734544a2b91699031f6,final,2026-06-08,,,
A-0056,A,1ce3caf0a961db0711d23f732b8f385c707c9a34,Industry Return Predictability: A Machine Learning Approach,"D. Rapach, Jack Strauss, Jun Tu, Guofu Zhou","In this article, the authors use machine learning tools to analyze industry return predictability based on the information in lagged industry returns. Controlling for post-selection inference and multiple testing, they find significant in-sample evidence of industry return predictability. Lagged returns for the financial sector and commodity- and material-producing industries exhibit widespread predictive ability, consistent with the gradual diffusion of information across economically linked industries. Out-of-sample industry return forecasts that incorporate the information in lagged industry returns are economically valuable: Controlling for systematic risk using leading multifactor models from the literature, an industry-rotation portfolio that goes long (short) industries with the highest (lowest) forecasted returns delivers an annualized alpha of over 8%. The industry-rotation portfolio also generates substantial gains during economic downturns, including the Great Recession. TOPICS: Big data/machine learning, analysis of individual factors/risk premia, portfolio construction, performance measurement",The Journal of Financial Data Science,journal,2019,,https://www.semanticscholar.org/paper/1ce3caf0a961db0711d23f732b8f385c707c9a34,final,2026-06-08,,,
A-0057,A,a7f315038817f4d0697d86796bbfe69d11e33f9c,A Review on Machine Learning Algorithms,A. Raj,": Machine learning is a field of computer science which gives computers an ability to learn without being explicitly programmed. Machine learning is used in a variety of computational tasks where designing and programming explicit algorithms with good performance is not easy. Machine Learning (ML) is a vast interdisciplinary field which builds upon concepts from computer science, statistics, cognitive science, engineering, optimization theory and many other disciplines of mathematics and science. Machine learning algorithms consist of identifying and validating models to optimize a performance criterion using historical, present, and future data. A large number of techniques has been developed so far to tell the diversity of machine learning. The proposed paper briefly explains the various types of machine learning algorithms. The main advantage of using machine learning is that, once an algorithm learns what to do with data, it can do its work automatically.",International Journal for Research in Applied Science and Engineering Technology,journal,2019,Computer Science,https://www.semanticscholar.org/paper/a7f315038817f4d0697d86796bbfe69d11e33f9c,final,2026-06-08,,,
A-0058,A,a219f2bc7945ab98b8cb0e705136b60b2441c59b,Fraud Detection using Machine Learning in e-Commerce,"A. Saputra, Suharjito","The volume of internet users is increasingly causing transactions on e-commerce to increase as well. We observe the quantity of fraud on online transactions is increasing too. Fraud prevention in e-commerce shall be developed using machine learning, this work to analyze the suitable machine learning algorithm, the algorithm to be used is the Decision Tree, Naive Bayes, Random Forest, and Neural Network. Data to be used is still unbalance. Synthetic Minority Over-sampling Technique (SMOTE) process is to be used to create balance data. Result of evaluation using confusion matrix achieve the highest accuracy of the neural network by 96 percent, random forest is 95 percent, Naive Bayes is 95 percent, and Decision tree is 91 percent. Synthetic Minority Over-sampling Technique (SMOTE) is able to increase the average of F1-Score from 67.9 percent to 94.5 percent and the average of G-Mean from 73.5 percent to 84.6 percent.",International Journal of Advanced Computer Science and Applications,journal,2019,Computer Science,https://www.semanticscholar.org/paper/a219f2bc7945ab98b8cb0e705136b60b2441c59b,final,2026-06-08,,,
A-0059,A,fdb5eba73216c29844f91f6b8b11f60cf8218326,Application of machine learning to accidents detection at directional drilling,"E. Gurina, Nikita Klyuchnikov, Alexey Zaytsev, Evgenia Romanenkova, Ksenia Antipova, I. Simon, V. Makarov, D. Koroteev",Abstract We present a data-driven algorithm and mathematical model for anomaly alarming at directional drilling. The algorithm is based on machine learning. It compares the real-time drilling telemetry with one corresponding to past accidents and analyses the level of similarity. The model performs a time-series comparison using aggregated statistics and Gradient Boosting classification. It is trained on historical data containing the drilling telemetry of 80 wells drilled within 19 oilfields. The model can detect an anomaly and identify its type by comparing the real-time measurements while drilling with the ones from the database of past accidents. Validation tests show that our algorithm identifies half of the anomalies with about 0.53 false alarms per day on average. The model performance ensures sufficient time and cost savings as it enables partial prevention of the failures and accidents at the well construction.,Journal of Petroleum Science and Engineering,journal,2019,"Computer Science, Mathematics",https://www.semanticscholar.org/paper/fdb5eba73216c29844f91f6b8b11f60cf8218326,final,2026-06-08,,,
A-0060,A,4415b28377b66b3706783a43f05ff5dad6979f36,An improved model for gas-liquid flow pattern prediction based on machine learning,"Gene M. Mask, Xingru Wu, K. Ling","
 Flow pattern of a multi-phase flow refers to the spatial distribution of the phase along transport conduit when liquid and gas flow simultaneously. The determination of flow patterns is a fundamental problem in two-phase flow analysis, and an accurate model for gas-liquid flow pattern prediction is critical for any multiphase flow characterization as the model is used in many applications in petroleum engineering. The objective of this study is to present a new model based on machine learning techniques and more than 8000 laboratory multi-phase flow tests.
 The flow pattern is affected by fluid properties, in-situ flow rates of liquid and gas, and flow conduit geometry and mechanical properties. Laboratory data since 1950s have been collected and more than 8000 data points had been obtained. However, the actual flow conditions are significantly different with any laboratory settings. Therefore, several dimensionless variables are derived to characterize these data points first. Then machine learning techniques were applied on these dimensionless variables to develop the flow pattern prediction models. Applying hydraulic fundamentals and dimensional analysis, we developed dimensionless numbers to reduce number of freedom dimensions. These dimensionless variables are easy to use for upscaling and have physical meanings. We converted the collected data from actual laboratory measurement to the variations of these dimensionless variables. Machine learning techniques on the dimensionless variable significantly improved their predictive accuracy. Currently the best matching on these laboratory data was about 80% using the most recently developed semi-analytical models. Using machine learning techniques, we improved the matching quality to more than 90% on the experimental data.
 This paper applies machine learning techniques on flow pattern prediction, which has tremendous practical usages and scientific merits. The developed model is better than current existing semi-analytical or classical correlations in matching the laboratory database.",Journal of Petroleum Science and Engineering,journal,2019,Computer Science,https://www.semanticscholar.org/paper/4415b28377b66b3706783a43f05ff5dad6979f36,final,2026-06-08,,,
A-0061,A,4ca82e9865e42d23414595190d5761e09b53cce8,Fusing multiple frequency-decomposed seismic attributes with machine learning for thickness prediction and sedimentary facies interpretation in fluvial reservoirs,"Wei Li, Dali Yue, Wenfeng Wang, Wurong Wang, Shenghe Wu, Jun Yu Li, Depo Chen","Abstract Defining the boundaries, thicknesses and sedimentary facies of fluvial reservoirs (sand bodies) is critical for predicting hydrocarbon volumes, designing schemes for petroleum exploration and development and improving oil recovery. Most reservoirs contain thick and thin sand bodies at the same intervals, while the amplitude values of seismic data usually highlight sand bodies near the 1/4 wavelength for the tuning phenomena. Hence, the application of spectral decomposition to seismic attributes and the combination of multiple frequency-decomposed (spectral-decomposed) seismic attributes have gained increasing attention for the readjustment of tuning thickness to predict sand bodies of various thicknesses. However, the popular method of red-green-blue blending is a simple linear combination of three frequency-decomposed seismic attributes that qualitatively analyzes the sand thickness without well-log interpretation. This research proposes machine learning fusion as a new nonlinear method for fusing high-, middle-, and low-frequency seismic attributes. This method uses machine learning to link well-log interpretation and multiple-frequency seismic attributes for the quantitative prediction of sand thickness, which is important for development work in a mature field. Test results of the conceptual model and the real case indicate that the predicted sand thickness after fusing multiple frequency-decomposed seismic attributes is approximately in line with the actual thickness (correlations between 80 and 90%). Combined with the coherence attribute and the red-green-blue blending results, the distributions and histories of sedimentary facies are analyzed based on the predicted sand thickness and well data. The results suggest that the proposed method can effectively readjust the tuning thickness and improve the resolution of seismic interpretation. This method is a potentially effective technique to characterize the sand thickness and sedimentary facies in other fields using a similar geological setting and dataset.",Journal of Petroleum Science and Engineering,journal,2019,Geology,https://www.semanticscholar.org/paper/4ca82e9865e42d23414595190d5761e09b53cce8,final,2026-06-08,,,
A-0062,A,6225ccf67d2df9bcf25bb4a755770db7213f9a60,Prediction of metabolic status of dairy cows in early lactation with on-farm cow data and machine learning algorithms.,"W. Xu, A. V. van Knegsel, J. Vervoort, R. Bruckmaier, R. V. van Hoeij, B. Kemp, E. Saccenti","Metabolic status of dairy cows in early lactation can be evaluated using the concentrations of plasma β-hydroxybutyrate (BHB), free fatty acids (FFA), glucose, insulin, and insulin-like growth factor 1 (IGF-1). These plasma metabolites and metabolic hormones, however, are difficult to measure on farm. Instead, easily obtained on-farm cow data, such as milk production traits, have the potential to predict metabolic status. Here we aimed (1) to investigate whether metabolic status of individual cows in early lactation could be clustered based on their plasma values and (2) to evaluate machine learning algorithms to predict metabolic status using on-farm cow data. Through lactation wk 1 to 7, plasma metabolites and metabolic hormones of 334 cows were measured weekly and used to cluster each cow into 1 of 3 clusters per week. The cluster with the greatest plasma BHB and FFA and the lowest plasma glucose, insulin, and IGF-1 was defined as poor metabolic status; the cluster with the lowest plasma BHB and FFA and the greatest plasma glucose, insulin, and IGF-1 was defined as good metabolic status; and the intermediate cluster was defined as average metabolic status. Most dairy cows were classified as having average or good metabolic status, and a limited number of cows had poor metabolic status (10-50 cows per lactation week). On-farm cow data, including dry period length, parity, milk production traits, and body weight, were used to predict good or average metabolic status with 8 machine learning algorithms. Random Forest (error rate ranging from 12.4 to 22.6%) and Support Vector Machine (SVM; error rate ranging from 12.4 to 20.9%) were the top 2 best-performing algorithms to predict metabolic status using on-farm cow data. Random Forest had a higher sensitivity (range: 67.8-82.9% during wk 1 to 7) and negative predictive value (range: 89.5-93.8%) but lower specificity (range: 76.7-88.5%) and positive predictive value (range: 58.1-78.4%) than SVM. In Random Forest, milk yield, fat yield, protein percentage, and lactose yield had important roles in prediction, but their rank of importance differed across lactation weeks. In conclusion, dairy cows could be clustered for metabolic status based on plasma metabolites and metabolic hormones. Moreover, on-farm cow data can predict cows in good or average metabolic status, with Random Forest and SVM performing best of all algorithms.",Journal of Dairy Science,journal,2019,"Medicine, Biology",https://www.semanticscholar.org/paper/6225ccf67d2df9bcf25bb4a755770db7213f9a60,final,2026-06-08,,,
A-0063,A,1f84913ac9a8bfe7445b931621484ed20b34720c,Scientific Text Sentiment Analysis using Machine Learning Techniques,"H. Raza, M. Faizan, Ahsan Hamza, Ahmed Mushtaq, Naeem Akhtar","Over time, textual information on the World Wide Web (WWW) has increased exponentially, leading to potential research in the field of machine learning (ML) and natural language processing (NLP). Sentiment analysis of scientific domain articles is a very trendy and interesting topic nowadays. The main purpose of this research is to facilitate researchers to identify quality research papers based on their sentiment analysis. In this research, sentiment analysis of scientific articles using citation sentences is carried out using an existing constructed annotated corpus. This corpus is consisted of 8736 citation sentences. The noise was removed from data using different data normalization rules in order to clean the data corpus. To perform classification on this data set we developed a system in which six different machine learning algorithms including Naive-Bayes (NB), Support Vector Machine (SVM), Logistic Regression (LR), Decision Tree (DT), K-Nearest Neighbor (KNN) and Random Forest (RF) are implemented. Then the accuracy of the system is evaluated using different evaluation metrics e.g. F-score and Accuracy score. To improve the system’ accuracy additional features selection techniques, such as lemmatization, n-graming, tokenization, and stop word removal are applied and found that our system provided significant performance in every case compared to the base system. Our method achieved a maximum of about 9% improved results as compared to the base system.",International Journal of Advanced Computer Science and Applications,journal,2019,Computer Science,https://www.semanticscholar.org/paper/1f84913ac9a8bfe7445b931621484ed20b34720c,final,2026-06-08,,,
A-0064,A,461ffba3e05836ac655a7c61039ca2c93e43b615,Network Intrusion Detection using Machine Learning Techniques,Prajeeth Kumar M. J,": The modern era deals with a different type of structured and unstructured information. The information can be accessed, processed and retrieved from different major or minor resources. One of the biggest storage of information is the internet. So, in order to deal with the resources of information, we need to take a holistic approach with security and integrity for the networks. The common approaches to security deal with firewall-based mechanisms. However, beyond a certain extent, this approach fails as it works on the principle of definition and signature. In this paper, a novel method is proposed for the protection of the network-based resources from the outside world intruders by means of the machine learning techniques. One of the major pros of using a machine learning-based approach is the self-capability of the machine in separation, regression, and classification of the intruder patterns.",International Journal for Research in Applied Science and Engineering Technology,journal,2019,Computer Science,https://www.semanticscholar.org/paper/461ffba3e05836ac655a7c61039ca2c93e43b615,final,2026-06-08,,,
A-0065,A,95338f3d38748cad188fce80c405307ca56fde04,Machine learning for high-dimensional dynamic stochastic economies,"S. Scheidegger, Ilias Bilionis","Abstract We present a novel computational framework that can compute global solutions to high-dimensional dynamic stochastic economic models on irregular state space geometries. This framework can also resolve value and policy functions’ local features and perform uncertainty quantification, in a single model evaluation. We achieve this by combining Gaussian process machine learning with active subspaces; we then embed this into a parallelized discrete-time dynamic programming algorithm. To demonstrate the broad applicability of our method, we compute solutions to stochastic optimal growth models of up to 500 continuous dimensions. We also show that our framework can address parameter uncertainty and can provide predictive confidence intervals for policies that correspond to the epistemic uncertainty induced by limited data. Finally, we propose an algorithm that, based on combining this framework with Bayesian Gaussian mixture models, is capable of learning irregularly shaped ergodic sets as well as performing dynamic programming on them.",Journal of Computer Science,journal,2019,Computer Science,https://www.semanticscholar.org/paper/95338f3d38748cad188fce80c405307ca56fde04,final,2026-06-08,,,
A-0066,A,6159fb3f9bbbc31c57643a5b6c85c59dbb337fcf,"Assessing the performance of 38 machine learning models: the case of land consumption rates in Bavaria, Germany","Julian Hagenauer, H. Omrani, M. Helbich","ABSTRACT Machine learning (ML) is at the forefront of land-use change modeling. Due to numerous available ML approaches, the model choice is complex and usually based on ad hoc decisions, though informed through a few comparative studies that considered a limited number of models. This study contributes a comprehensive comparison of 38 ML models to examine land consumption rates (LCR) (i.e. the transition of landscapes to built-up areas). We modeled LCR for 2009–2015 in Bavaria, Germany, and predicted rates for 2015–2021 at a municipality level. To assess the performance of each approach, we measured the mean absolute error (MAE), the root-mean-square error (RMSE), and the coefficient of determination () using cross-validation. All algorithms consistently predicted that the land consumption rate for Bavaria will increase. eXtreme gradient boosting decision trees performed best with respect to the RMSE (0.500) and (0.183), while the support vector machine with polynomial kernel has the lowest MAE (0.288). The generalized additive model and the random forest models also performed well. We recommend these ML approaches for future land consumption and land-use change studies. A poor performance was found for recursive partitioning by decision trees, self-organizing maps, and partitioning using deletion, substitution, and addition moves.",International Journal of Geographical Information Science,journal,2019,"Computer Science, Mathematics",https://www.semanticscholar.org/paper/6159fb3f9bbbc31c57643a5b6c85c59dbb337fcf,final,2026-06-08,,,
A-0067,A,a45600380947e1dad3c9ebf0d92836bc46e67056,Machine learning provides realistic model of complex phase transition,S. Scandolo,"Nature has provided us with many more types of phases than the elementary ones—solid, liquid, and gas—that we learn in school textbooks. Some of them can be rather exotic, such as the one considered in the PNAS article by Robinson et al. (1), which deals with a remarkable but not so uncommon state of matter found in several elemental solids when they are compressed to gigapascal pressures (1 GPa = 10,000 bar). The solid in this specific case, elemental rubidium, crystallizes in a tetragonal structure composed of two interpenetrating lattices with incommensurate periodicity (Fig. 1). When heated, the “host” chain sublattice loses its long-range periodic order while the “guest” sublattice remains crystalline.



Fig. 1. 
Crystal structure of the incommensurate host–guest structure observed in sodium, potassium, and rubidium at high pressure. The guest chains (dark green atoms) fill the channels of the host sublattice (light green atoms). At low temperature, the periodicity of the two sublattices is incommensurate along the chain direction. At high temperature, the chain sublattice loses long-range order. Adapted with permission from ref. 7, which is licensed under CC BY 4.0.



Microscopically complex state changes such as the ones observed in host–guest structures raise fundamental questions regarding how the system disorders as temperature is raised. Is chain disordering a phase transition? Why do the two interpenetrating lattices melt at different temperatures? Do different types of order, or rather disorder, appear?

Determining the nature of phase transitions, and especially temperature-induced phase transitions, … 

[↵][1]1Email: scandolo{at}ictp.it.

 [1]: #xref-corresp-1-1",Proceedings of the National Academy of Sciences of the United States of America,journal,2019,"Medicine, Materials Science",https://www.semanticscholar.org/paper/a45600380947e1dad3c9ebf0d92836bc46e67056,final,2026-06-08,,,
A-0068,A,8bae8e1485a820cee9cd2c33f6a45c47044447d5,Sex differences in brain metabolic activity: Beyond the concept of brain age,"E. Biskup, Frances-Catherine Quevenco, M. Ferretti, Antonella Santuccione-Chadha","We have read the article in PNAS by Goyal et al. (1) with great interest. The identification of underlying organic differences between female and male brains is of utmost importance to reach sex-sensitive precision medicine (2⇓–4).

The main findings of the paper (1), “the female brain has a persistently lower metabolic brain age—relative to their chronological age—compared with the male brain,” lend themselves to the conclusion that women’s brains are younger than men’s. However, we would like to raise a number of considerations that might help revisit the main conclusion of the data presented.

Goyal et al. (1) applied a supervised machine learning algorithm to multiregional, PET-based measurements of brain metabolism of a cohort of 205 … 

[↵][1]1To whom correspondence should be addressed. Email: ewelinabiskup{at}yahoo.de.

 [1]: #xref-corresp-1-1",Proceedings of the National Academy of Sciences of the United States of America,journal,2019,"Psychology, Medicine",https://www.semanticscholar.org/paper/8bae8e1485a820cee9cd2c33f6a45c47044447d5,final,2026-06-08,,,
A-0069,A,1243a54adbaadc28e972789e3484baf805f5c6fd,Solving high-dimensional partial differential equations using deep learning,"Jiequn Han, Arnulf Jentzen, W. E","Significance Partial differential equations (PDEs) are among the most ubiquitous tools used in modeling problems in nature. However, solving high-dimensional PDEs has been notoriously difficult due to the “curse of dimensionality.” This paper introduces a practical algorithm for solving nonlinear PDEs in very high (hundreds and potentially thousands of) dimensions. Numerical results suggest that the proposed algorithm is quite effective for a wide variety of problems, in terms of both accuracy and speed. We believe that this opens up a host of possibilities in economics, finance, operational research, and physics, by considering all participating agents, assets, resources, or particles together at the same time, instead of making ad hoc assumptions on their interrelationships. Developing algorithms for solving high-dimensional partial differential equations (PDEs) has been an exceedingly difficult task for a long time, due to the notoriously difficult problem known as the “curse of dimensionality.” This paper introduces a deep learning-based approach that can handle general high-dimensional parabolic PDEs. To this end, the PDEs are reformulated using backward stochastic differential equations and the gradient of the unknown solution is approximated by neural networks, very much in the spirit of deep reinforcement learning with the gradient acting as the policy function. Numerical results on examples including the nonlinear Black–Scholes equation, the Hamilton–Jacobi–Bellman equation, and the Allen–Cahn equation suggest that the proposed algorithm is quite effective in high dimensions, in terms of both accuracy and cost. This opens up possibilities in economics, finance, operational research, and physics, by considering all participating agents, assets, resources, or particles together at the same time, instead of making ad hoc assumptions on their interrelationships.",Proceedings of the National Academy of Sciences of the United States of America,journal,2017,"Medicine, Mathematics, Computer Science",https://www.semanticscholar.org/paper/1243a54adbaadc28e972789e3484baf805f5c6fd,final,2026-06-08,,,
A-0070,A,f8a2e5ebf96f55035ebf215156c87a5a9b3be1c5,On instabilities of deep learning in image reconstruction and the potential costs of AI,"Vegard Antun, F. Renna, C. Poon, B. Adcock, A. Hansen","Deep learning, due to its unprecedented success in tasks such as image classification, has emerged as a new tool in image reconstruction with potential to change the field. In this paper, we demonstrate a crucial phenomenon: Deep learning typically yields unstable methods for image reconstruction. The instabilities usually occur in several forms: 1) Certain tiny, almost undetectable perturbations, both in the image and sampling domain, may result in severe artefacts in the reconstruction; 2) a small structural change, for example, a tumor, may not be captured in the reconstructed image; and 3) (a counterintuitive type of instability) more samples may yield poorer performance. Our stability test with algorithms and easy-to-use software detects the instability phenomena. The test is aimed at researchers, to test their networks for instabilities, and for government agencies, such as the Food and Drug Administration (FDA), to secure safe use of deep learning methods.",Proceedings of the National Academy of Sciences of the United States of America,journal,2019,"Medicine, Computer Science",https://www.semanticscholar.org/paper/f8a2e5ebf96f55035ebf215156c87a5a9b3be1c5,final,2026-06-08,,,
A-0071,A,e7bc839b21f4665400bc1c2816362b685611debf,Deep learning predicts path-dependent plasticity,"M. Mozaffar, R. Bostanabad, R. Bostanabad, Wei Chen, K. Ehmann, Jian Cao, M. Bessa","Significance We show that material plasticity can be precisely and efficiently predicted by deep-learning methods. This approach is fundamentally different from the century-old theory of continuum plasticity because it is not iteratively tracing the yield surface, neither does it require the notion of effective strain or stress at the macroscopic level. Instead, we use representative computer simulations of materials, including microstructure and constituents, load them along different deformation paths, and then learn the reversible, irreversible, and history-dependent phenomena directly from data. We demonstrate that complex phenomena such as distortional hardening can be predicted within 0.5% error. The generality of the methodology and widespread importance of plasticity in designing structures and materials make it useful to a myriad of fields. Plasticity theory aims at describing the yield loci and work hardening of a material under general deformation states. Most of its complexity arises from the nontrivial dependence of the yield loci on the complete strain history of a material and its microstructure. This motivated 3 ingenious simplifications that underpinned a century of developments in this field: 1) yield criteria describing yield loci location; 2) associative or nonassociative flow rules defining the direction of plastic flow; and 3) effective stress–strain laws consistent with the plastic work equivalence principle. However, 2 key complications arise from these simplifications. First, finding equations that describe these 3 assumptions for materials with complex microstructures is not trivial. Second, yield surface evolution needs to be traced iteratively, i.e., through a return mapping algorithm. Here, we show that these assumptions are not needed in the context of sequence learning when using recurrent neural networks, diverting the above-mentioned complications. This work offers an alternative to currently established plasticity formulations by providing the foundations for finding history- and microstructure-dependent constitutive models through deep learning.",Proceedings of the National Academy of Sciences of the United States of America,journal,2019,"Computer Science, Medicine",https://www.semanticscholar.org/paper/e7bc839b21f4665400bc1c2816362b685611debf,final,2026-06-08,,,
A-0072,A,45dd8b0c687f2d74a3986f9954bd1b2a2e093aa6,Deep learning to represent subgrid processes in climate models,"S. Rasp, M. Pritchard, P. Gentine","Significance Current climate models are too coarse to resolve many of the atmosphere’s most important processes. Traditionally, these subgrid processes are heuristically approximated in so-called parameterizations. However, imperfections in these parameterizations, especially for clouds, have impeded progress toward more accurate climate predictions for decades. Cloud-resolving models alleviate many of the gravest issues of their coarse counterparts but will remain too computationally demanding for climate change predictions for the foreseeable future. Here we use deep learning to leverage the power of short-term cloud-resolving simulations for climate modeling. Our data-driven model is fast and accurate, thereby showing the potential of machine-learning–based approaches to climate model development. The representation of nonlinear subgrid processes, especially clouds, has been a major source of uncertainty in climate models for decades. Cloud-resolving models better represent many of these processes and can now be run globally but only for short-term simulations of at most a few years because of computational limitations. Here we demonstrate that deep learning can be used to capture many advantages of cloud-resolving modeling at a fraction of the computational cost. We train a deep neural network to represent all atmospheric subgrid processes in a climate model by learning from a multiscale model in which convection is treated explicitly. The trained neural network then replaces the traditional subgrid parameterizations in a global general circulation model in which it freely interacts with the resolved dynamics and the surface-flux scheme. The prognostic multiyear simulations are stable and closely reproduce not only the mean climate of the cloud-resolving simulation but also key aspects of variability, including precipitation extremes and the equatorial wave spectrum. Furthermore, the neural network approximately conserves energy despite not being explicitly instructed to. Finally, we show that the neural network parameterization generalizes to new surface forcing patterns but struggles to cope with temperatures far outside its training manifold. Our results show the feasibility of using deep learning for climate model parameterization. In a broader context, we anticipate that data-driven Earth system model development could play a key role in reducing climate prediction uncertainty in the coming decade.",Proceedings of the National Academy of Sciences of the United States of America,journal,2018,"Computer Science, Physics, Mathematics, Medicine",https://www.semanticscholar.org/paper/45dd8b0c687f2d74a3986f9954bd1b2a2e093aa6,final,2026-06-08,,,
A-0073,A,802726d9609607fe6e65a38142024eb1aa94005a,"Automatically identifying, counting, and describing wild animals in camera-trap images with deep learning","M. S. Norouzzadeh, Anh Totti Nguyen, M. Kosmala, A. Swanson, M. Palmer, C. Packer, J. Clune","Significance Motion-sensor cameras in natural habitats offer the opportunity to inexpensively and unobtrusively gather vast amounts of data on animals in the wild. A key obstacle to harnessing their potential is the great cost of having humans analyze each image. Here, we demonstrate that a cutting-edge type of artificial intelligence called deep neural networks can automatically extract such invaluable information. For example, we show deep learning can automate animal identification for 99.3% of the 3.2 million-image Snapshot Serengeti dataset while performing at the same 96.6% accuracy of crowdsourced teams of human volunteers. Automatically, accurately, and inexpensively collecting such data could help catalyze the transformation of many fields of ecology, wildlife biology, zoology, conservation biology, and animal behavior into “big data” sciences. Having accurate, detailed, and up-to-date information about the location and behavior of animals in the wild would improve our ability to study and conserve ecosystems. We investigate the ability to automatically, accurately, and inexpensively collect such data, which could help catalyze the transformation of many fields of ecology, wildlife biology, zoology, conservation biology, and animal behavior into “big data” sciences. Motion-sensor “camera traps” enable collecting wildlife pictures inexpensively, unobtrusively, and frequently. However, extracting information from these pictures remains an expensive, time-consuming, manual task. We demonstrate that such information can be automatically extracted by deep learning, a cutting-edge type of artificial intelligence. We train deep convolutional neural networks to identify, count, and describe the behaviors of 48 species in the 3.2 million-image Snapshot Serengeti dataset. Our deep neural networks automatically identify animals with >93.8% accuracy, and we expect that number to improve rapidly in years to come. More importantly, if our system classifies only images it is confident about, our system can automate animal identification for 99.3% of the data while still performing at the same 96.6% accuracy as that of crowdsourced teams of human volunteers, saving >8.4 y (i.e., >17,000 h at 40 h/wk) of human labeling effort on this 3.2 million-image dataset. Those efficiency gains highlight the importance of using deep neural networks to automate data extraction from camera-trap images, reducing a roadblock for this widely used technology. Our results suggest that deep learning could enable the inexpensive, unobtrusive, high-volume, and even real-time collection of a wealth of information about vast numbers of animals in the wild.",Proceedings of the National Academy of Sciences of the United States of America,journal,2017,"Computer Science, Medicine",https://www.semanticscholar.org/paper/802726d9609607fe6e65a38142024eb1aa94005a,final,2026-06-08,,,
A-0074,A,54c86d13270d6d52812d12e88ba2e82ae75b5638,Deep learning enables high-quality and high-throughput prediction of enzyme commission numbers,"J. Ryu, H. Kim, S. Lee","Significance Identification of enzyme commission (EC) numbers is essential for accurately understanding enzyme functions. Although several EC number prediction tools are available, they have room for further improvement with respect to computation time, precision, coverage, and the total size of the files needed for EC number prediction. Here, we present DeepEC, a deep learning-based computational framework that predicts EC numbers with high precision in a high-throughput manner. DeepEC shows much improved prediction performance when compared with the 5 representative EC number prediction tools that are currently available. DeepEC will be useful in studying enzyme functions by implementing them independently or as part of a third-party software program. High-quality and high-throughput prediction of enzyme commission (EC) numbers is essential for accurate understanding of enzyme functions, which have many implications in pathologies and industrial biotechnology. Several EC number prediction tools are currently available, but their prediction performance needs to be further improved to precisely and efficiently process an ever-increasing volume of protein sequence data. Here, we report DeepEC, a deep learning-based computational framework that predicts EC numbers for protein sequences with high precision and in a high-throughput manner. DeepEC takes a protein sequence as input and predicts EC numbers as output. DeepEC uses 3 convolutional neural networks (CNNs) as a major engine for the prediction of EC numbers, and also implements homology analysis for EC numbers that cannot be classified by the CNNs. Comparative analyses against 5 representative EC number prediction tools show that DeepEC allows the most precise prediction of EC numbers, and is the fastest and the lightest in terms of the disk space required. Furthermore, DeepEC is the most sensitive in detecting the effects of mutated domains/binding site residues of protein sequences. DeepEC can be used as an independent tool, and also as a third-party software component in combination with other computational platforms that examine metabolic reactions.",Proceedings of the National Academy of Sciences of the United States of America,journal,2019,"Medicine, Computer Science",https://www.semanticscholar.org/paper/54c86d13270d6d52812d12e88ba2e82ae75b5638,final,2026-06-08,,,
A-0075,A,0c4aaadc0a02051b381f7523aa814bc2b63ad471,Deep learning for inferring gene relationships from single-cell expression data,"Ye Yuan, Z. Bar-joseph","Significance Accurate inference of gene interactions and causality is required for pathway reconstruction, which remains a major goal for many studies. Here, we take advantage of 2 recent technological developments, single-cell RNA sequencing and deep learning to propose an encoding scheme for gene expression data. We use this encoding in a supervised framework to perform several different types of analysis using minimal assumptions. Our method, convolutional neural network for coexpression (CNNC), first transforms expression data lacking locality to an image-like object on which convolutional neural networks (CNNs) work very well. We then utilize CNNs for learning relationships between genes, causality inferences, functional assignments, and disease gene predictions. For all of these tasks, CNNC significantly outperforms all prior task-specific methods. Several methods were developed to mine gene–gene relationships from expression data. Examples include correlation and mutual information methods for coexpression analysis, clustering and undirected graphical models for functional assignments, and directed graphical models for pathway reconstruction. Using an encoding for gene expression data, followed by deep neural networks analysis, we present a framework that can successfully address all of these diverse tasks. We show that our method, convolutional neural network for coexpression (CNNC), improves upon prior methods in tasks ranging from predicting transcription factor targets to identifying disease-related genes to causality inference. CNNC’s encoding provides insights about some of the decisions it makes and their biological basis. CNNC is flexible and can easily be extended to integrate additional types of genomics data, leading to further improvements in its performance.",Proceedings of the National Academy of Sciences of the United States of America,journal,2019,"Computer Science, Medicine",https://www.semanticscholar.org/paper/0c4aaadc0a02051b381f7523aa814bc2b63ad471,final,2026-06-08,,,
A-0076,A,c826d8c0194430857294de9b02f6b0ca5c7e8418,Evolutionarily informed deep learning methods for predicting relative transcript abundance from DNA sequence,"Jacob D. Washburn, M. K. Mejía-Guerra, Guillaume P. Ramstein, Karl A. G. Kremling, R. Valluru, E. Buckler, Hai Wang","Significance Machine learning methodologies can be applied readily to biological problems, but standard training and testing methods are not designed to control for evolutionary relatedness or other biological phenomena. In this article, we propose, implement, and test two methods to control for and utilize evolutionary relatedness within a predictive deep learning framework. The methods are tested and applied within the context of predicting mRNA expression levels from whole-genome DNA sequence data and are applicable across biological organisms. Potential use cases for the methods include plant and animal breeding, disease research, gene editing, and others. Deep learning methodologies have revolutionized prediction in many fields and show potential to do the same in molecular biology and genetics. However, applying these methods in their current forms ignores evolutionary dependencies within biological systems and can result in false positives and spurious conclusions. We developed two approaches that account for evolutionary relatedness in machine learning models: (i) gene-family–guided splitting and (ii) ortholog contrasts. The first approach accounts for evolution by constraining model training and testing sets to include different gene families. The second approach uses evolutionarily informed comparisons between orthologous genes to both control for and leverage evolutionary divergence during the training process. The two approaches were explored and validated within the context of mRNA expression level prediction and have the area under the ROC curve (auROC) values ranging from 0.75 to 0.94. Model weight inspections showed biologically interpretable patterns, resulting in the hypothesis that the 3′ UTR is more important for fine-tuning mRNA abundance levels while the 5′ UTR is more important for large-scale changes.",Proceedings of the National Academy of Sciences of the United States of America,journal,2019,"Biology, Medicine",https://www.semanticscholar.org/paper/c826d8c0194430857294de9b02f6b0ca5c7e8418,final,2026-06-08,,,
A-0077,A,bb14881ae3b07a4333665fb916571d9ca35cf3f3,Fast and robust active neuron segmentation in two-photon calcium imaging using spatiotemporal deep learning,"Somayyeh Soltanian-Zadeh, Kaan Sahingur, Sarah Blau, Yiyang Gong, Sina Farsiu","Significance Two-photon calcium imaging is a standard technique of neuroscience laboratories that records neural activity from individual neurons over large populations in awake-behaving animals. Automatic and accurate identification of behaviorally relevant neurons from these recordings is a critical step toward complete mapping of brain activity. To this end, we present a fast deep learning framework which significantly outperforms previous methods and is the first to be as accurate as human experts in segmenting active and overlapping neurons. Such neuron detection performance is crucial for precise quantification of population-level and single-cell–level neural coding statistics, which will aid neuroscientists to temporally synchronize dynamic behavioral or neural stimulus to the subjects’ neural activity, opening the door for unprecedented accelerated progress in neuroscientific experiments. Calcium imaging records large-scale neuronal activity with cellular resolution in vivo. Automated, fast, and reliable active neuron segmentation is a critical step in the analysis workflow of utilizing neuronal signals in real-time behavioral studies for discovery of neuronal coding properties. Here, to exploit the full spatiotemporal information in two-photon calcium imaging movies, we propose a 3D convolutional neural network to identify and segment active neurons. By utilizing a variety of two-photon microscopy datasets, we show that our method outperforms state-of-the-art techniques and is on a par with manual segmentation. Furthermore, we demonstrate that the network trained on data recorded at a specific cortical layer can be used to accurately segment active neurons from another layer with different neuron density. Finally, our work documents significant tabulation flaws in one of the most cited and active online scientific challenges in neuron segmentation. As our computationally fast method is an invaluable tool for a large spectrum of real-time optogenetic experiments, we have made our open-source software and carefully annotated dataset freely available online.",Proceedings of the National Academy of Sciences of the United States of America,journal,2019,"Computer Science, Medicine",https://www.semanticscholar.org/paper/bb14881ae3b07a4333665fb916571d9ca35cf3f3,final,2026-06-08,,,
A-0078,A,504766c557004da5778dcfce26ddfe77acced470,Expert-level detection of acute intracranial hemorrhage on head computed tomography using deep learning,"Weicheng Kuo, Christian Hӓne, P. Mukherjee, J. Malik, E. Yuh","Significance Computed tomography (CT) of the head is the workhorse medical imaging modality used worldwide to diagnose neurologic emergencies. However, these gray scale images are limited by low signal-to-noise, poor contrast, and a high incidence of image artifacts. A unique challenge is to identify tiny subtle abnormalities in a large 3D volume with near-perfect sensitivity. We used a single-stage, end-to-end, fully convolutional neural network to achieve accuracy levels comparable to that of highly trained radiologists, including both identification and localization of abnormalities that are missed by radiologists. Computed tomography (CT) of the head is used worldwide to diagnose neurologic emergencies. However, expertise is required to interpret these scans, and even highly trained experts may miss subtle life-threatening findings. For head CT, a unique challenge is to identify, with perfect or near-perfect sensitivity and very high specificity, often small subtle abnormalities on a multislice cross-sectional (three-dimensional [3D]) imaging modality that is characterized by poor soft tissue contrast, low signal-to-noise using current low radiation-dose protocols, and a high incidence of artifacts. We trained a fully convolutional neural network with 4,396 head CT scans performed at the University of California at San Francisco and affiliated hospitals and compared the algorithm’s performance to that of 4 American Board of Radiology (ABR) certified radiologists on an independent test set of 200 randomly selected head CT scans. Our algorithm demonstrated the highest accuracy to date for this clinical application, with a receiver operating characteristic (ROC) area under the curve (AUC) of 0.991 ± 0.006 for identification of examinations positive for acute intracranial hemorrhage, and also exceeded the performance of 2 of 4 radiologists. We demonstrate an end-to-end network that performs joint classification and segmentation with examination-level classification comparable to experts, in addition to robust localization of abnormalities, including some that are missed by radiologists, both of which are critically important elements for this application.",Proceedings of the National Academy of Sciences of the United States of America,journal,2019,"Computer Science, Medicine",https://www.semanticscholar.org/paper/504766c557004da5778dcfce26ddfe77acced470,final,2026-06-08,,,
A-0079,A,6fc839d0d144b5eca3f6e3a2b9cb0d54daf48d69,Using deep learning and Google Street View to estimate the demographic makeup of neighborhoods across the United States,"Timnit Gebru, J. Krause, Yilun Wang, Duyun Chen, Jia Deng, Erez Aiden Lieberman, Li Fei-Fei","Significance We show that socioeconomic attributes such as income, race, education, and voting patterns can be inferred from cars detected in Google Street View images using deep learning. Our model works by discovering associations between cars and people. For example, if the number of sedans in a city is higher than the number of pickup trucks, that city is likely to vote for a Democrat in the next presidential election (88% chance); if not, then the city is likely to vote for a Republican (82% chance). The United States spends more than $250 million each year on the American Community Survey (ACS), a labor-intensive door-to-door study that measures statistics relating to race, gender, education, occupation, unemployment, and other demographic factors. Although a comprehensive source of data, the lag between demographic changes and their appearance in the ACS can exceed several years. As digital imagery becomes ubiquitous and machine vision techniques improve, automated data analysis may become an increasingly practical supplement to the ACS. Here, we present a method that estimates socioeconomic characteristics of regions spanning 200 US cities by using 50 million images of street scenes gathered with Google Street View cars. Using deep learning-based computer vision techniques, we determined the make, model, and year of all motor vehicles encountered in particular neighborhoods. Data from this census of motor vehicles, which enumerated 22 million automobiles in total (8% of all automobiles in the United States), were used to accurately estimate income, race, education, and voting patterns at the zip code and precinct level. (The average US precinct contains ∼1,000 people.) The resulting associations are surprisingly simple and powerful. For instance, if the number of sedans encountered during a drive through a city is higher than the number of pickup trucks, the city is likely to vote for a Democrat during the next presidential election (88% chance); otherwise, it is likely to vote Republican (82%). Our results suggest that automated systems for monitoring demographics may effectively complement labor-intensive approaches, with the potential to measure demographics with fine spatial resolution, in close to real time.",Proceedings of the National Academy of Sciences of the United States of America,journal,2017,"Computer Science, Geography, Medicine",https://www.semanticscholar.org/paper/6fc839d0d144b5eca3f6e3a2b9cb0d54daf48d69,final,2026-06-08,,,
A-0080,A,be0e54baa5c5cc9f7c539187e2ab2924d9dd28fe,Distance-based protein folding powered by deep learning,Jinbo Xu,"Significance Accurate description of protein structure and function is a fundamental step toward understanding biological life and highly relevant in the development of therapeutics. Although greatly improved, experimental protein structure determination is still low-throughput and costly, especially for membrane proteins. As such, computational structure prediction is often resorted. Predicting the structure of a protein without similar structures in the Protein Data Bank is very challenging and usually needs a large amount of computing power. This paper shows that by using a powerful deep learning technique, even with only a personal computer we can predict new folds much more accurately than ever before. This method also works well on membrane protein folding. Direct coupling analysis (DCA) for protein folding has made very good progress, but it is not effective for proteins that lack many sequence homologs, even coupled with time-consuming conformation sampling with fragments. We show that we can accurately predict interresidue distance distribution of a protein by deep learning, even for proteins with ∼60 sequence homologs. Using only the geometric constraints given by the resulting distance matrix we may construct 3D models without involving extensive conformation sampling. Our method successfully folded 21 of the 37 CASP12 hard targets with a median family size of 58 effective sequence homologs within 4 h on a Linux computer of 20 central processing units. In contrast, DCA-predicted contacts cannot be used to fold any of these hard targets in the absence of extensive conformation sampling, and the best CASP12 group folded only 11 of them by integrating DCA-predicted contacts into fragment-based conformation sampling. Rigorous experimental validation in CASP13 shows that our distance-based folding server successfully folded 17 of 32 hard targets (with a median family size of 36 sequence homologs) and obtained 70% precision on the top L/5 long-range predicted contacts. The latest experimental validation in CAMEO shows that our server predicted correct folds for 2 membrane proteins while all of the other servers failed. These results demonstrate that it is now feasible to predict correct fold for many more proteins lack of similar structures in the Protein Data Bank even on a personal computer.",Proceedings of the National Academy of Sciences of the United States of America,journal,2018,"Biology, Medicine, Computer Science, Chemistry",https://www.semanticscholar.org/paper/be0e54baa5c5cc9f7c539187e2ab2924d9dd28fe,final,2026-06-08,,,
A-0081,A,18de6cf73ff1e019afe1a6ec05a6141274651ef5,Deep learning in turbulent convection networks,"E. Fonda, Ambrish Pandey, J. Schumacher, K. Sreenivasan","Significance Turbulent convection in horizontally extended systems comprises vortices and plumes on many time and length scales. These structures interact nonlinearly to self-organize into slowly evolving turbulent superstructures, which are horizontally more extended than in height. We use a U-shaped deep-learning algorithm to generate a time-varying planar network, resulting in a drastic reduction of degrees of freedom, and use it to detect the 3D superstructures and estimate their effectiveness in transporting heat. We thus demonstrate the likely utility of deep learning for parameterizing convection in global models of atmospheric and stellar convection whenever mesoscale structures are conspicuous. We explore heat transport properties of turbulent Rayleigh–Bénard convection in horizontally extended systems by using deep-learning algorithms that greatly reduce the number of degrees of freedom. Particular attention is paid to the slowly evolving turbulent superstructures—so called because they are larger in extent than the height of the convection layer—which appear as temporal patterns of ridges of hot upwelling and cold downwelling fluid, including defects where the ridges merge or end. The machine-learning algorithm trains a deep convolutional neural network (CNN) with U-shaped architecture, consisting of a contraction and a subsequent expansion branch, to reduce the complex 3D turbulent superstructure to a temporal planar network in the midplane of the layer. This results in a data compression by more than five orders of magnitude at the highest Rayleigh number, and its application yields a discrete transport network with dynamically varying defect points, including points of locally enhanced heat flux or “hot spots.” One conclusion is that the fraction of heat transport by the superstructure decreases as the Rayleigh number increases (although they might remain individually strong), correspondingly implying the increased importance of small-scale background turbulence.",Proceedings of the National Academy of Sciences of the United States of America,journal,2019,"Physics, Medicine",https://www.semanticscholar.org/paper/18de6cf73ff1e019afe1a6ec05a6141274651ef5,final,2026-06-08,,,
A-0082,A,16e1c1a07df4afcc67339fbbef72d1a1392520aa,News Feature: What are the limits of deep learning?,M. Waldrop,"The much-ballyhooed artificial intelligence approach boasts impressive feats but still falls short of human brainpower. Researchers are determined to figure out what’s missing. 

There’s no mistaking the image: It’s a banana—a big, ripe, bright-yellow banana. Yet the artificial intelligence (AI) identifies it as a toaster, even though it was trained with the same powerful and oft-publicized deep-learning techniques that have produced a white-hot revolution in driverless cars, speech understanding, and a multitude of other AI applications. That means the AI was shown several thousand photos of bananas, slugs, snails, and similar-looking objects, like so many flash cards, and then drilled on the answers until it had the classification down cold. And yet this advanced system was quite easily confused—all it took was a little day-glow sticker, digitally pasted in one corner of the image.



Apparent shortcomings in deep-learning approaches have raised concerns among researchers and the general public as technologies such as driverless cars, which use deep-learning techniques to navigate, get involved in well-publicized mishaps. Image credit: Shutterstock.com/MONOPOLY919.



This example of what deep-learning researchers call an “adversarial attack,” discovered by the Google Brain team in Mountain View, CA (1), highlights just how far AI still has to go before it remotely approaches human capabilities. “I initially thought that adversarial examples were just an annoyance,” says Geoffrey Hinton, a computer scientist at the University of Toronto and one of the pioneers of deep learning. “But I now think they're probably quite profound. They tell us that we're doing something wrong.”

That’s a widely shared sentiment among AI practitioners, any of whom can easily rattle off a long list of deep learning’s drawbacks. In addition to its vulnerability to spoofing, for example, there is its gross inefficiency. “For a child to learn to recognize a cow,” says Hinton, “it's not like their …",Proceedings of the National Academy of Sciences of the United States of America,journal,2019,"Medicine, Computer Science",https://www.semanticscholar.org/paper/16e1c1a07df4afcc67339fbbef72d1a1392520aa,final,2026-06-08,,,
A-0083,A,9884866170930c9f6f5812fec71d2f616ca2b813,Fast fit-free analysis of fluorescence lifetime imaging via deep learning,"Jason T. Smith, Ruoyang Yao, Nattawut Sinsuebphon, Alena Rudkouskaya, Nathan Un, J. Mazurkiewicz, Margarida M Barroso, Pingkun Yan, X. Intes","Significance Fluorescence lifetime imaging (FLI), although capable of providing powerful biomedical insight, necessitates computationally expensive inverse solvers to obtain parameters of interest, which has limited its broad dissemination, especially in clinical settings. Hence, a real-time, user-friendly approach has the potential to transform this field. Herein, a deep neural network (DNN) architecture named fluorescence lifetime imaging network (FLI-Net) was designed to form spatially resolved quantitative images of complex fluorescence lifetimes without any user-defined parameter input during processing. Thus, FLI-Net is poised to facilitate current lifetime imaging applications, expand its dissemination, and lead to new applications, especially in preclinical and clinical settings. Fluorescence lifetime imaging (FLI) provides unique quantitative information in biomedical and molecular biology studies but relies on complex data-fitting techniques to derive the quantities of interest. Herein, we propose a fit-free approach in FLI image formation that is based on deep learning (DL) to quantify fluorescence decays simultaneously over a whole image and at fast speeds. We report on a deep neural network (DNN) architecture, named fluorescence lifetime imaging network (FLI-Net) that is designed and trained for different classes of experiments, including visible FLI and near-infrared (NIR) FLI microscopy (FLIM) and NIR gated macroscopy FLI (MFLI). FLI-Net outputs quantitatively the spatially resolved lifetime-based parameters that are typically employed in the field. We validate the utility of the FLI-Net framework by performing quantitative microscopic and preclinical lifetime-based studies across the visible and NIR spectra, as well as across the 2 main data acquisition technologies. These results demonstrate that FLI-Net is well suited to accurately quantify complex fluorescence lifetimes in cells and, in real time, in intact animals without any parameter settings. Hence, FLI-Net paves the way to reproducible and quantitative lifetime studies at unprecedented speeds, for improved dissemination and impact of FLI in many important biomedical applications ranging from fundamental discoveries in molecular and cellular biology to clinical translation.",Proceedings of the National Academy of Sciences of the United States of America,journal,2019,"Medicine, Physics",https://www.semanticscholar.org/paper/9884866170930c9f6f5812fec71d2f616ca2b813,final,2026-06-08,,,
A-0084,A,027a3bbb4e02455814152ea498fef1904aec7b98,Mechanism of glucocerebrosidase activation and dysfunction in Gaucher disease unraveled by molecular dynamics and deep learning,"R. Romero, A. Ramanathan, T. Yuen, D. Bhowmik, Mehr Mathew, L. Munshi, Seher Javaid, Madison Bloch, Daria Lizneva, Alina E. Rahimova, Ayesha Khan, Charit Taneja, Se-Min Kim, Li Sun, M. New, S. Haider, M. Zaidi","Significance Gaucher disease is a rare genetic disorder that has crippling health consequences. Mutations in the GBA1 gene are known to disrupt the enzyme glucocerebrosidase-1, but it is not known, at atom-level detail, as to how enzyme function is lost. This study uses multiscale simulations and deep learning to define precisely the mechanism underlying the disruption of glucocerebrosidase-1 and, in particular, its interaction with the facilitator protein, saposin C. The lysosomal enzyme glucocerebrosidase-1 (GCase) catalyzes the cleavage of a major glycolipid glucosylceramide into glucose and ceramide. The absence of fully functional GCase leads to the accumulation of its lipid substrates in lysosomes, causing Gaucher disease, an autosomal recessive disorder that displays profound genotype–phenotype nonconcordance. More than 250 disease-causing mutations in GBA1, the gene encoding GCase, have been discovered, although only one of these, N370S, causes 70% of disease. Here, we have used a knowledge-based docking protocol that considers experimental data of protein–protein binding to generate a complex between GCase and its known facilitator protein saposin C (SAPC). Multiscale molecular-dynamics simulations were used to study lipid self-assembly, membrane insertion, and the dynamics of the interactions between different components of the complex. Deep learning was applied to propose a model that explains the mechanism of GCase activation, which requires SAPC. Notably, we find that conformational changes in the loops at the entrance of the substrate-binding site are stabilized by direct interactions with SAPC and that the loss of such interactions induced by N370S and another common mutation, L444P, result in destabilization of the complex and reduced GCase activation. Our findings provide an atomistic-level explanation for GCase activation and the precise mechanism through which N370S and L444P cause Gaucher disease.",Proceedings of the National Academy of Sciences of the United States of America,journal,2019,"Chemistry, Medicine",https://www.semanticscholar.org/paper/027a3bbb4e02455814152ea498fef1904aec7b98,final,2026-06-08,,,
A-0085,A,3f5f627f162a0a94c1370512cb03cd6f3d505072,Deep learning of spontaneous arousal fluctuations detects early cholinergic defects across neurodevelopmental mouse models and patients,"P. Artoni, Arianna Piffer, V. Vinci, J. LeBlanc, C. Nelson, T. Hensch, M. Fagiolini","Significance Neurodevelopmental spectrum disorders such as autism (ASD) are typically diagnosed at an age beyond the heightened plasticity of the infant brain, when behavioral intervention would be most effective. Here, we show that mouse models of idiopathic or monogenic ASD share common alterations in arousal modulation that can be detected by machine learning early in life. In this transfer study across species and measures, we show that a neural network trained on mice can be refined by transfer learning to be useful for ASD patients, even when different proxies of arousal fluctuations are used (e.g., pupillometry or heart rate variation). This now offers a quantitative, noninvasive, and highly translational biomarker for the early detection of developmental disorders. Neurodevelopmental spectrum disorders like autism (ASD) are diagnosed, on average, beyond age 4 y, after multiple critical periods of brain development close and behavioral intervention becomes less effective. This raises the urgent need for quantitative, noninvasive, and translational biomarkers for their early detection and tracking. We found that both idiopathic (BTBR) and genetic (CDKL5- and MeCP2-deficient) mouse models of ASD display an early, impaired cholinergic neuromodulation as reflected in altered spontaneous pupil fluctuations. Abnormalities were already present before the onset of symptoms and were rescued by the selective expression of MeCP2 in cholinergic circuits. Hence, we trained a neural network (ConvNetACh) to recognize, with 97% accuracy, patterns of these arousal fluctuations in mice with enhanced cholinergic sensitivity (LYNX1-deficient). ConvNetACh then successfully detected impairments in all ASD mouse models tested except in MeCP2-rescued mice. By retraining only the last layers of ConvNetACh with heart rate variation data (a similar proxy of arousal) directly from Rett syndrome patients, we generated ConvNetPatients, a neural network capable of distinguishing them from typically developing subjects. Even with small cohorts of rare patients, our approach exhibited significant accuracy before (80% in the first and second year of life) and into regression (88% in stage III patients). Thus, transfer learning across species and modalities establishes spontaneous arousal fluctuations combined with deep learning as a robust noninvasive, quantitative, and sensitive translational biomarker for the rapid and early detection of neurodevelopmental disorders before major symptom onset.",Proceedings of the National Academy of Sciences of the United States of America,journal,2019,Medicine,https://www.semanticscholar.org/paper/3f5f627f162a0a94c1370512cb03cd6f3d505072,final,2026-06-08,,,
A-0086,A,80a2bea654a390978f00808fefc7bf2cd333c30b,Three-dimensional visualization and a deep-learning model reveal complex fungal parasite networks in behaviorally manipulated ants,"Maridel Fredericksen, Yizhe Zhang, Missy L. Hazen, R. Loreto, Colleen A. Mangold, D. Chen, David P. Hughes","Significance Microbial parasites may behave collectively to manipulate their host’s behavior. We examine adaptations of a microbial parasite in its natural environment: the body of its coevolved and manipulated host. Electron microscopy and 3D reconstructions of host and parasite tissues reveal that this fungus invades muscle fibers throughout the ant’s body but leaves the brain intact, and that the fungal cells connect to form extensive networks. The connections are likened to structures that aid in transporting nutrients and organelles in several plant-associated fungi. These findings alter the current view of parasite-extended phenotypes by demonstrating that behavior control does not require the parasite to physically invade the host brain and that parasite cells may coordinate to change host behavior. Some microbes possess the ability to adaptively manipulate host behavior. To better understand how such microbial parasites control animal behavior, we examine the cell-level interactions between the species-specific fungal parasite Ophiocordyceps unilateralis sensu lato and its carpenter ant host (Camponotus castaneus) at a crucial moment in the parasite’s lifecycle: when the manipulated host fixes itself permanently to a substrate by its mandibles. The fungus is known to secrete tissue-specific metabolites and cause changes in host gene expression as well as atrophy in the mandible muscles of its ant host, but it is unknown how the fungus coordinates these effects to manipulate its host’s behavior. In this study, we combine techniques in serial block-face scanning-electron microscopy and deep-learning–based image segmentation algorithms to visualize the distribution, abundance, and interactions of this fungus inside the body of its manipulated host. Fungal cells were found throughout the host body but not in the brain, implying that behavioral control of the animal body by this microbe occurs peripherally. Additionally, fungal cells invaded host muscle fibers and joined together to form networks that encircled the muscles. These networks may represent a collective foraging behavior of this parasite, which may in turn facilitate host manipulation.",Proceedings of the National Academy of Sciences of the United States of America,journal,2017,"Biology, Medicine",https://www.semanticscholar.org/paper/80a2bea654a390978f00808fefc7bf2cd333c30b,final,2026-06-08,,,
A-0087,A,c390dd6031632805a190c472e29349f28ec81ba5,Efficient collective swimming by harnessing vortices through deep reinforcement learning,"S. Verma, G. Novati, P. Koumoutsakos","Significance Can fish reduce their energy expenditure by schooling? We answer affirmatively this longstanding question by combining state-of-the-art direct numerical simulations of the 3D Navier–Stokes equations with reinforcement learning, using recurrent neural networks with long short-term memory cells to account for the unsteadiness of the flow field. Surprisingly, we find that swimming behind a leader is not always associated with energetic benefits for the follower. In turn, we demonstrate that fish can improve their sustained propulsive efficiency by placing themselves at appropriate locations in the wake of other swimmers and intercepting their wake vortices judiciously. The results show that autonomous, “smart” swimmers may exploit unsteady flow fields to reap substantial energetic benefits and have promising implications for robotic swarms. Fish in schooling formations navigate complex flow fields replete with mechanical energy in the vortex wakes of their companions. Their schooling behavior has been associated with evolutionary advantages including energy savings, yet the underlying physical mechanisms remain unknown. We show that fish can improve their sustained propulsive efficiency by placing themselves in appropriate locations in the wake of other swimmers and intercepting judiciously their shed vortices. This swimming strategy leads to collective energy savings and is revealed through a combination of high-fidelity flow simulations with a deep reinforcement learning (RL) algorithm. The RL algorithm relies on a policy defined by deep, recurrent neural nets, with long–short-term memory cells, that are essential for capturing the unsteadiness of the two-way interactions between the fish and the vortical flow field. Surprisingly, we find that swimming in-line with a leader is not associated with energetic benefits for the follower. Instead, “smart swimmer(s)” place themselves at off-center positions, with respect to the axis of the leader(s) and deform their body to synchronize with the momentum of the oncoming vortices, thus enhancing their swimming efficiency at no cost to the leader(s). The results confirm that fish may harvest energy deposited in vortices and support the conjecture that swimming in formation is energetically advantageous. Moreover, this study demonstrates that deep RL can produce navigation algorithms for complex unsteady and vortical flow fields, with promising implications for energy savings in autonomous robotic swarms.",Proceedings of the National Academy of Sciences of the United States of America,journal,2018,"Computer Science, Physics, Medicine",https://www.semanticscholar.org/paper/c390dd6031632805a190c472e29349f28ec81ba5,final,2026-06-08,,,
A-0088,A,18a93dc1558bf9d7534d0b416633cebaf75c1145,Biological structure and function emerge from scaling unsupervised learning to 250 million protein sequences,"Alexander Rives, Siddharth Goyal, Joshua Meier, Demi Guo, Myle Ott, C. L. Zitnick, Jerry Ma, R. Fergus","Significance Learning biological properties from sequence data is a logical step toward generative and predictive artificial intelligence for biology. Here, we propose scaling a deep contextual language model with unsupervised learning to sequences spanning evolutionary diversity. We find that without prior knowledge, information emerges in the learned representations on fundamental properties of proteins such as secondary structure, contacts, and biological activity. We show the learned representations are useful across benchmarks for remote homology detection, prediction of secondary structure, long-range residue–residue contacts, and mutational effect. Unsupervised representation learning enables state-of-the-art supervised prediction of mutational effect and secondary structure and improves state-of-the-art features for long-range contact prediction. In the field of artificial intelligence, a combination of scale in data and model capacity enabled by unsupervised learning has led to major advances in representation learning and statistical generation. In the life sciences, the anticipated growth of sequencing promises unprecedented data on natural sequence diversity. Protein language modeling at the scale of evolution is a logical step toward predictive and generative artificial intelligence for biology. To this end, we use unsupervised learning to train a deep contextual language model on 86 billion amino acids across 250 million protein sequences spanning evolutionary diversity. The resulting model contains information about biological properties in its representations. The representations are learned from sequence data alone. The learned representation space has a multiscale organization reflecting structure from the level of biochemical properties of amino acids to remote homology of proteins. Information about secondary and tertiary structure is encoded in the representations and can be identified by linear projections. Representation learning produces features that generalize across a range of applications, enabling state-of-the-art supervised prediction of mutational effect and secondary structure and improving state-of-the-art features for long-range contact prediction.",Proceedings of the National Academy of Sciences of the United States of America,journal,2019,"Biology, Computer Science, Medicine",https://www.semanticscholar.org/paper/18a93dc1558bf9d7534d0b416633cebaf75c1145,final,2026-06-08,,,
A-0089,A,3dbe2b18393c34dc30f057949e6d31e3ef6efd90,Deep neural network improves fracture detection by clinicians,"Rob Lindsey, A. Daluiski, S. Chopra, Alexander Lachapelle, M. Mozer, Serge Sicular, D. Hanel, Michael Gardner, Anurag Gupta, R. Hotchkiss, H. Potter","Significance Historically, computer-assisted detection (CAD) in radiology has failed to achieve improvements in diagnostic accuracy, decreasing clinician sensitivity and leading to unnecessary further diagnostic tests. With the advent of deep learning approaches to CAD, there is great excitement about its application to medicine, yet there is little evidence demonstrating improved diagnostic accuracy in clinically-relevant applications. We trained a deep learning model to detect fractures on radiographs with a diagnostic accuracy similar to that of senior subspecialized orthopedic surgeons. We demonstrate that when emergency medicine clinicians are provided with the assistance of the trained model, their ability to accurately detect fractures significantly improves. Suspected fractures are among the most common reasons for patients to visit emergency departments (EDs), and X-ray imaging is the primary diagnostic tool used by clinicians to assess patients for fractures. Missing a fracture in a radiograph often has severe consequences for patients, resulting in delayed treatment and poor recovery of function. Nevertheless, radiographs in emergency settings are often read out of necessity by emergency medicine clinicians who lack subspecialized expertise in orthopedics, and misdiagnosed fractures account for upward of four of every five reported diagnostic errors in certain EDs. In this work, we developed a deep neural network to detect and localize fractures in radiographs. We trained it to accurately emulate the expertise of 18 senior subspecialized orthopedic surgeons by having them annotate 135,409 radiographs. We then ran a controlled experiment with emergency medicine clinicians to evaluate their ability to detect fractures in wrist radiographs with and without the assistance of the deep learning model. The average clinician’s sensitivity was 80.8% (95% CI, 76.7–84.1%) unaided and 91.5% (95% CI, 89.3–92.9%) aided, and specificity was 87.5% (95 CI, 85.3–89.5%) unaided and 93.9% (95% CI, 92.9–94.9%) aided. The average clinician experienced a relative reduction in misinterpretation rate of 47.0% (95% CI, 37.4–53.9%). The significant improvements in diagnostic accuracy that we observed in this study show that deep learning methods are a mechanism by which senior medical specialists can deliver their expertise to generalists on the front lines of medicine, thereby providing substantial improvements to patient care.",Proceedings of the National Academy of Sciences of the United States of America,journal,2018,"Computer Science, Medicine",https://www.semanticscholar.org/paper/3dbe2b18393c34dc30f057949e6d31e3ef6efd90,final,2026-06-08,,,
A-0090,A,bea705926c945927a6e057109495b1b74b4ca783,Deep elastic strain engineering of bandgap through machine learning,"Zhe Shi, Evgenii Tsymbalov, M. Dao, S. Suresh, A. Shapeev, Ju Li","Significance Deforming a material to a large extent without inelastic relaxation can result in unprecedented properties. However, the optimal deformation state is buried within the vast continua of choices available in the strain space. Here we advance a unique and powerful strategy to circumvent conventional trial-and-error methods, and adopt artificial intelligence techniques for rationally designing the most energy-efficient pathway to achieve a desirable material property such as the electronic bandgap. The broad framework for tailoring any target figure of merit, for any material using machine learning, opens up opportunities to adapt elastic strain engineering of properties and performance in devices and systems in a controllable and efficient manner, for potential applications in microelectronics, optoelectronics, photonics, and energy technologies. Nanoscale specimens of semiconductor materials as diverse as silicon and diamond are now known to be deformable to large elastic strains without inelastic relaxation. These discoveries harbinger a new age of deep elastic strain engineering of the band structure and device performance of electronic materials. Many possibilities remain to be investigated as to what pure silicon can do as the most versatile electronic material and what an ultrawide bandgap material such as diamond, with many appealing functional figures of merit, can offer after overcoming its present commercial immaturity. Deep elastic strain engineering explores full six-dimensional space of admissible nonlinear elastic strain and its effects on physical properties. Here we present a general method that combines machine learning and ab initio calculations to guide strain engineering whereby material properties and performance could be designed. This method invokes recent advances in the field of artificial intelligence by utilizing a limited amount of ab initio data for the training of a surrogate model, predicting electronic bandgap within an accuracy of 8 meV. Our model is capable of discovering the indirect-to-direct bandgap transition and semiconductor-to-metal transition in silicon by scanning the entire strain space. It is also able to identify the most energy-efficient strain pathways that would transform diamond from an ultrawide-bandgap material to a smaller-bandgap semiconductor. A broad framework is presented to tailor any target figure of merit by recourse to deep elastic strain engineering and machine learning for a variety of applications in microelectronics, optoelectronics, photonics, and energy technologies.",Proceedings of the National Academy of Sciences of the United States of America,journal,2019,"Materials Science, Medicine",https://www.semanticscholar.org/paper/bea705926c945927a6e057109495b1b74b4ca783,final,2026-06-08,,,
A-0091,A,31430819154359b561b5593ff32c20de13b10fd4,A mathematical theory of semantic development in deep neural networks,"Andrew M. Saxe, James L. McClelland, S. Ganguli","Significance Over the course of development, humans learn myriad facts about items in the world, and naturally group these items into useful categories and structures. This semantic knowledge is essential for diverse behaviors and inferences in adulthood. How is this richly structured semantic knowledge acquired, organized, deployed, and represented by neuronal networks in the brain? We address this question by studying how the nonlinear learning dynamics of deep linear networks acquires information about complex environmental structures. Our results show that this deep learning dynamics can self-organize emergent hidden representations in a manner that recapitulates many empirical phenomena in human semantic development. Such deep networks thus provide a mathematically tractable window into the development of internal neural representations through experience. An extensive body of empirical research has revealed remarkable regularities in the acquisition, organization, deployment, and neural representation of human semantic knowledge, thereby raising a fundamental conceptual question: What are the theoretical principles governing the ability of neural networks to acquire, organize, and deploy abstract knowledge by integrating across many individual experiences? We address this question by mathematically analyzing the nonlinear dynamics of learning in deep linear networks. We find exact solutions to this learning dynamics that yield a conceptual explanation for the prevalence of many disparate phenomena in semantic cognition, including the hierarchical differentiation of concepts through rapid developmental transitions, the ubiquity of semantic illusions between such transitions, the emergence of item typicality and category coherence as factors controlling the speed of semantic processing, changing patterns of inductive projection over development, and the conservation of semantic similarity in neural representations across species. Thus, surprisingly, our simple neural model qualitatively recapitulates many diverse regularities underlying semantic development, while providing analytic insight into how the statistical structure of an environment can interact with nonlinear deep-learning dynamics to give rise to these regularities.",Proceedings of the National Academy of Sciences of the United States of America,journal,2018,"Computer Science, Medicine, Biology, Mathematics",https://www.semanticscholar.org/paper/31430819154359b561b5593ff32c20de13b10fd4,final,2026-06-08,,,
A-0092,A,3bcdf9cc129d6e39d9ede590672b3f1ad41acd49,An explainable deep machine vision framework for plant stress phenotyping,"Sambuddha Ghosal, David Blystone, Asheesh K. Singh, B. Ganapathysubramanian, Arti Singh, S. Sarkar","Significance Plant stress identification based on visual symptoms has predominately remained a manual exercise performed by trained pathologists, primarily due to the occurrence of confounding symptoms. However, the manual rating process is tedious, is time-consuming, and suffers from inter- and intrarater variabilities. Our work resolves such issues via the concept of explainable deep machine learning to automate the process of plant stress identification, classification, and quantification. We construct a very accurate model that can not only deliver trained pathologist-level performance but can also explain which visual symptoms are used to make predictions. We demonstrate that our method is applicable to a large variety of biotic and abiotic stresses and is transferable to other imaging conditions and plants. Current approaches for accurate identification, classification, and quantification of biotic and abiotic stresses in crop research and production are predominantly visual and require specialized training. However, such techniques are hindered by subjectivity resulting from inter- and intrarater cognitive variability. This translates to erroneous decisions and a significant waste of resources. Here, we demonstrate a machine learning framework’s ability to identify and classify a diverse set of foliar stresses in soybean [Glycine max (L.) Merr.] with remarkable accuracy. We also present an explanation mechanism, using the top-K high-resolution feature maps that isolate the visual symptoms used to make predictions. This unsupervised identification of visual symptoms provides a quantitative measure of stress severity, allowing for identification (type of foliar stress), classification (low, medium, or high stress), and quantification (stress severity) in a single framework without detailed symptom annotation by experts. We reliably identified and classified several biotic (bacterial and fungal diseases) and abiotic (chemical injury and nutrient deficiency) stresses by learning from over 25,000 images. The learned model is robust to input image perturbations, demonstrating viability for high-throughput deployment. We also noticed that the learned model appears to be agnostic to species, seemingly demonstrating an ability of transfer learning. The availability of an explainable model that can consistently, rapidly, and accurately identify and quantify foliar stresses would have significant implications in scientific research, plant breeding, and crop production. The trained model could be deployed in mobile platforms (e.g., unmanned air vehicles and automated ground scouts) for rapid, large-scale scouting or as a mobile application for real-time detection of stress by farmers and researchers.",Proceedings of the National Academy of Sciences of the United States of America,journal,2018,"Computer Science, Medicine",https://www.semanticscholar.org/paper/3bcdf9cc129d6e39d9ede590672b3f1ad41acd49,final,2026-06-08,,,
A-0093,A,01d8287d16b727506071f09a4d5a5bf8bc94e464,Theoretical issues in deep networks,"T. Poggio, Andrzej Banburski, Q. Liao","While deep learning is successful in a number of applications, it is not yet well understood theoretically. A theoretical characterization of deep learning should answer questions about their approximation power, the dynamics of optimization, and good out-of-sample performance, despite overparameterization and the absence of explicit regularization. We review our recent results toward this goal. In approximation theory both shallow and deep networks are known to approximate any continuous functions at an exponential cost. However, we proved that for certain types of compositional functions, deep networks of the convolutional type (even without weight sharing) can avoid the curse of dimensionality. In characterizing minimization of the empirical exponential loss we consider the gradient flow of the weight directions rather than the weights themselves, since the relevant function underlying classification corresponds to normalized networks. The dynamics of normalized weights turn out to be equivalent to those of the constrained problem of minimizing the loss subject to a unit norm constraint. In particular, the dynamics of typical gradient descent have the same critical points as the constrained problem. Thus there is implicit regularization in training deep networks under exponential-type loss functions during gradient flow. As a consequence, the critical points correspond to minimum norm infima of the loss. This result is especially relevant because it has been recently shown that, for overparameterized models, selection of a minimum norm solution optimizes cross-validation leave-one-out stability and thereby the expected error. Thus our results imply that gradient descent in deep networks minimize the expected error.",Proceedings of the National Academy of Sciences of the United States of America,journal,2019,"Computer Science, Mathematics, Medicine",https://www.semanticscholar.org/paper/01d8287d16b727506071f09a4d5a5bf8bc94e464,final,2026-06-08,,,
A-0094,A,cbe1091c138e5007dadb837ee6003f6a806c0dbf,Data-driven supervised learning of a viral protease specificity landscape from deep sequencing and molecular simulations,"Manasi A. Pethe, A. Rubenstein, S. Khare","Significance Substrate specificity landscape of a protease enzyme is the set of all substrate sequences that are recognized/cut (and, as importantly, not recognized/cut) by the enzyme. Accurate and rapid elucidation of these landscapes for any given protease is key for the design of novel targeted proteases to prevent unwarranted off-target cleavage, and provides insight into the functional robustness of naturally occurring proteases. We developed a structure-guided approach for predicting protease substrate specificity landscapes, in which data from experiments in yeast and molecular simulations are combined using machine learning. Using this approach, we comprehensively map the sequence−energetics−function landscape of the hepatitis C virus NS3/4A protease and its drug-resistant variants. Biophysical interactions between proteins and peptides are key determinants of molecular recognition specificity landscapes. However, an understanding of how molecular structure and residue-level energetics at protein−peptide interfaces shape these landscapes remains elusive. We combine information from yeast-based library screening, next-generation sequencing, and structure-based modeling in a supervised machine learning approach to report the comprehensive sequence−energetics−function mapping of the specificity landscape of the hepatitis C virus (HCV) NS3/4A protease, whose function—site-specific cleavages of the viral polyprotein—is a key determinant of viral fitness. We screened a library of substrates in which five residue positions were randomized and measured cleavability of ∼30,000 substrates (∼1% of the library) using yeast display and fluorescence-activated cell sorting followed by deep sequencing. Structure-based models of a subset of experimentally derived sequences were used in a supervised learning procedure to train a support vector machine to predict the cleavability of 3.2 million substrate variants by the HCV protease. The resulting landscape allows identification of previously unidentified HCV protease substrates, and graph-theoretic analyses reveal extensive clustering of cleavable and uncleavable motifs in sequence space. Specificity landscapes of known drug-resistant variants are similarly clustered. The described approach should enable the elucidation and redesign of specificity landscapes of a wide variety of proteases, including human-origin enzymes. Our results also suggest a possible role for residue-level energetics in shaping plateau-like functional landscapes predicted from viral quasispecies theory.",Proceedings of the National Academy of Sciences of the United States of America,journal,2018,"Biology, Medicine",https://www.semanticscholar.org/paper/cbe1091c138e5007dadb837ee6003f6a806c0dbf,final,2026-06-08,,,
A-0095,A,99ba331e4679c4e81de9c858540f04ef7165d9d6,Unsupervised learning by competing hidden units,"D. Krotov, J. Hopfield","Significance Despite great success of deep learning a question remains to what extent the computational properties of deep neural networks are similar to those of the human brain. The particularly nonbiological aspect of deep learning is the supervised training process with the backpropagation algorithm, which requires massive amounts of labeled data, and a nonlocal learning rule for changing the synapse strengths. This paper describes a learning algorithm that does not suffer from these two problems. It learns the weights of the lower layer of neural networks in a completely unsupervised fashion. The entire algorithm utilizes local learning rules which have conceptual biological plausibility. It is widely believed that end-to-end training with the backpropagation algorithm is essential for learning good feature detectors in early layers of artificial neural networks, so that these detectors are useful for the task performed by the higher layers of that neural network. At the same time, the traditional form of backpropagation is biologically implausible. In the present paper we propose an unusual learning rule, which has a degree of biological plausibility and which is motivated by Hebb’s idea that change of the synapse strength should be local—i.e., should depend only on the activities of the pre- and postsynaptic neurons. We design a learning algorithm that utilizes global inhibition in the hidden layer and is capable of learning early feature detectors in a completely unsupervised way. These learned lower-layer feature detectors can be used to train higher-layer weights in a usual supervised way so that the performance of the full network is comparable to the performance of standard feedforward networks trained end-to-end with a backpropagation algorithm on simple tasks.",Proceedings of the National Academy of Sciences of the United States of America,journal,2018,"Mathematics, Computer Science, Biology, Medicine",https://www.semanticscholar.org/paper/99ba331e4679c4e81de9c858540f04ef7165d9d6,final,2026-06-08,,,
A-0096,A,5578de6d4bbb190e7abe62a2a6c0d97dece0ee12,Learning atoms for materials discovery,"Quan Zhou, Peizhe Tang, Shenxiu Liu, Jinbo Pan, Q. Yan, Shoucheng Zhang","Significance Motivated by the recent achievements of artificial intelligence (AI) in linguistics, we design AI to learn properties of atoms from materials data on its own. Our work realizes knowledge representation of atoms via computers and could serve as a foundational step toward materials discovery and design fully based on machine learning. Exciting advances have been made in artificial intelligence (AI) during recent decades. Among them, applications of machine learning (ML) and deep learning techniques brought human-competitive performances in various tasks of fields, including image recognition, speech recognition, and natural language understanding. Even in Go, the ancient game of profound complexity, the AI player has already beat human world champions convincingly with and without learning from the human. In this work, we show that our unsupervised machines (Atom2Vec) can learn the basic properties of atoms by themselves from the extensive database of known compounds and materials. These learned properties are represented in terms of high-dimensional vectors, and clustering of atoms in vector space classifies them into meaningful groups consistent with human knowledge. We use the atom vectors as basic input units for neural networks and other ML models designed and trained to predict materials properties, which demonstrate significant accuracy.",Proceedings of the National Academy of Sciences of the United States of America,journal,2018,"Computer Science, Medicine, Physics",https://www.semanticscholar.org/paper/5578de6d4bbb190e7abe62a2a6c0d97dece0ee12,final,2026-06-08,,,
A-0097,A,1496241d0a7dfb9816560fba8477f594194f80f7,Learning to predict the cosmological structure formation,"Siyu He, Yin Li, Yu Feng, S. Ho, Siamak Ravanbakhsh, Wei Chen, B. Póczos","Significance To understand the evolution of the Universe requires a concerted effort of accurate observation of the sky and fast prediction of structures in the Universe. N-body simulation is an effective approach to predicting structure formation of the Universe, though computationally expensive. Here, we build a deep neural network to predict structure formation of the Universe. It outperforms the traditional fast-analytical approximation and accurately extrapolates far beyond its training data. Our study proves that deep learning is an accurate alternative to the traditional way of generating approximate cosmological simulations. Our study shows that one can use deep learning to generate complex 3D simulations in cosmology. This suggests that deep learning can provide a powerful alternative to traditional numerical simulations in cosmology. Matter evolved under the influence of gravity from minuscule density fluctuations. Nonperturbative structure formed hierarchically over all scales and developed non-Gaussian features in the Universe, known as the cosmic web. To fully understand the structure formation of the Universe is one of the holy grails of modern astrophysics. Astrophysicists survey large volumes of the Universe and use a large ensemble of computer simulations to compare with the observed data to extract the full information of our own Universe. However, to evolve billions of particles over billions of years, even with the simplest physics, is a daunting task. We build a deep neural network, the Deep Density Displacement Model (D3M), which learns from a set of prerun numerical simulations, to predict the nonlinear large-scale structure of the Universe with the Zel’dovich Approximation (ZA), an analytical approximation based on perturbation theory, as the input. Our extensive analysis demonstrates that D3M outperforms the second-order perturbation theory (2LPT), the commonly used fast-approximate simulation method, in predicting cosmic structure in the nonlinear regime. We also show that D3M is able to accurately extrapolate far beyond its training data and predict structure formation for significantly different cosmological parameters. Our study proves that deep learning is a practical and accurate alternative to approximate 3D simulations of the gravitational structure formation of the Universe.",Proceedings of the National Academy of Sciences of the United States of America,journal,2018,"Physics, Computer Science, Medicine",https://www.semanticscholar.org/paper/1496241d0a7dfb9816560fba8477f594194f80f7,final,2026-06-08,,,
A-0098,A,73e1f80c3a932701cade2a8957907393602f3ad6,Accurate and rapid background estimation in single-molecule localization microscopy using the deep neural network BGnet,"Leonhard Möckl, Anish R. Roy, Petar N. Petrov, W. Moerner, Stefan W. Hell","Significance Single-molecule localization microscopy has developed from a specialized technique into a widely used method across biological and chemical science. However, to see one molecule, unwanted light from the sample (background) must be minimized. More importantly, nonuniform background can seriously degrade the localization process. So far, addressing this problem has been challenging. We provide a robust, general, and easy-to-implement framework rooted in deep learning to accurately and rapidly estimate arbitrarily structured background so that this interfering structure can be removed. The method works both for conventional microscopes and also for complex 3-dimensional designs based on engineering the point-spread function. Accurate background estimation is a critically useful tool for extracting maximum information from single-molecule images. Background fluorescence, especially when it exhibits undesired spatial features, is a primary factor for reduced image quality in optical microscopy. Structured background is particularly detrimental when analyzing single-molecule images for 3-dimensional localization microscopy or single-molecule tracking. Here, we introduce BGnet, a deep neural network with a U-net-type architecture, as a general method to rapidly estimate the background underlying the image of a point source with excellent accuracy, even when point-spread function (PSF) engineering is in use to create complex PSF shapes. We trained BGnet to extract the background from images of various PSFs and show that the identification is accurate for a wide range of different interfering background structures constructed from many spatial frequencies. Furthermore, we demonstrate that the obtained background-corrected PSF images, for both simulated and experimental data, lead to a substantial improvement in localization precision. Finally, we verify that structured background estimation with BGnet results in higher quality of superresolution reconstructions of biological structures.",Proceedings of the National Academy of Sciences of the United States of America,journal,2019,"Medicine, Computer Science, Physics",https://www.semanticscholar.org/paper/73e1f80c3a932701cade2a8957907393602f3ad6,final,2026-06-08,,,
A-0099,A,667cad8410d74d50ef9e6ea5ff7afebca7bb3333,Using machine learning to predict extreme events in complex systems,"D. Qi, A. Majda","Significance Understanding and predicting extreme events as well as the related anomalous statistics is a grand challenge in complex natural systems. Deep convolutional neural networks provide a useful tool to learn the essential model dynamics directly from data. A deep learning strategy is proposed to predict the extreme events that appear in turbulent dynamical systems. A truncated KdV model displaying distinctive statistics from near-Gaussian to highly skewed distributions is used as the test model. The neural network is trained using data only from the near-Gaussian regime without the occurrence of large extreme values. The optimized network demonstrates uniformly high skill in successfully capturing the solution structures in a wide variety of statistical regimes, including the highly skewed extreme events. Extreme events and the related anomalous statistics are ubiquitously observed in many natural systems, and the development of efficient methods to understand and accurately predict such representative features remains a grand challenge. Here, we investigate the skill of deep learning strategies in the prediction of extreme events in complex turbulent dynamical systems. Deep neural networks have been successfully applied to many imaging processing problems involving big data, and have recently shown potential for the study of dynamical systems. We propose to use a densely connected mixed-scale network model to capture the extreme events appearing in a truncated Korteweg–de Vries (tKdV) statistical framework, which creates anomalous skewed distributions consistent with recent laboratory experiments for shallow water waves across an abrupt depth change, where a remarkable statistical phase transition is generated by varying the inverse temperature parameter in the corresponding Gibbs invariant measures. The neural network is trained using data without knowing the explicit model dynamics, and the training data are only drawn from the near-Gaussian regime of the tKdV model solutions without the occurrence of large extreme values. A relative entropy loss function, together with empirical partition functions, is proposed for measuring the accuracy of the network output where the dominant structures in the turbulent field are emphasized. The optimized network is shown to gain uniformly high skill in accurately predicting the solutions in a wide variety of statistical regimes, including highly skewed extreme events. The technique is promising to be further applied to other complicated high-dimensional systems.",Proceedings of the National Academy of Sciences of the United States of America,journal,2019,"Computer Science, Medicine",https://www.semanticscholar.org/paper/667cad8410d74d50ef9e6ea5ff7afebca7bb3333,final,2026-06-08,,,
A-0100,A,c1e8d9df347b8de53fc2116615b1343ba327040d,Latent Weights Do Not Exist: Rethinking Binarized Neural Network Optimization,"Koen Helwegen, James Widdicombe, Lukas Geiger, Zechun Liu, K. Cheng, Roeland Nusselder","Optimization of Binarized Neural Networks (BNNs) currently relies on real-valued latent weights to accumulate small update steps. In this paper, we argue that these latent weights cannot be treated analogously to weights in real-valued networks. Instead their main role is to provide inertia during training. We interpret current methods in terms of inertia and provide novel insights into the optimization of BNNs. We subsequently introduce the first optimizer specifically designed for BNNs, Binary Optimizer (Bop), and demonstrate its performance on CIFAR-10 and ImageNet. Together, the redefinition of latent weights as inertia and the introduction of Bop enable a better understanding of BNN optimization and open up the way for further improvements in training methodologies for BNNs. Code is available at: this https URL",Neural Information Processing Systems,conference,2019,"Computer Science, Mathematics",https://www.semanticscholar.org/paper/c1e8d9df347b8de53fc2116615b1343ba327040d,final,2026-06-08,,,
A-0101,A,dc9119dffc17382793d5d5690f5df7f189b9a175,Bayesian filtering unifies adaptive and non-adaptive neural network optimization methods,L. Aitchison,"We formulate the problem of neural network optimization as Bayesian filtering, where the observations are the backpropagated gradients. While neural network optimization has previously been studied using natural gradient methods which are closely related to Bayesian inference, they were unable to recover standard optimizers such as Adam and RMSprop with a root-mean-square gradient normalizer, instead getting a mean-square normalizer. To recover the root-mean-square normalizer, we find it necessary to account for the temporal dynamics of all the other parameters as they are geing optimized. The resulting optimizer, AdaBayes, adaptively transitions between SGD-like and Adam-like behaviour, automatically recovers AdamW, a state of the art variant of Adam with decoupled weight decay, and has generalisation performance competitive with SGD.",Neural Information Processing Systems,conference,2018,"Computer Science, Mathematics",https://www.semanticscholar.org/paper/dc9119dffc17382793d5d5690f5df7f189b9a175,final,2026-06-08,,,
A-0102,A,bce569203548a82e0291a0996b7856235a421ef5,Large Scale Structure of Neural Network Loss Landscapes,"Stanislav Fort, Stanislaw Jastrzebski","There are many surprising and perhaps counter-intuitive properties of optimization of deep neural networks. We propose and experimentally verify a unified phenomenological model of the loss landscape that incorporates many of them. High dimensionality plays a key role in our model. Our core idea is to model the loss landscape as a set of high dimensional \emph{wedges} that together form a large-scale, inter-connected structure and towards which optimization is drawn. We first show that hyperparameter choices such as learning rate, network width and $L_2$ regularization, affect the path optimizer takes through the landscape in a similar ways, influencing the large scale curvature of the regions the optimizer explores. Finally, we predict and demonstrate new counter-intuitive properties of the loss-landscape. We show an existence of low loss subspaces connecting a set (not only a pair) of solutions, and verify it experimentally. Finally, we analyze recently popular ensembling techniques for deep networks in the light of our model.",Neural Information Processing Systems,conference,2019,"Computer Science, Mathematics",https://www.semanticscholar.org/paper/bce569203548a82e0291a0996b7856235a421ef5,final,2026-06-08,,,
A-0103,A,03097420a1c4b2500cec6f29740f9d3c2164168f,Exact Combinatorial Optimization with Graph Convolutional Neural Networks,"Maxime Gasse, Didier Chételat, Nicola Ferroni, Laurent Charlin, Andrea Lodi","Combinatorial optimization problems are typically tackled by the branch-and-bound paradigm. We propose a new graph convolutional neural network model for learning branch-and-bound variable selection policies, which leverages the natural variable-constraint bipartite graph representation of mixed-integer linear programs. We train our model via imitation learning from the strong branching expert rule, and demonstrate on a series of hard problems that our approach produces policies that improve upon state-of-the-art machine-learning methods for branching and generalize to instances significantly larger than seen during training. Moreover, we improve for the first time over expert-designed branching rules implemented in a state-of-the-art solver on large problems. Code for reproducing all the experiments can be found at this https URL.",Neural Information Processing Systems,conference,2019,"Computer Science, Mathematics",https://www.semanticscholar.org/paper/03097420a1c4b2500cec6f29740f9d3c2164168f,final,2026-06-08,,,
A-0104,A,e73b0250971586e7d5a2ff71254a8acc60f9715a,Neural Architecture Optimization,"Renqian Luo, Fei Tian, Tao Qin, Tie-Yan Liu","Automatic neural architecture design has shown its potential in discovering powerful neural network architectures. Existing methods, no matter based on reinforcement learning or evolutionary algorithms (EA), conduct architecture search in a discrete space, which is highly inefficient. In this paper, we propose a simple and efficient method to automatic neural architecture design based on continuous optimization. We call this new approach neural architecture optimization (NAO). There are three key components in our proposed approach: (1) An encoder embeds/maps neural network architectures into a continuous space. (2) A predictor takes the continuous representation of a network as input and predicts its accuracy. (3) A decoder maps a continuous representation of a network back to its architecture. The performance predictor and the encoder enable us to perform gradient based optimization in the continuous space to find the embedding of a new architecture with potentially better accuracy. Such a better embedding is then decoded to a network by the decoder. Experiments show that the architecture discovered by our method is very competitive for image classification task on CIFAR-10 and language modeling task on PTB, outperforming or on par with the best results of previous architecture search methods with a significantly reduction of computational resources. Specifically we obtain $2.11\%$ test set error rate for CIFAR-10 image classification task and $56.0$ test set perplexity of PTB language modeling task. The best discovered architectures on both tasks are successfully transferred to other tasks such as CIFAR-100 and WikiText-2. Furthermore, combined with the recent proposed weight sharing mechanism, we discover powerful architecture on CIFAR-10 (with error rate $3.53\%$) and on PTB (with test set perplexity $56.6$), with very limited computational resources (less than $10$ GPU hours) for both tasks.",Neural Information Processing Systems,conference,2018,"Computer Science, Mathematics",https://www.semanticscholar.org/paper/e73b0250971586e7d5a2ff71254a8acc60f9715a,final,2026-06-08,,,
A-0105,A,512319fd585478c8273203d8870555c3d3e14530,On Hardware-Aware Probabilistic Frameworks for Resource Constrained Embedded Applications,"Laura Isabel Galindez Olascoaga, Wannes Meert, Nimish Shah, Guy Van den Broeck, M. Verhelst","Edge reasoning attempts to mitigate latency and privacy shortcomings of cloud computing paradigms. However, it introduces additional challenges linked to the devices' resource constraints and the applications' dynamic conditions. To address these challenges, we have proposed a hardware-aware probabilistic framework that optimizes the target machine learning model under actual hardware constraints. This framework relies on tractable probabilistic models, as they facilitate efficient inference, while exhibiting a number of traits relevant to the application range of interest: robustness to missing data, joint prediction capabilities, explainability, and small data needs. In this work, we expand on this framework by introducing a discriminative-generative approach to model learning, which retains the robustness of a generative model under missing data but can potentially improve its discriminative performance. In addition, we demonstrate how the applicability of this framework goes beyond classification tasks, and can be used for density estimation tasks, relevant to applications such as mobile speaker verification.",2019 Fifth Workshop on Energy Efficient Machine Learning and Cognitive Computing - NeurIPS Edition (EMC2-NIPS),conference,2019,Computer Science,https://www.semanticscholar.org/paper/512319fd585478c8273203d8870555c3d3e14530,final,2026-06-08,,,
A-0106,A,64690e9d0fd467be2cfb4fa904823f0c5a857839,vGraph: A Generative Model for Joint Community Detection and Node Representation Learning,"Fan-Yun Sun, Meng Qu, Jordan Hoffmann, Chin-Wei Huang, Jian Tang","This paper focuses on two fundamental tasks of graph analysis: community detection and node representation learning, which capture the global and local structures of graphs, respectively. In the current literature, these two tasks are usually independently studied while they are actually highly correlated. We propose a probabilistic generative model called vGraph to learn community membership and node representation collaboratively. Specifically, we assume that each node can be represented as a mixture of communities, and each community is defined as a multinomial distribution over nodes. Both the mixing coefficients and the community distribution are parameterized by the low-dimensional representations of the nodes and communities. We designed an effective variational inference algorithm which regularizes the community membership of neighboring nodes to be similar in the latent space. Experimental results on multiple real-world graphs show that vGraph is very effective in both community detection and node representation learning, outperforming many competitive baselines in both tasks. We show that the framework of vGraph is quite flexible and can be easily extended to detect hierarchical communities.",Neural Information Processing Systems,conference,2019,"Computer Science, Mathematics",https://www.semanticscholar.org/paper/64690e9d0fd467be2cfb4fa904823f0c5a857839,final,2026-06-08,,,
A-0107,A,965359b3008ab50dd04e171551220ec0e7f83aba,Generative Modeling by Estimating Gradients of the Data Distribution,"Yang Song, Stefano Ermon","We introduce a new generative model where samples are produced via Langevin dynamics using gradients of the data distribution estimated with score matching. Because gradients can be ill-defined and hard to estimate when the data resides on low-dimensional manifolds, we perturb the data with different levels of Gaussian noise, and jointly estimate the corresponding scores, i.e., the vector fields of gradients of the perturbed data distribution for all noise levels. For sampling, we propose an annealed Langevin dynamics where we use gradients corresponding to gradually decreasing noise levels as the sampling process gets closer to the data manifold. Our framework allows flexible model architectures, requires no sampling during training or the use of adversarial methods, and provides a learning objective that can be used for principled model comparisons. Our models produce samples comparable to GANs on MNIST, CelebA and CIFAR-10 datasets, achieving a new state-of-the-art inception score of 8.87 on CIFAR-10. Additionally, we demonstrate that our models learn effective representations via image inpainting experiments.",Neural Information Processing Systems,conference,2019,"Computer Science, Mathematics",https://www.semanticscholar.org/paper/965359b3008ab50dd04e171551220ec0e7f83aba,final,2026-06-08,,,
A-0108,A,34e30aaf0dd80b3f630a3d9fab1db4eb6a15a593,Inferring Generative Model Structure with Static Analysis,"P. Varma, Bryan D. He, Payal Bajaj, Nishith Khandwala, I. Banerjee, D. Rubin, Christopher Ré","Obtaining enough labeled data to robustly train complex discriminative models is a major bottleneck in the machine learning pipeline. A popular solution is combining multiple sources of weak supervision using generative models. The structure of these models affects training label quality, but is difficult to learn without any ground truth labels. We instead rely on these weak supervision sources having some structure by virtue of being encoded programmatically. We present Coral, a paradigm that infers generative model structure by statically analyzing the code for these heuristics, thus reducing the data required to learn structure significantly. We prove that Coral’s sample complexity scales quasilinearly with the number of heuristics and number of relations found, improving over the standard sample complexity, which is exponential in n for identifying nth degree relations. Experimentally, Coral matches or outperforms traditional structure learning approaches by up to 3.81 F1 points. Using Coral to model dependencies instead of assuming independence results in better performance than a fully supervised model by 3.07 accuracy points when heuristics are used to label radiology data without ground truth labels.",Neural Information Processing Systems,conference,2017,"Computer Science, Mathematics, Medicine",https://www.semanticscholar.org/paper/34e30aaf0dd80b3f630a3d9fab1db4eb6a15a593,final,2026-06-08,,,
A-0109,A,bb3c4327f0cbac19d9f87b4c989aee8833cdcd40,A Powerful Generative Model Using Random Weights for the Deep Image Representation,"Kun He, Yan Wang, J. Hopcroft","To what extent is the success of deep visualization due to the training? Could we do deep visualization using untrained, random weight networks? To address this issue, we explore new and powerful generative models for three popular deep visualization tasks using untrained, random weight convolutional neural networks. First we invert representations in feature spaces and reconstruct images from white noise inputs. The reconstruction quality is statistically higher than that of the same method applied on well trained networks with the same architecture. Next we synthesize textures using scaled correlations of representations in multiple layers and our results are almost indistinguishable with the original natural texture and the synthesized textures based on the trained network. Third, by recasting the content of an image in the style of various artworks, we create artistic images with high perceptual quality, highly competitive to the prior work of Gatys et al. on pretrained networks. To our knowledge this is the first demonstration of image representations using untrained deep neural networks. Our work provides a new and fascinating tool to study the representation of deep network architecture and sheds light on new understandings on deep visualization.",Neural Information Processing Systems,conference,2016,Computer Science,https://www.semanticscholar.org/paper/bb3c4327f0cbac19d9f87b4c989aee8833cdcd40,final,2026-06-08,,,
A-0110,A,21b786b3f870fc7fa247c143aa41de88b1fc6141,Glow: Generative Flow with Invertible 1x1 Convolutions,"Diederik P. Kingma, Prafulla Dhariwal","Flow-based generative models (Dinh et al., 2014) are conceptually attractive due to tractability of the exact log-likelihood, tractability of exact latent-variable inference, and parallelizability of both training and synthesis. In this paper we propose Glow, a simple type of generative flow using an invertible 1x1 convolution. Using our method we demonstrate a significant improvement in log-likelihood on standard benchmarks. Perhaps most strikingly, we demonstrate that a generative model optimized towards the plain log-likelihood objective is capable of efficient realistic-looking synthesis and manipulation of large images. The code for our model is available at this https URL",Neural Information Processing Systems,conference,2018,"Computer Science, Mathematics",https://www.semanticscholar.org/paper/21b786b3f870fc7fa247c143aa41de88b1fc6141,final,2026-06-08,,,
A-0111,A,923dcad6708bc40d01350eaa6ad1886f45430cf8,Empirical Study of Off-Policy Policy Evaluation for Reinforcement Learning,"Cameron Voloshin, Hoang Minh Le, Nan Jiang, Yisong Yue","Off-policy policy evaluation (OPE) is the problem of estimating the online performance of a policy using only pre-collected historical data generated by another policy. Given the increasing interest in deploying learning-based methods for safety-critical applications, many recent OPE methods have recently been proposed. Due to disparate experimental conditions from recent literature, the relative performance of current OPE methods is not well understood. In this work, we present the first comprehensive empirical analysis of a broad suite of OPE methods. Based on thousands of experiments and detailed empirical analyses, we offer a summarized set of guidelines for effectively using OPE in practice, and suggest directions for future research.",NeurIPS Datasets and Benchmarks,conference,2019,"Computer Science, Mathematics",https://www.semanticscholar.org/paper/923dcad6708bc40d01350eaa6ad1886f45430cf8,final,2026-06-08,,,
A-0112,A,344ff00c12be11ae639918079ebb3a5594494f5f,The AI Driving Olympics at NeurIPS 2018,"J. Zilly, J. Tani, Breandan Considine, Bhairav Mehta, Andrea F. Daniele, Manfred Diaz, Gianmarco Bernasconi, Claudio Ruch, J. Hakenberg, Florian Golemo, A. K. Bowser, Matthew R. Walter, R. Hristov, S. Mallya, Emilio Frazzoli, A. Censi, L. Paull","Despite recent breakthroughs, the ability of deep learning and reinforcement learning to outperform traditional approaches to control physically embodied robotic agents remains largely unproven. To help bridge this gap, we created the 'AI Driving Olympics' (AI-DO), a competition with the objective of evaluating the state of the art in machine learning and artificial intelligence for mobile robotics. Based on the simple and well specified autonomous driving and navigation environment called 'Duckietown', AI-DO includes a series of tasks of increasing complexity -- from simple lane-following to fleet management. For each task, we provide tools for competitors to use in the form of simulators, logs, code templates, baseline implementations and low-cost access to robotic hardware. We evaluate submissions in simulation online, on standardized hardware environments, and finally at the competition event. The first AI-DO, AI-DO 1, occurred at the Neural Information Processing Systems (NeurIPS) conference in December 2018. The results of AI-DO 1 highlight the need for better benchmarks, which are lacking in robotics, as well as improved mechanisms to bridge the gap between simulation and reality.",The NeurIPS '18 Competition,conference,2019,Computer Science,https://www.semanticscholar.org/paper/344ff00c12be11ae639918079ebb3a5594494f5f,final,2026-06-08,,,
A-0113,A,5bbb6f9a8204eb13070b6f033e61c84ef8ee68dd,Deep Reinforcement Learning from Human Preferences,"P. Christiano, Jan Leike, Tom B. Brown, Miljan Martic, S. Legg, Dario Amodei","For sophisticated reinforcement learning (RL) systems to interact usefully with real-world environments, we need to communicate complex goals to these systems. In this work, we explore goals defined in terms of (non-expert) human preferences between pairs of trajectory segments. We show that this approach can effectively solve complex RL tasks without access to the reward function, including Atari games and simulated robot locomotion, while providing feedback on less than one percent of our agent's interactions with the environment. This reduces the cost of human oversight far enough that it can be practically applied to state-of-the-art RL systems. To demonstrate the flexibility of our approach, we show that we can successfully train complex novel behaviors with about an hour of human time. These behaviors and environments are considerably more complex than any that have been previously learned from human feedback.",Neural Information Processing Systems,conference,2017,"Computer Science, Mathematics",https://www.semanticscholar.org/paper/5bbb6f9a8204eb13070b6f033e61c84ef8ee68dd,final,2026-06-08,,,
A-0114,A,88880d88073a99107bbc009c9f4a4197562e1e44,Safe Model-based Reinforcement Learning with Stability Guarantees,"Felix Berkenkamp, M. Turchetta, Angela P. Schoellig, Andreas Krause","Reinforcement learning is a powerful paradigm for learning optimal policies from experimental data. However, to find optimal policies, most reinforcement learning algorithms explore all possible actions, which may be harmful for real-world systems. As a consequence, learning algorithms are rarely applied on safety-critical systems in the real world. In this paper, we present a learning algorithm that explicitly considers safety, defined in terms of stability guarantees. Specifically, we extend control-theoretic results on Lyapunov stability verification and show how to use statistical models of the dynamics to obtain high-performance control policies with provable stability certificates. Moreover, under additional regularity assumptions in terms of a Gaussian process prior, we prove that one can effectively and safely collect data in order to learn about the dynamics and thus both improve control performance and expand the safe region of the state space. In our experiments, we show how the resulting algorithm can safely optimize a neural network policy on a simulated inverted pendulum, without the pendulum ever falling down.",Neural Information Processing Systems,conference,2017,"Computer Science, Mathematics, Engineering",https://www.semanticscholar.org/paper/88880d88073a99107bbc009c9f4a4197562e1e44,final,2026-06-08,,,
A-0115,A,e8e9125704edbcf73999f2f452fe4a701163d6b6,RETAIN: An Interpretable Predictive Model for Healthcare using Reverse Time Attention Mechanism,"E. Choi, M. T. Bahadori, Jimeng Sun, Joshua A. Kulas, A. Schuetz, W. Stewart","Accuracy and interpretability are two dominant features of successful predictive models. Typically, a choice must be made in favor of complex black box models such as recurrent neural networks (RNN) for accuracy versus less accurate but more interpretable traditional models such as logistic regression. This tradeoff poses challenges in medicine where both accuracy and interpretability are important. We addressed this challenge by developing the REverse Time AttentIoN model (RETAIN) for application to Electronic Health Records (EHR) data. RETAIN achieves high accuracy while remaining clinically interpretable and is based on a two-level neural attention model that detects influential past visits and significant clinical variables within those visits (e.g. key diagnoses). RETAIN mimics physician practice by attending the EHR data in a reverse time order so that recent clinical visits are likely to receive higher attention. RETAIN was tested on a large health system EHR dataset with 14 million visits completed by 263K patients over an 8 year period and demonstrated predictive accuracy and computational scalability comparable to state-of-the-art methods such as RNN, and ease of interpretability comparable to traditional models.",Neural Information Processing Systems,conference,2016,Computer Science,https://www.semanticscholar.org/paper/e8e9125704edbcf73999f2f452fe4a701163d6b6,final,2026-06-08,,,
A-0116,A,6a97d2668187965743d1b825b306defccbabbb4c,Improved Variational Inference with Inverse Autoregressive Flow,"Diederik P. Kingma, Tim Salimans, M. Welling","The framework of normalizing flows provides a general strategy for flexible variational inference of posteriors over latent variables. We propose a new type of normalizing flow, inverse autoregressive flow (IAF), that, in contrast to earlier published flows, scales well to high-dimensional latent spaces. The proposed flow consists of a chain of invertible transformations, where each transformation is based on an autoregressive neural network. In experiments, we show that IAF significantly improves upon diagonal Gaussian approximate posteriors. In addition, we demonstrate that a novel type of variational autoencoder, coupled with IAF, is competitive with neural autoregressive models in terms of attained log-likelihood on natural images, while allowing significantly faster synthesis.",Neural Information Processing Systems,conference,2016,"Computer Science, Mathematics",https://www.semanticscholar.org/paper/6a97d2668187965743d1b825b306defccbabbb4c,final,2026-06-08,,,
A-0117,A,0cfa8e90741899c8d844a1ec8802bcd8d4901783,Doubly Stochastic Variational Inference for Deep Gaussian Processes,"Hugh Salimbeni, M. Deisenroth","Gaussian processes (GPs) are a good choice for function approximation as they are flexible, robust to over-fitting, and provide well-calibrated predictive uncertainty. Deep Gaussian processes (DGPs) are multi-layer generalisations of GPs, but inference in these models has proved challenging. Existing approaches to inference in DGP models assume approximate posteriors that force independence between the layers, and do not work well in practice. We present a doubly stochastic variational inference algorithm, which does not force independence between layers. With our method of inference we demonstrate that a DGP model can be used effectively on data ranging in size from hundreds to a billion points. We provide strong empirical evidence that our inference scheme for DGPs works well in practice in both classification and regression.",Neural Information Processing Systems,conference,2017,"Computer Science, Mathematics",https://www.semanticscholar.org/paper/0cfa8e90741899c8d844a1ec8802bcd8d4901783,final,2026-06-08,,,
A-0118,A,ac1e78f637535830822d8439ee38f8e0d81cad14,Sparse Variational Inference: Bayesian Coresets from Scratch,"Trevor Campbell, Boyan Beronov","The proliferation of automated inference algorithms in Bayesian statistics has provided practitioners newfound access to fast, reproducible data analysis and powerful statistical models. Designing automated methods that are also both computationally scalable and theoretically sound, however, remains a significant challenge. Recent work on Bayesian coresets takes the approach of compressing the dataset before running a standard inference algorithm, providing both scalability and guarantees on posterior approximation error. But the automation of past coreset methods is limited because they depend on the availability of a reasonable coarse posterior approximation, which is difficult to specify in practice. In the present work we remove this requirement by formulating coreset construction as sparsity-constrained variational inference within an exponential family. This perspective leads to a novel construction via greedy optimization, and also provides a unifying information-geometric view of present and past methods. The proposed Riemannian coreset construction algorithm is fully automated, requiring no problem-specific inputs aside from the probabilistic model and dataset. In addition to being significantly easier to use than past methods, experiments demonstrate that past coreset constructions are fundamentally limited by the fixed coarse posterior approximation; in contrast, the proposed algorithm is able to continually improve the coreset, providing state-of-the-art Bayesian dataset summarization with orders-of-magnitude reduction in KL divergence to the exact posterior.",Neural Information Processing Systems,conference,2019,"Computer Science, Mathematics",https://www.semanticscholar.org/paper/ac1e78f637535830822d8439ee38f8e0d81cad14,final,2026-06-08,,,
A-0119,A,768f7353718c6d95f2d63f954f2236369a409135,Stein Variational Gradient Descent: A General Purpose Bayesian Inference Algorithm,"Qiang Liu, Dilin Wang","We propose a general purpose variational inference algorithm that forms a natural counterpart of gradient descent for optimization. Our method iteratively transports a set of particles to match the target distribution, by applying a form of functional gradient descent that minimizes the KL divergence. Empirical studies are performed on various real world models and datasets, on which our method is competitive with existing state-of-the-art methods. The derivation of our method is based on a new theoretical result that connects the derivative of KL divergence under smooth transforms with Stein's identity and a recently proposed kernelized Stein discrepancy, which is of independent interest.",Neural Information Processing Systems,conference,2016,"Mathematics, Computer Science",https://www.semanticscholar.org/paper/768f7353718c6d95f2d63f954f2236369a409135,final,2026-06-08,,,
A-0120,A,2f3a32cf2614bcdc8ab4792899ebbcdcba9b3884,Implicit Posterior Variational Inference for Deep Gaussian Processes,"Haibin Yu, Yizhou Chen, Zhongxiang Dai, K. H. Low, Patrick Jaillet","A multi-layer deep Gaussian process (DGP) model is a hierarchical composition of GP models with a greater expressive power. Exact DGP inference is intractable, which has motivated the recent development of deterministic and stochastic approximation methods. Unfortunately, the deterministic approximation methods yield a biased posterior belief while the stochastic one is computationally costly. This paper presents an implicit posterior variational inference (IPVI) framework for DGPs that can ideally recover an unbiased posterior belief and still preserve time efficiency. Inspired by generative adversarial networks, our IPVI framework achieves this by casting the DGP inference problem as a two-player game in which a Nash equilibrium, interestingly, coincides with an unbiased posterior belief. This consequently inspires us to devise a best-response dynamics algorithm to search for a Nash equilibrium (i.e., an unbiased posterior belief). Empirical evaluation shows that IPVI outperforms the state-of-the-art approximation methods for DGPs.",Neural Information Processing Systems,conference,2019,"Computer Science, Mathematics",https://www.semanticscholar.org/paper/2f3a32cf2614bcdc8ab4792899ebbcdcba9b3884,final,2026-06-08,,,
A-0121,A,269be06fb1312df934e8a867a7bf2069efb08527,Importance Weighting and Variational Inference,"Justin Domke, D. Sheldon","Recent work used importance sampling ideas for better variational bounds on likelihoods. We clarify the applicability of these ideas to pure probabilistic inference, by showing the resulting Importance Weighted Variational Inference (IWVI) technique is an instance of augmented variational inference, thus identifying the looseness in previous work. Experiments confirm IWVI's practicality for probabilistic inference. As a second contribution, we investigate inference with elliptical distributions, which improves accuracy in low dimensions, and convergence in high dimensions.",Neural Information Processing Systems,conference,2018,"Computer Science, Mathematics",https://www.semanticscholar.org/paper/269be06fb1312df934e8a867a7bf2069efb08527,final,2026-06-08,,,
A-0122,A,50103d09d065903c38b42e844a38f5fdb46b6a48,Universal Boosting Variational Inference,"Trevor Campbell, Xinglong Li","Boosting variational inference (BVI) approximates an intractable probability density by iteratively building up a mixture of simple component distributions one at a time, using techniques from sparse convex optimization to provide both computational scalability and approximation error guarantees. But the guarantees have strong conditions that do not often hold in practice, resulting in degenerate component optimization problems; and we show that the ad-hoc regularization used to prevent degeneracy in practice can cause BVI to fail in unintuitive ways. We thus develop universal boosting variational inference (UBVI), a BVI scheme that exploits the simple geometry of probability densities under the Hellinger metric to prevent the degeneracy of other gradient-based BVI methods, avoid difficult joint optimizations of both component and weight, and simplify fully-corrective weight optimizations. We show that for any target density and any mixture component family, the output of UBVI converges to the best possible approximation in the mixture family, even when the mixture family is misspecified. We develop a scalable implementation based on exponential family mixture components and standard stochastic optimization techniques. Finally, we discuss statistical benefits of the Hellinger distance as a variational objective through bounds on posterior probability, moment, and importance sampling errors. Experiments on multiple datasets and models show that UBVI provides reliable, accurate posterior approximations.",Neural Information Processing Systems,conference,2019,"Mathematics, Computer Science",https://www.semanticscholar.org/paper/50103d09d065903c38b42e844a38f5fdb46b6a48,final,2026-06-08,,,
A-0123,A,e652ecb05e973d3f559ea97b24c706fd596e750c,Provable Gradient Variance Guarantees for Black-Box Variational Inference,Justin Domke,"Recent variational inference methods use stochastic gradient estimators whose variance is not well understood. Theoretical guarantees for these estimators are important to understand when these methods will or will not work. This paper gives bounds for the common ""reparameterization"" estimators when the target is smooth and the variational family is a location-scale distribution. These bounds are unimprovable and thus provide the best possible guarantees under the stated assumptions.",Neural Information Processing Systems,conference,2019,"Computer Science, Mathematics",https://www.semanticscholar.org/paper/e652ecb05e973d3f559ea97b24c706fd596e750c,final,2026-06-08,,,
A-0124,A,7d562910a8099e8e3e77ada6d38bc608d352962f,Importance Weighted Hierarchical Variational Inference,"Artem Sobolev, D. Vetrov","Variational Inference is a powerful tool in the Bayesian modeling toolkit, however, its effectiveness is determined by the expressivity of the utilized variational distributions in terms of their ability to match the true posterior distribution. In turn, the expressivity of the variational family is largely limited by the requirement of having a tractable density function. To overcome this roadblock, we introduce a new family of variational upper bounds on a marginal log density in the case of hierarchical models (also known as latent variable models). We then give an upper bound on the Kullback-Leibler divergence and derive a family of increasingly tighter variational lower bounds on the otherwise intractable standard evidence lower bound for hierarchical variational distributions, enabling the use of more expressive approximate posteriors. We show that previously known methods, such as Hierarchical Variational Models, Semi-Implicit Variational Inference and Doubly Semi-Implicit Variational Inference can be seen as special cases of the proposed approach, and empirically demonstrate superior performance of the proposed method in a set of experiments.",Neural Information Processing Systems,conference,2019,"Computer Science, Mathematics",https://www.semanticscholar.org/paper/7d562910a8099e8e3e77ada6d38bc608d352962f,final,2026-06-08,,,
A-0125,A,b5d3e8776739a1b1a3853f00c97739c4bae7d52d,Walsh-Hadamard Variational Inference for Bayesian Deep Learning,"Simone Rossi, Sébastien Marmin, M. Filippone","Over-parameterized models, such as DeepNets and ConvNets, form a class of models that are routinely adopted in a wide variety of applications, and for which Bayesian inference is desirable but extremely challenging. Variational inference offers the tools to tackle this challenge in a scalable way and with some degree of flexibility on the approximation, but for over-parameterized models this is challenging due to the over-regularization property of the variational objective. Inspired by the literature on kernel methods, and in particular on structured approximations of distributions of random matrices, this paper proposes Walsh-Hadamard Variational Inference (WHVI), which uses Walsh-Hadamard-based factorization strategies to reduce the parameterization and accelerate computations, thus avoiding over-regularization issues with the variational objective. Extensive theoretical and empirical analyses demonstrate that WHVI yields considerable speedups and model reductions compared to other techniques to carry out approximate inference for over-parameterized models, and ultimately show how advances in kernel methods can be translated into advances in approximate Bayesian inference.",Neural Information Processing Systems,conference,2019,"Computer Science, Mathematics",https://www.semanticscholar.org/paper/b5d3e8776739a1b1a3853f00c97739c4bae7d52d,final,2026-06-08,,,
A-0126,A,0c73c7cf2558814a73779379477e1987f917c533,"Sticking the Landing: Simple, Lower-Variance Gradient Estimators for Variational Inference","Geoffrey Roeder, Yuhuai Wu, D. Duvenaud","We propose a simple and general variant of the standard reparameterized gradient estimator for the variational evidence lower bound. Specifically, we remove a part of the total derivative with respect to the variational parameters that corresponds to the score function. Removing this term produces an unbiased gradient estimator whose variance approaches zero as the approximate posterior approaches the exact posterior. We analyze the behavior of this gradient estimator theoretically and empirically, and generalize it to more complex variational distributions such as mixtures and importance-weighted posteriors.",Neural Information Processing Systems,conference,2017,"Mathematics, Computer Science",https://www.semanticscholar.org/paper/0c73c7cf2558814a73779379477e1987f917c533,final,2026-06-08,,,
A-0127,A,2bc3998a5d1ee880bf7568e8559f46610c813930,Structured Variational Inference in Continuous Cox Process Models,"Virginia Aglietti, Edwin V. Bonilla, T. Damoulas, Sally Cripps","We propose a scalable framework for inference in an inhomogeneous Poisson process modeled by a continuous sigmoidal Cox process that assumes the corresponding intensity function is given by a Gaussian process (GP) prior transformed with a scaled logistic sigmoid function. We present a tractable representation of the likelihood through augmentation with a superposition of Poisson processes. This view enables a structured variational approximation capturing dependencies across variables in the model. Our framework avoids discretization of the domain, does not require accurate numerical integration over the input space and is not limited to GPs with squared exponential kernels. We evaluate our approach on synthetic and real-world data showing that its benefits are particularly pronounced on multivariate input settings where it overcomes the limitations of mean-field methods and sampling schemes. We provide the state of-the-art in terms of speed, accuracy and uncertainty quantification trade-offs.",Neural Information Processing Systems,conference,2019,"Computer Science, Mathematics",https://www.semanticscholar.org/paper/2bc3998a5d1ee880bf7568e8559f46610c813930,final,2026-06-08,,,
A-0128,A,484d077fb121510674fc26c6c823b35cb7015d39,Variational Inference for Gaussian Process Models with Linear Complexity,"Ching-An Cheng, Byron Boots","Large-scale Gaussian process inference has long faced practical challenges due to time and space complexity that is superlinear in dataset size. While sparse variational Gaussian process models are capable of learning from large-scale data, standard strategies for sparsifying the model can prevent the approximation of complex functions. In this work, we propose a novel variational Gaussian process model that decouples the representation of mean and covariance functions in reproducing kernel Hilbert space. We show that this new parametrization generalizes previous models. Furthermore, it yields a variational inference problem that can be solved by stochastic gradient ascent with time and space complexity that is only linear in the number of mean function parameters, regardless of the choice of kernels, likelihoods, and inducing points. This strategy makes the adoption of large-scale expressive Gaussian process models possible. We run several experiments on regression tasks and show that this decoupled approach greatly outperforms previous sparse variational Gaussian process inference procedures.",Neural Information Processing Systems,conference,2017,"Computer Science, Mathematics",https://www.semanticscholar.org/paper/484d077fb121510674fc26c6c823b35cb7015d39,final,2026-06-08,,,
A-0129,A,2adbb4ebe704131db1aa60129570e371078a0bf6,Variational Inference with Tail-adaptive f-Divergence,"Dilin Wang, Hao Liu, Qiang Liu","Variational inference with α-divergences has been widely used in modern probabilistic machine learning. Compared to Kullback-Leibler (KL) divergence, a major advantage of using α-divergences (with positive α values) is their mass-covering property. However, estimating and optimizing α-divergences require to use importance sampling, which could have extremely large or infinite variances due to heavy tails of importance weights. In this paper, we propose a new class of tail-adaptive f-divergences that adaptively change the convex function f with the tail of the importance weights, in a way that theoretically guarantee finite moments, while simultaneously achieving mass-covering properties. We test our methods on Bayesian neural networks, as well as deep reinforcement learning in which our method is applied to improve a recent soft actor-critic (SAC) algorithm (Haarnoja et al., 2018). Our results show that our approach yields significant advantages compared with existing methods based on classical KL and α-divergences.",Neural Information Processing Systems,conference,2018,"Computer Science, Mathematics",https://www.semanticscholar.org/paper/2adbb4ebe704131db1aa60129570e371078a0bf6,final,2026-06-08,,,
A-0130,A,d23a712de3021aa8d58f7fdf227d890b1192e303,VIREL: A Variational Inference Framework for Reinforcement Learning,"M. Fellows, Anuj Mahajan, Tim G. J. Rudner, Shimon Whiteson","Applying probabilistic models to reinforcement learning (RL) enables the application of powerful optimisation tools such as variational inference to RL. However, existing inference frameworks and their algorithms pose significant challenges for learning optimal policies, e.g., the absence of mode capturing behaviour in pseudo-likelihood methods and difficulties learning deterministic policies in maximum entropy RL based approaches. We propose VIREL, a novel, theoretically grounded probabilistic inference framework for RL that utilises a parametrised action-value function to summarise future dynamics of the underlying MDP. This gives VIREL a mode-seeking form of KL divergence, the ability to learn deterministic optimal polices naturally from inference and the ability to optimise value functions and policies in separate, iterative steps. In applying variational expectation-maximisation to VIREL we thus show that the actor-critic algorithm can be reduced to expectation-maximisation, with policy improvement equivalent to an E-step and policy evaluation to an M-step. We then derive a family of actor-critic methods from VIREL, including a scheme for adaptive exploration. Finally, we demonstrate that actor-critic algorithms from this family outperform state-of-the-art methods based on soft value functions in several domains.",Neural Information Processing Systems,conference,2018,"Computer Science, Mathematics",https://www.semanticscholar.org/paper/d23a712de3021aa8d58f7fdf227d890b1192e303,final,2026-06-08,,,
A-0131,A,3c8a456509e6c0805354bd40a35e3f2dbf8069b1,"PyTorch: An Imperative Style, High-Performance Deep Learning Library","Adam Paszke, Sam Gross, Francisco Massa, Adam Lerer, James Bradbury, Gregory Chanan, Trevor Killeen, Zeming Lin, N. Gimelshein, L. Antiga, Alban Desmaison, Andreas Köpf, E. Yang, Zachary DeVito, Martin Raison, Alykhan Tejani, Sasank Chilamkurthy, Benoit Steiner, Lu Fang, Junjie Bai, Soumith Chintala","Deep learning frameworks have often focused on either usability or speed, but not both. PyTorch is a machine learning library that shows that these two goals are in fact compatible: it was designed from first principles to support an imperative and Pythonic programming style that supports code as a model, makes debugging easy and is consistent with other popular scientific computing libraries, while remaining efficient and supporting hardware accelerators such as GPUs. In this paper, we detail the principles that drove the implementation of PyTorch and how they are reflected in its architecture. We emphasize that every aspect of PyTorch is a regular Python program under the full control of its user. We also explain how the careful and pragmatic implementation of the key components of its runtime enables them to work together to achieve compelling performance. We demonstrate the efficiency of individual subsystems, as well as the overall speed of PyTorch on several commonly used benchmarks.",Neural Information Processing Systems,conference,2019,"Computer Science, Mathematics",https://www.semanticscholar.org/paper/3c8a456509e6c0805354bd40a35e3f2dbf8069b1,final,2026-06-08,,,
A-0132,A,ff7bcaa4556cb13fc7bf03e477172493546172cd,What Uncertainties Do We Need in Bayesian Deep Learning for Computer Vision?,"Alex Kendall, Y. Gal","There are two major types of uncertainty one can model. Aleatoric uncertainty captures noise inherent in the observations. On the other hand, epistemic uncertainty accounts for uncertainty in the model - uncertainty which can be explained away given enough data. Traditionally it has been difficult to model epistemic uncertainty in computer vision, but with new Bayesian deep learning tools this is now possible. We study the benefits of modeling epistemic vs. aleatoric uncertainty in Bayesian deep learning models for vision tasks. For this we present a Bayesian deep learning framework combining input-dependent aleatoric uncertainty together with epistemic uncertainty. We study models under the framework with per-pixel semantic segmentation and depth regression tasks. Further, our explicit uncertainty formulation leads to new loss functions for these tasks, which can be interpreted as learned attenuation. This makes the loss more robust to noisy data, also giving new state-of-the-art results on segmentation and depth regression benchmarks.",Neural Information Processing Systems,conference,2017,Computer Science,https://www.semanticscholar.org/paper/ff7bcaa4556cb13fc7bf03e477172493546172cd,final,2026-06-08,,,
A-0133,A,06a73ad09664435f8b3cd90293f4e05a047cf375,K-BERT: Enabling Language Representation with Knowledge Graph,"Weijie Liu, Peng Zhou, Zhe Zhao, Zhiruo Wang, Qi Ju, Haotang Deng, Ping Wang","Pre-trained language representation models, such as BERT, capture a general language representation from large-scale corpora, but lack domain-specific knowledge. When reading a domain text, experts make inferences with relevant knowledge. For machines to achieve this capability, we propose a knowledge-enabled language representation model (K-BERT) with knowledge graphs (KGs), in which triples are injected into the sentences as domain knowledge. However, too much knowledge incorporation may divert the sentence from its correct meaning, which is called knowledge noise (KN) issue. To overcome KN, K-BERT introduces soft-position and visible matrix to limit the impact of knowledge. K-BERT can easily inject domain knowledge into the models by being equipped with a KG without pre-training by itself because it is capable of loading model parameters from the pre-trained BERT. Our investigation reveals promising results in twelve NLP tasks. Especially in domain-specific tasks (including finance, law, and medicine), K-BERT significantly outperforms BERT, which demonstrates that K-BERT is an excellent choice for solving the knowledge-driven problems that require experts.",AAAI Conference on Artificial Intelligence,conference,2019,Computer Science,https://www.semanticscholar.org/paper/06a73ad09664435f8b3cd90293f4e05a047cf375,final,2026-06-08,,,
A-0134,A,0814336ef1be7eac6fc8f26ea19751fddee412db,Incorporating GAN for Negative Sampling in Knowledge Representation Learning,"Peifeng Wang, Shuangyin Li, Rong Pan","
 
 Knowledge representation learning aims at modeling knowledge graph by encoding entities and relations into a low dimensional space. Most of the traditional works for knowledge embedding need negative sampling to minimize a margin-based ranking loss. However, those works construct negative samples through a random mode, by which the samples are often too trivial to fit the model efficiently. In this paper, we propose a novel knowledge representation learning framework based on Generative Adversarial Networks (GAN). In this GAN-based framework, we take advantage of a generator to obtain high-quality negative samples. Meanwhile, the discriminator in GAN learns the embeddings of the entities and relations in knowledge graph. Thus, we can incorporate the proposed GAN-based framework into various traditional models to improve the ability of knowledge representation learning. Experimental results show that our proposed GAN-based framework outperforms baselines on triplets classification and link prediction tasks.
 
",AAAI Conference on Artificial Intelligence,conference,2018,Computer Science,https://www.semanticscholar.org/paper/0814336ef1be7eac6fc8f26ea19751fddee412db,final,2026-06-08,,,
A-0135,A,3964967204dd45bd2d0ee5c5b56dad0c21b37178,Does William Shakespeare REALLY Write Hamlet? Knowledge Representation Learning with Confidence,"Ruobing Xie, Zhiyuan Liu, Maosong Sun","
 
 Knowledge graphs (KGs), which could provide essential relational information between entities, have been widely utilized in various knowledge-driven applications. Since the overall human knowledge is innumerable that still grows explosively and changes frequently, knowledge construction and update inevitably involve automatic mechanisms with less human supervision, which usually bring in plenty of noises and conflicts to KGs. However, most conventional knowledge representation learning methods assume that all triple facts in existing KGs share the same significance without any noises. To address this problem, we propose a novel confidence-aware knowledge representation learning framework (CKRL), which detects possible noises in KGs while learning knowledge representations with confidence simultaneously. Specifically, we introduce the triple confidence to conventional translation-based methods for knowledge representation learning. To make triple confidence more flexible and universal, we only utilize the internal structural information in KGs, and propose three kinds of triple confidences considering both local and global structural information. In experiments, We evaluate our models on knowledge graph noise detection, knowledge graph completion and triple classification. Experimental results demonstrate that our confidence-aware models achieve significant and consistent improvements on all tasks, which confirms the capability of CKRL modeling confidence with structural information in both KG noise detection and knowledge representation learning.
 
",AAAI Conference on Artificial Intelligence,conference,2017,Computer Science,https://www.semanticscholar.org/paper/3964967204dd45bd2d0ee5c5b56dad0c21b37178,final,2026-06-08,,,
A-0136,A,96acb1c882ad655c6b8459c2cd331803801446ca,Representation Learning of Knowledge Graphs with Entity Descriptions,"Ruobing Xie, Zhiyuan Liu, Jia Jia, Huanbo Luan, Maosong Sun","
 
 Representation learning (RL) of knowledge graphs aims to project both entities and relations into a continuous low-dimensional space. Most methods concentrate on learning representations with knowledge triples indicating relations between entities. In fact, in most knowledge graphs there are usually concise descriptions for entities, which cannot be well utilized by existing methods. In this paper, we propose a novel RL method for knowledge graphs taking advantages of entity descriptions. More specifically, we explore two encoders, including continuous bag-of-words and deep convolutional neural models to encode semantics of entity descriptions. We further learn knowledge representations with both triples and descriptions. We evaluate our method on two tasks, including knowledge graph completion and entity classification. Experimental results on real-world datasets show that, our method outperforms other baselines on the two tasks, especially under the zero-shot setting, which indicates that our method is capable of building representations for novel entities according to their descriptions. The source code of this paper can be obtained from https://github.com/xrb92/DKRL.
 
",AAAI Conference on Artificial Intelligence,conference,2016,Computer Science,https://www.semanticscholar.org/paper/96acb1c882ad655c6b8459c2cd331803801446ca,final,2026-06-08,,,
A-0137,A,ebcaee68bdbad2758fcf498b23ded232c1e3df57,Rule-Guided Compositional Representation Learning on Knowledge Graphs,"Guanglin Niu, Yongfei Zhang, Bo Li, Peng Cui, Si Liu, Jingyang Li, Xiaowei Zhang","Representation learning on a knowledge graph (KG) is to embed entities and relations of a KG into low-dimensional continuous vector spaces. Early KG embedding methods only pay attention to structured information encoded in triples, which would cause limited performance due to the structure sparseness of KGs. Some recent attempts consider paths information to expand the structure of KGs but lack explainability in the process of obtaining the path representations. In this paper, we propose a novel Rule and Path-based Joint Embedding (RPJE) scheme, which takes full advantage of the explainability and accuracy of logic rules, the generalization of KG embedding as well as the supplementary semantic structure of paths. Specifically, logic rules of different lengths (the number of relations in rule body) in the form of Horn clauses are first mined from the KG and elaborately encoded for representation learning. Then, the rules of length 2 are applied to compose paths accurately while the rules of length 1 are explicitly employed to create semantic associations among relations and constrain relation embeddings. Moreover, the confidence level of each rule is also considered in optimization to guarantee the availability of applying the rule to representation learning. Extensive experimental results illustrate that RPJE outperforms other state-of-the-art baselines on KG completion task, which also demonstrate the superiority of utilizing logic rules as well as paths for improving the accuracy and explainability of representation learning.",AAAI Conference on Artificial Intelligence,conference,2019,Computer Science,https://www.semanticscholar.org/paper/ebcaee68bdbad2758fcf498b23ded232c1e3df57,final,2026-06-08,,,
A-0138,A,b41df3236875d0df0620be7a420914adf8a9ee5b,Wasserstein Distance Guided Representation Learning for Domain Adaptation,"Jian Shen, Yanru Qu, Weinan Zhang, Yong Yu","
 
 Domain adaptation aims at generalizing a high-performance learner on a target domain via utilizing the knowledge distilled from a source domain which has a different but related data distribution. One solution to domain adaptation is to learn domain invariant feature representations while the learned representations should also be discriminative in prediction. To learn such representations, domain adaptation frameworks usually include a domain invariant representation learning approach to measure and reduce the domain discrepancy, as well as a discriminator for classification. Inspired by Wasserstein GAN, in this paper we propose a novel approach to learn domain invariant feature representations, namely Wasserstein Distance Guided Representation Learning (WDGRL). WDGRL utilizes a neural network, denoted by the domain critic, to estimate empirical Wasserstein distance between the source and target samples and optimizes the feature extractor network to minimize the estimated Wasserstein distance in an adversarial manner. The theoretical advantages of Wasserstein distance for domain adaptation lie in its gradient property and promising generalization bound. Empirical studies on common sentiment and image classification adaptation datasets demonstrate that our proposed WDGRL outperforms the state-of-the-art domain invariant representation learning approaches.
 
",AAAI Conference on Artificial Intelligence,conference,2017,"Mathematics, Computer Science",https://www.semanticscholar.org/paper/b41df3236875d0df0620be7a420914adf8a9ee5b,final,2026-06-08,,,
A-0139,A,9cfd8330e20693e2427ae13358533ff24889c8a8,An Abstract View on Modularity in Knowledge Representation,"Yuliya Lierler, M. Truszczynski","
 
 Modularity is an essential aspect of knowledge representation theory and practice. It has received substantial attention. We introduce model-based modular systems, an abstract framework for modular knowledge representation formalisms, similar in scope to multi-context systems but employing a simpler information-flow mechanism. We establish the precise relationship between the two frameworks, showing that they can simulate each other. We demonstrate that recently introduced modular knowledge representation formalisms integrating logic programming with satisfiability and, more generally, with constraint satisfaction can be cast as modular systems in our sense. These results show that our formalism offers a simple unifying framework for studies of modularity in knowledge representation.
 
",AAAI Conference on Artificial Intelligence,conference,2015,Computer Science,https://www.semanticscholar.org/paper/9cfd8330e20693e2427ae13358533ff24889c8a8,final,2026-06-08,,,
A-0140,A,8d3fa138edb726111dcec9d13e4777358b8aceb2,Knowledge Representation and Reasoning: What's Hot,"Chitta Baral, Giuseppe De Giacomo","
 
 This is an extended abstract about what is  hot in the field of Knowledge Representation and Reasoning.
 
",AAAI Conference on Artificial Intelligence,conference,2015,Computer Science,https://www.semanticscholar.org/paper/8d3fa138edb726111dcec9d13e4777358b8aceb2,final,2026-06-08,,,
A-0141,A,bac4da4036d2b04150e7c803ab66b859baf6b0c4,Implanting Rational Knowledge into Distributed Representation at Morpheme Level,"Zi Lin, Y. Liu","Previously, researchers paid no attention to the creation of unambiguous morpheme embeddings independent from the corpus, while such information plays an important role in expressing the exact meanings of words for parataxis languages like Chinese. In this paper, after constructing the Chinese lexical and semantic ontology based on word-formation, we propose a novel approach to implanting the structured rational knowledge into distributed representation at morpheme level, naturally avoiding heavy disambiguation in the corpus. We design a template to create the instances as pseudo-sentences merely from the pieces of knowledge of morphemes built in the lexicon. To exploit hierarchical information and tackle the data sparseness problem, the instance proliferation technique is applied based on similarity to expand the collection of pseudo-sentences. The distributed representation for morphemes can then be trained on these pseudo-sentences using word2vec. For evaluation, we validate the paradigmatic and syntagmatic relations of morpheme embeddings, and apply the obtained embeddings to word similarity measurement, achieving significant improvements over the classical models by more than 5 Spearman scores or 8 percentage points, which shows very promising prospects for adoption of the new source of knowledge.",AAAI Conference on Artificial Intelligence,conference,2018,Computer Science,https://www.semanticscholar.org/paper/bac4da4036d2b04150e7c803ab66b859baf6b0c4,final,2026-06-08,,,
A-0142,A,d378e6cae0c6fc86718a41fd89efb8426c3ae718,A Knowledge Representation that Models Memory in Narrative Comprehension,"R. E. Cardona-Rivera, R. Young","
 
 We present work toward computationally defining a model of narrative comprehension vis-à-vis memory of narrative events, via an automated planning knowledge representation, capable of being used in a narrative generation context.
 
",AAAI Conference on Artificial Intelligence,conference,2014,Computer Science,https://www.semanticscholar.org/paper/d378e6cae0c6fc86718a41fd89efb8426c3ae718,final,2026-06-08,,,
A-0143,A,fe16bc28bb5b08fe7ff14011ae43a4506c3646df,Semantic Relationships Guided Representation Learning for Facial Action Unit Recognition,"Guanbin Li, Xin Zhu, Yirui Zeng, Qing Wang, Liang Lin","Facial action unit (AU) recognition is a crucial task for facial expressions analysis and has attracted extensive attention in the field of artificial intelligence and computer vision. Existing works have either focused on designing or learning complex regional feature representations, or delved into various types of AU relationship modeling. Albeit with varying degrees of progress, it is still arduous for existing methods to handle complex situations. In this paper, we investigate how to integrate the semantic relationship propagation between AUs in a deep neural network framework to enhance the feature representation of facial regions, and propose an AU semantic relationship embedded representation learning (SRERL) framework. Specifically, by analyzing the symbiosis and mutual exclusion of AUs in various facial expressions, we organize the facial AUs in the form of structured knowledge-graph and integrate a Gated Graph Neural Network (GGNN) in a multi-scale CNN framework to propagate node information through the graph for generating enhanced AU representation. As the learned feature involves both the appearance characteristics and the AU relationship reasoning, the proposed model is more robust and can cope with more challenging cases, e.g., illumination change and partial occlusion. Extensive experiments on the two public benchmarks demonstrate that our method outperforms the previous work and achieves state of the art performance.",AAAI Conference on Artificial Intelligence,conference,2019,Computer Science,https://www.semanticscholar.org/paper/fe16bc28bb5b08fe7ff14011ae43a4506c3646df,final,2026-06-08,,,
A-0144,A,693dcbf7a78dc80c9d36eaf968625810655e4e0b,Graph-Based Reasoning over Heterogeneous External Knowledge for Commonsense Question Answering,"Shangwen Lv, Daya Guo, Jingjing Xu, Duyu Tang, Nan Duan, Ming Gong, Linjun Shou, Daxin Jiang, Guihong Cao, Songlin Hu","Commonsense question answering aims to answer questions which require background knowledge that is not explicitly expressed in the question. The key challenge is how to obtain evidence from external knowledge and make predictions based on the evidence. Recent studies either learn to generate evidence from human-annotated evidence which is expensive to collect, or extract evidence from either structured or unstructured knowledge bases which fails to take advantages of both sources simultaneously. In this work, we propose to automatically extract evidence from heterogeneous knowledge sources, and answer questions based on the extracted evidence. Specifically, we extract evidence from both structured knowledge base (i.e. ConceptNet) and Wikipedia plain texts. We construct graphs for both sources to obtain the relational structures of evidence. Based on these graphs, we propose a graph-based approach consisting of a graph-based contextual word representation learning module and a graph-based inference module. The first module utilizes graph structural information to re-define the distance between words for learning better contextual word representations. The second module adopts graph convolutional network to encode neighbor information into the representations of nodes, and aggregates evidence with graph attention mechanism for predicting the final answer. Experimental results on CommonsenseQA dataset illustrate that our graph-based approach over both knowledge sources brings improvement over strong baselines. Our approach achieves the state-of-the-art accuracy (75.3%) on the CommonsenseQA dataset.",AAAI Conference on Artificial Intelligence,conference,2019,Computer Science,https://www.semanticscholar.org/paper/693dcbf7a78dc80c9d36eaf968625810655e4e0b,final,2026-06-08,,,
A-0145,A,ca1b417cf0f7906b52851e650ee0c7b9f85a5089,Graph Few-shot Learning via Knowledge Transfer,"Huaxiu Yao, Chuxu Zhang, Ying Wei, Meng Jiang, Suhang Wang, Junzhou Huang, N. Chawla, Z. Li","Towards the challenging problem of semi-supervised node classification, there have been extensive studies. As a frontier, Graph Neural Networks (GNNs) have aroused great interest recently, which update the representation of each node by aggregating information of its neighbors. However, most GNNs have shallow layers with a limited receptive field and may not achieve satisfactory performance especially when the number of labeled nodes is quite small. To address this challenge, we innovatively propose a graph few-shot learning (GFL) algorithm that incorporates prior knowledge learned from auxiliary graphs to improve classification accuracy on the target graph. Specifically, a transferable metric space characterized by a node embedding and a graph-specific prototype embedding function is shared between auxiliary graphs and the target, facilitating the transfer of structural knowledge. Extensive experiments and ablation studies on four real-world graph datasets demonstrate the effectiveness of our proposed model and the contribution of each component.",AAAI Conference on Artificial Intelligence,conference,2019,"Computer Science, Mathematics",https://www.semanticscholar.org/paper/ca1b417cf0f7906b52851e650ee0c7b9f85a5089,final,2026-06-08,,,
A-0146,A,628e570a6e992d68f141a2533cb9b3f6d994c7ad,Commonsense Knowledge Base Completion with Structural and Semantic Context,"Chaitanya Malaviya, Chandra Bhagavatula, Antoine Bosselut, Yejin Choi","Automatic KB completion for commonsense knowledge graphs (e.g., ATOMIC and ConceptNet) poses unique challenges compared to the much studied conventional knowledge bases (e.g., Freebase). Commonsense knowledge graphs use free-form text to represent nodes, resulting in orders of magnitude more nodes compared to conventional KBs ( ∼18x more nodes in ATOMIC compared to Freebase (FB15K-237)). Importantly, this implies significantly sparser graph structures — a major challenge for existing KB completion methods that assume densely connected graphs over a relatively smaller set of nodes.In this paper, we present novel KB completion models that can address these challenges by exploiting the structural and semantic context of nodes. Specifically, we investigate two key ideas: (1) learning from local graph structure, using graph convolutional networks and automatic graph densification and (2) transfer learning from pre-trained language models to knowledge graphs for enhanced contextual representation of knowledge. We describe our method to incorporate information from both these sources in a joint model and provide the first empirical results for KB completion on ATOMIC and evaluation with ranking metrics on ConceptNet. Our results demonstrate the effectiveness of language model representations in boosting link prediction performance and the advantages of learning from local graph structure (+1.5 points in MRR for ConceptNet) when training on subgraphs for computational efficiency. Further analysis on model predictions shines light on the types of commonsense knowledge that language models capture well.",AAAI Conference on Artificial Intelligence,conference,2019,Computer Science,https://www.semanticscholar.org/paper/628e570a6e992d68f141a2533cb9b3f6d994c7ad,final,2026-06-08,,,
A-0147,A,95ff96d5e5dd4d94b36f86da0b8c8298821d44df,Deep Short Text Classification with Knowledge Powered Attention,"Jindong Chen, Yizhou Hu, Jingping Liu, Yanghua Xiao, Haiyun Jiang","Short text classification is one of important tasks in Natural Language Processing (NLP). Unlike paragraphs or documents, short texts are more ambiguous since they have not enough contextual information, which poses a great challenge for classification. In this paper, we retrieve knowledge from external knowledge source to enhance the semantic representation of short texts. We take conceptual information as a kind of knowledge and incorporate it into deep neural networks. For the purpose of measuring the importance of knowledge, we introduce attention mechanisms and propose deep Short Text Classification with Knowledge powered Attention (STCKA). We utilize Concept towards Short Text (CST) attention and Concept towards Concept Set (C-CS) attention to acquire the weight of concepts from two aspects. And we classify a short text with the help of conceptual information. Unlike traditional approaches, our model acts like a human being who has intrinsic ability to make decisions based on observation (i.e., training data for machines) and pays more attention to important knowledge. We also conduct extensive experiments on four public datasets for different tasks. The experimental results and case studies show that our model outperforms the state-of-the-art methods, justifying the effectiveness of knowledge powered attention.",AAAI Conference on Artificial Intelligence,conference,2019,Computer Science,https://www.semanticscholar.org/paper/95ff96d5e5dd4d94b36f86da0b8c8298821d44df,final,2026-06-08,,,
A-0148,A,083b9fd0f36528eb7ca35786ba5fb0149adc7727,Neural Knowledge Acquisition via Mutual Attention Between Knowledge Graph and Text,"Xu Han, Zhiyuan Liu, Maosong Sun","
 
 We propose a general joint representation learning framework for knowledge acquisition (KA) on two tasks, knowledge graph completion (KGC) and relation extraction (RE) from text. In this framework, we learn representations of knowledge graphs (KGs) and text within a unified parameter sharing semantic space. To achieve better fusion, we propose an effective mutual attention between KGs and text. The reciprocal attention mechanism enables us to highlight important features and perform better KGC and RE. Different from conventional joint models, no complicated linguistic analysis or strict alignments between KGs and text are required to train our models. Experiments on relation extraction and entity link prediction show that models trained under our joint framework are significantly improved in comparison with other baselines. Most existing methods for KGC and RE can be easily integrated into our framework due to its flexible architectures. The source code of this paper can be obtained from https://github.com/thunlp/JointNRE.
 
",AAAI Conference on Artificial Intelligence,conference,2018,Computer Science,https://www.semanticscholar.org/paper/083b9fd0f36528eb7ca35786ba5fb0149adc7727,final,2026-06-08,,,
A-0149,A,7dfdea9ce42f12c1bb55431dc5ff512a21405e33,Knowledge Representation Issues in Semantic Graphs for Relationship Detection,"M. Barthelemy, E. Chow, Tina Eliassi-Rad","Biodefense Knowledge Center, Lawrence Livermore National Laboratory.An important task for Homeland Security is the prediction of threat vulnerabilities, such as through the de-tection of relationships between seemingly disjoint entities. A structure used for this task is a semantic graph,also known as a relational data graph or an attributed relational graph. These graphs encode relationships astyped links between a pair of typed nodes. Indeed, semantic graphs are very similar to semantic networks usedin AI. The node and link types are related through an ontology graph (also known as a schema). Furthermore,each node has a set of attributes associated with it (e.g., “age” may be an attribute of a node of type “person”).Unfortunately, the selection of types and attributes for both nodes and links depends on human expertise and issomewhat subjective and even arbitrary. This subjectiveness introduces biases into any algorithm that operateson semantic graphs. Here, we raise some knowledge representation issues for semantic graphs and providesome possible solutions using recently developed ideas in the ﬁeld of complex networks. In particular, we usethe concept of transitivity to evaluate the relevance of individual links in the semantic graph for detecting rela-tionships. We also propose new statistical measures for semantic graphs and illustrate these semantic measureson graphs constructed from movies and terrorism data.I. INTRODUCTION",AAAI Spring Symposium: AI Technologies for Homeland Security,conference,2005,"Computer Science, Physics",https://www.semanticscholar.org/paper/7dfdea9ce42f12c1bb55431dc5ff512a21405e33,final,2026-06-08,,,
A-0150,A,435642641312364e45f4989fac0901b205c49d53,Face Model Compression by Distilling Knowledge from Neurons,"Ping Luo, Zhenyao Zhu, Ziwei Liu, Xiaogang Wang, Xiaoou Tang","
 
 The recent advanced face recognition systems werebuilt on large Deep Neural Networks (DNNs) or theirensembles, which have millions of parameters. However, the expensive computation of DNNs make theirdeployment difficult on mobile and embedded devices. This work addresses model compression for face recognition,where the learned knowledge of a large teachernetwork or its ensemble is utilized as supervisionto train a compact student network. Unlike previousworks that represent the knowledge by the soften labelprobabilities, which are difficult to fit, we represent theknowledge by using the neurons at the higher hiddenlayer, which preserve as much information as the label probabilities, but are more compact. By leveragingthe essential characteristics (domain knowledge) of thelearned face representation, a neuron selection methodis proposed to choose neurons that are most relevant toface recognition. Using the selected neurons as supervisionto mimic the single networks of DeepID2+ andDeepID3, which are the state-of-the-art face recognition systems, a compact student with simple network structure achieves better verification accuracy on LFW than its teachers, respectively. When using an ensemble of DeepID2+ as teacher, a mimicked student is able to outperform it and achieves 51.6 times compression ratio and 90 times speed-up in inference, making this cumbersome model applicable on portable devices.
 
",AAAI Conference on Artificial Intelligence,conference,2016,Computer Science,https://www.semanticscholar.org/paper/435642641312364e45f4989fac0901b205c49d53,final,2026-06-08,,,
A-0151,A,a5c8449b37e26d1fc9f29c0daf6a4a65dec243c0,Modeling Temporal Tonal Relations in Polyphonic Music Through Deep Networks With a Novel Image-Based Representation,"C. Chuan, Dorien Herremans","
 
 We propose an end-to-end approach for modeling polyphonic music with a novel graphical representation, based on music theory, in a deep neural network. Despite the success of deep learning in various applications, it remains a challenge to incorporate existing domain knowledge in a network without affecting its training routines. In this paper we present a novel approach for predictive music modeling and music generation that incorporates domain knowledge in its representation. In this work, music is transformed into a 2D representation, inspired by tonnetz from music theory, which graphically encodes musical relationships between pitches. This representation is incorporated in a deep network structure consisting of multilayered convolutional neural networks (CNN, for learning an efficient abstract encoding of the representation) and recurrent neural networks with long short-term memory cells (LSTM, for capturing temporal dependencies in music sequences). We empirically evaluate the nature and the effectiveness of the network by using a dataset of classical music from various composers. We investigate the effect of parameters including the number of convolution feature maps, pooling strategies, and three configurations of the network: LSTM without CNN, LSTM with CNN (pre-trained vs. not pre-trained). Visualizations of the feature maps and filters in the CNN are explored, and a comparison is made between the proposed tonnetz-inspired representation and pianoroll, a commonly used representation of music in computational systems. Experimental results show that the tonnetz representation produces musical sequences that are more tonally stable and contain more repeated patterns than sequences generated by pianoroll-based models, a finding that is directly useful for tackling current challenges in music and AI such as smart music generation.
 
",AAAI Conference on Artificial Intelligence,conference,2018,Computer Science,https://www.semanticscholar.org/paper/a5c8449b37e26d1fc9f29c0daf6a4a65dec243c0,final,2026-06-08,,,
A-0152,A,d4ea9602c6ae0c14db4a25336cc502dee9d0e8e5,Improving Knowledge-aware Dialogue Generation via Knowledge Base Question Answering,"Jian Wang, Junhao Liu, Wei Bi, Xiaojiang Liu, Kejing He, Ruifeng Xu, Min Yang","Neural network models usually suffer from the challenge of incorporating commonsense knowledge into the open-domain dialogue systems. In this paper, we propose a novel knowledge-aware dialogue generation model (called TransDG), which transfers question representation and knowledge matching abilities from knowledge base question answering (KBQA) task to facilitate the utterance understanding and factual knowledge selection for dialogue generation. In addition, we propose a response guiding attention and a multi-step decoding strategy to steer our model to focus on relevant features for response generation. Experiments on two benchmark datasets demonstrate that our model has robust superiority over compared methods in generating informative and fluent dialogues. Our code is available at https://github.com/siat-nlp/TransDG.",AAAI Conference on Artificial Intelligence,conference,2019,Computer Science,https://www.semanticscholar.org/paper/d4ea9602c6ae0c14db4a25336cc502dee9d0e8e5,final,2026-06-08,,,
A-0153,A,747b17ab5ad0fd47d1c1642402f1cdd97e76b1c9,Incorporating Knowledge Graph Embeddings into Topic Modeling,"Liang Yao, Yin Zhang, Baogang Wei, Zhe Jin, Rui Zhang, Yangyang Zhang, Qinfei Chen","
 
 Probabilistic topic models could be used to extract low-dimension topics from document collections. However, such models without any human knowledge often produce topics that are not interpretable. In recent years, a number of knowledge-based topic models have been proposed, but they could not process fact-oriented triple knowledge in knowledge graphs. Knowledge graph embeddings, on the other hand, automatically capture relations between entities in knowledge graphs. In this paper, we propose a novel knowledge-based topic model by incorporating knowledge graph embeddings into topic modeling. By combining latent Dirichlet allocation, a widely used topic model with knowledge encoded by entity vectors, we improve the semantic coherence significantly and capture a better representation of a document in the topic space. Our evaluation results will demonstrate the effectiveness of our method.
 
",AAAI Conference on Artificial Intelligence,conference,2017,Computer Science,https://www.semanticscholar.org/paper/747b17ab5ad0fd47d1c1642402f1cdd97e76b1c9,final,2026-06-08,,,
A-0154,A,45f0115613b9c79572af9365daafc58bede9851e,Acquiring Common Sense Spatial Knowledge through Implicit Spatial Templates,"Guillem Collell, L. Gool, Marie-Francine Moens","
 
 Spatial understanding is a fundamental problem with wide-reaching real-world applications. The representation of spatial knowledge is often modeled with spatial templates, i.e., regions of acceptability of two objects under an explicit spatial relationship (e.g., ""on,"" ""below,"" etc.). In contrast with prior work that restricts spatial templates to explicit spatial prepositions (e.g., ""glass on table""), here we extend this concept to implicit spatial language, i.e., those relationships (generally actions) for which the spatial arrangement of the objects is only implicitly implied (e.g., ""man riding horse""). In contrast with explicit relationships, predicting spatial arrangements from implicit spatial language requires significant common sense spatial understanding. Here, we introduce the task of predicting spatial templates for two objects under a relationship, which can be seen as a spatial question-answering task with a (2D) continuous output (""where is the man w.r.t. a horse when the man is walking the horse?""). We present two simple neural-based models that leverage annotated images and structured text to learn this task. The good performance of these models reveals that spatial locations are to a large extent predictable from implicit spatial language. Crucially, the models attain similar performance in a challenging generalized setting, where the object-relation-object combinations (e.g., ""man walking dog"") have never been seen before. Next, we go one step further by presenting the models with unseen objects (e.g., ""dog""). In this scenario, we show that leveraging word embeddings enables the models to output accurate spatial predictions, proving that the models acquire solid common sense spatial knowledge allowing for such generalization.
 
",AAAI Conference on Artificial Intelligence,conference,2017,"Computer Science, Mathematics",https://www.semanticscholar.org/paper/45f0115613b9c79572af9365daafc58bede9851e,final,2026-06-08,,,
A-0155,A,586cd05d16b1d62626a904f629d45d78ac21e360,Declarative Question Answering over Knowledge Bases containing Natural Language Text with Answer Set Programming,"Arindam Mitra, Peter Clark, Oyvind Tafjord, Chitta Baral","While in recent years machine learning (ML) based approaches have been the popular approach in developing endto-end question answering systems, such systems often struggle when additional knowledge is needed to correctly answer the questions. Proposed alternatives involve translating the question and the natural language text to a logical representation and then use logical reasoning. However, this alternative falters when the size of the text gets bigger. To address this we propose an approach that does logical reasoning over premises written in natural language text. The proposed method uses recent features of Answer Set Programming (ASP) to call external NLP modules (which may be based on ML) which perform simple textual entailment. To test our approach we develop a corpus based on the life cycle questions and showed that Our system achieves up to 18% performance gain when compared to standard MCQ solvers.",AAAI Conference on Artificial Intelligence,conference,2019,Computer Science,https://www.semanticscholar.org/paper/586cd05d16b1d62626a904f629d45d78ac21e360,final,2026-06-08,,,
A-0156,A,6017e81c5ede6c38b306a3df9738aeb04baa7619,Graph Convolutional Networks for Text Classification,"Liang Yao, Chengsheng Mao, Yuan Luo","Text classification is an important and classical problem in natural language processing. There have been a number of studies that applied convolutional neural networks (convolution on regular grid, e.g., sequence) to classification. However, only a limited number of studies have explored the more flexible graph convolutional neural networks (convolution on non-grid, e.g., arbitrary graph) for the task. In this work, we propose to use graph convolutional networks for text classification. We build a single text graph for a corpus based on word co-occurrence and document word relations, then learn a Text Graph Convolutional Network (Text GCN) for the corpus. Our Text GCN is initialized with one-hot representation for word and document, it then jointly learns the embeddings for both words and documents, as supervised by the known class labels for documents. Our experimental results on multiple benchmark datasets demonstrate that a vanilla Text GCN without any external word embeddings or knowledge outperforms state-of-the-art methods for text classification. On the other hand, Text GCN also learns predictive word and document embeddings. In addition, experimental results show that the improvement of Text GCN over state-of-the-art comparison methods become more prominent as we lower the percentage of training data, suggesting the robustness of Text GCN to less training data in text classification.",AAAI Conference on Artificial Intelligence,conference,2018,Computer Science,https://www.semanticscholar.org/paper/6017e81c5ede6c38b306a3df9738aeb04baa7619,final,2026-06-08,,,
A-0157,A,362e416c5f55b056a6c5930d55d8e3588efce9b9,EvolveGCN: Evolving Graph Convolutional Networks for Dynamic Graphs,"A. Pareja, Giacomo Domeniconi, Jie Chen, Tengfei Ma, T. Suzumura, H. Kanezashi, Tim Kaler, Charles E. Leisersen","Graph representation learning resurges as a trending research subject owing to the widespread use of deep learning for Euclidean data, which inspire various creative designs of neural networks in the non-Euclidean domain, particularly graphs. With the success of these graph neural networks (GNN) in the static setting, we approach further practical scenarios where the graph dynamically evolves. Existing approaches typically resort to node embeddings and use a recurrent neural network (RNN, broadly speaking) to regulate the embeddings and learn the temporal dynamics. These methods require the knowledge of a node in the full time span (including both training and testing) and are less applicable to the frequent change of the node set. In some extreme scenarios, the node sets at different time steps may completely differ. To resolve this challenge, we propose EvolveGCN, which adapts the graph convolutional network (GCN) model along the temporal dimension without resorting to node embeddings. The proposed approach captures the dynamism of the graph sequence through using an RNN to evolve the GCN parameters. Two architectures are considered for the parameter evolution. We evaluate the proposed approach on tasks including link prediction, edge classification, and node classification. The experimental results indicate a generally higher performance of EvolveGCN compared with related approaches. The code is available at https://github.com/IBM/EvolveGCN.",AAAI Conference on Artificial Intelligence,conference,2019,"Computer Science, Mathematics",https://www.semanticscholar.org/paper/362e416c5f55b056a6c5930d55d8e3588efce9b9,final,2026-06-08,,,
A-0158,A,473c8de3c4c3a3ad73aad21a0848704527095adb,Conditional PSDDs: Modeling and Learning With Modular Knowledge,"Yujia Shen, Arthur Choi, Adnan Darwiche","
 
 Probabilistic Sentential Decision Diagrams (PSDDs) have been proposed for learning tractable probability distributions from a combination of data and background knowledge (in the form of Boolean constraints). In this paper, we propose a variant on PSDDs, called conditional PSDDs, for representing a family of distributions that are conditioned on the same set of variables. Conditional PSDDs can also be learned from a combination of data and (modular) background knowledge. We use conditional PSDDs to define a more structured version of Bayesian networks, in which nodes can have an exponential number of states, hence expanding the scope of domains where Bayesian networks can be applied. Compared to classical PSDDs, the new representation exploits the independencies captured by a Bayesian network to decompose the learning process into localized learning tasks, which enables the learning of better models while using less computation. We illustrate the promise of conditional PSDDs and structured Bayesian networks empirically, and by providing a case study to the modeling of distributions over routes on a map.
 
",AAAI Conference on Artificial Intelligence,conference,2018,Computer Science,https://www.semanticscholar.org/paper/473c8de3c4c3a3ad73aad21a0848704527095adb,final,2026-06-08,,,
A-0159,A,a3153f1a3d47a6f2612c5ef03f00533b55617eb2,Task-Specific Representation Learning for Web-Scale Entity Disambiguation,"Rijula Kar, Susmija Reddy, Sourangshu Bhattacharya, Anirban Dasgupta, Soumen Chakrabarti","
 
 Named entity disambiguation (NED) is a central problem in information extraction. The goal is to link entities in a knowledge graph (KG) to their mention spans in unstructured text. Each distinct mention span (like John Smith, Jordan or Apache) represents a multi-class classification task. NED can therefore be modeled as a multitask problem with tens of millions of tasks for realistic KGs. We initiate an investigation into neural representations, network architectures, and training protocols for multitask NED. Specifically, we propose a task-sensitive representation learning framework that learns mention dependent representations, followed by a common classifier. Parameter learning in our framework can be decomposed into solving multiple smaller problems involving overlapping groups of tasks. We prove bounds for excess risk, which provide additional insight into the problem of multi-task representation learning. While remaining practical in terms of training memory and time requirements, our approach outperforms recent strong baselines, on four benchmark data sets.
 
",AAAI Conference on Artificial Intelligence,conference,2018,Computer Science,https://www.semanticscholar.org/paper/a3153f1a3d47a6f2612c5ef03f00533b55617eb2,final,2026-06-08,,,
A-0160,A,e8300c34858d2d9ab22326b4b2b9efa9cdecd68b,Unseen Word Representation by Aligning Heterogeneous Lexical Semantic Spaces,"Victor Prokhorov, Mohammad Taher Pilehvar, Dimitri Kartsaklis, Pietro Liò, Nigel Collier","Word embedding techniques heavily rely on the abundance of training data for individual words. Given the Zipfian distribution of words in natural language texts, a large number of words do not usually appear frequently or at all in the training data. In this paper we put forward a technique that exploits the knowledge encoded in lexical resources, such as WordNet, to induce embeddings for unseen words. Our approach adapts graph embedding and cross-lingual vector space transformation techniques in order to merge lexical knowledge encoded in ontologies with that derived from corpus statistics. We show that the approach can provide consistent performance improvements across multiple evaluation benchmarks: in-vitro, on multiple rare word similarity datasets, and invivo, in two downstream text classification tasks.",AAAI Conference on Artificial Intelligence,conference,2018,Computer Science,https://www.semanticscholar.org/paper/e8300c34858d2d9ab22326b4b2b9efa9cdecd68b,final,2026-06-08,,,
A-0161,A,f48c054ffee13a0df48975ba0cd8fb93872080ef,SenticNet 5: Discovering Conceptual Primitives for Sentiment Analysis by Means of Context Embeddings,"E. Cambria, Soujanya Poria, Devamanyu Hazarika, Kenneth Kwok","
 
 With the recent development of deep learning, research in AI has gained new vigor and prominence. While machine learning has succeeded in revitalizing many research fields, such as computer vision, speech recognition, and medical diagnosis, we are yet to witness impressive progress in natural language understanding. One of the reasons behind this unmatched expectation is that, while a bottom-up approach is feasible for pattern recognition, reasoning and understanding often require a top-down approach. In this work, we couple sub-symbolic and symbolic AI to automatically discover conceptual primitives from text and link them to commonsense concepts and named entities in a new three-level knowledge representation for sentiment analysis. In particular, we employ recurrent neural networks to infer primitives by lexical substitution and use them for grounding common and commonsense knowledge by means of multi-dimensional scaling.
 
",AAAI Conference on Artificial Intelligence,conference,2018,Computer Science,https://www.semanticscholar.org/paper/f48c054ffee13a0df48975ba0cd8fb93872080ef,final,2026-06-08,,,
A-0162,A,abea782b5d0bdb4cd90ec42f672711613e71e43e,Locally Adaptive Translation for Knowledge Graph Embedding,"Yantao Jia, Yuanzhuo Wang, Hailun Lin, Xiaolong Jin, Xueqi Cheng","
 
 Knowledge graph embedding aims to represent entities and relations in a large-scale knowledge graph as elements in a continuous vector space. Existing methods, e.g., TransE and TransH, learn embedding representation by defining a global margin-based loss function over the data. However, the optimal loss function is determined during experiments whose parameters are examined among a closed set of candidates. Moreover, embeddings over two knowledge graphs with different entities and relations share the same set of candidate loss functions, ignoring the locality of both graphs. This leads to the limited performance of embedding related applications. In this paper, we propose a locally adaptive translation method for knowledge graph embedding, called TransA, to find the optimal loss function by adaptively determining its margin over different knowledge graphs. Experiments on two benchmark data sets demonstrate the superiority of the proposed method, as compared to the-state-of-the-art ones.
 
",AAAI Conference on Artificial Intelligence,conference,2015,Computer Science,https://www.semanticscholar.org/paper/abea782b5d0bdb4cd90ec42f672711613e71e43e,final,2026-06-08,,,
A-0163,A,4a459de1320d30cdef69c5438f334af8dbf380ac,Combining Logical Abduction and Statistical Induction: Discovering Written Primitives with Human Knowledge,"Wang-Zhou Dai, Zhi-Hua Zhou","
 
 In many real tasks there are human knowledge expressed in logic formulae as well as data samples described by raw features (e.g., pixels, strings). It is popular to apply SRL or PILPtechniques to exploit human knowledge through learning of symbolic data, or statistical learning techniques to learn from the raw data samples; however, it is often desired to directly exploit these logic formulae on raw data processing, like human beings utilizing knowledge to guide perception. In this paper, we propose an approach, LASIN, which combines Logical Abduction and Statistical Induction. The LASIN approach generates candidate hypotheses based on the abduction of first-order formulae, and then, the hypotheses are exploited as constraints for statistical induction. We apply theLASIN approach to the learning of representation of written primitives, where a primitive is a basic component in human writing. Our results show that the discovered primitives are reasonable for human perception, and these primitives, if used in learning tasks such as classification and domain adaptation, lead to better performances than simply applying feature learning based on raw data only.
 
",AAAI Conference on Artificial Intelligence,conference,2017,Computer Science,https://www.semanticscholar.org/paper/4a459de1320d30cdef69c5438f334af8dbf380ac,final,2026-06-08,,,
A-0164,A,004b50dcb2c9adcc34f1ab745c58eedfe652ff6b,Combining Fact Extraction and Verification with Neural Semantic Matching Networks,"Yixin Nie, Haonan Chen, Mohit Bansal","The increasing concern with misinformation has stimulated research efforts on automatic fact checking. The recentlyreleased FEVER dataset introduced a benchmark factverification task in which a system is asked to verify a claim using evidential sentences from Wikipedia documents. In this paper, we present a connected system consisting of three homogeneous neural semantic matching models that conduct document retrieval, sentence selection, and claim verification jointly for fact extraction and verification. For evidence retrieval (document retrieval and sentence selection), unlike traditional vector space IR models in which queries and sources are matched in some pre-designed term vector space, we develop neural models to perform deep semantic matching from raw textual input, assuming no intermediate term representation and no access to structured external knowledge bases. We also show that Pageview frequency can also help improve the performance of evidence retrieval results, that later can be matched by using our neural semantic matching network. For claim verification, unlike previous approaches that simply feed upstream retrieved evidence and the claim to a natural language inference (NLI) model, we further enhance the NLI model by providing it with internal semantic relatedness scores (hence integrating it with the evidence retrieval modules) and ontological WordNet features. Experiments on the FEVER dataset indicate that (1) our neural semantic matching method outperforms popular TF-IDF and encoder models, by significant margins on all evidence retrieval metrics, (2) the additional relatedness score and WordNet features improve the NLI model via better semantic awareness, and (3) by formalizing all three subtasks as a similar semantic matching problem and improving on all three stages, the complete model is able to achieve the state-of-the-art results on the FEVER test set (two times greater than baseline results).1",AAAI Conference on Artificial Intelligence,conference,2018,Computer Science,https://www.semanticscholar.org/paper/004b50dcb2c9adcc34f1ab745c58eedfe652ff6b,final,2026-06-08,,,
A-0165,A,37832573b77b87f6ea0e6ecb52a8b3e6c4e05728,VINet: Visual-Inertial Odometry as a Sequence-to-Sequence Learning Problem,"R. Clark, Sen Wang, Hongkai Wen, A. Markham, A. Trigoni","
 
 In this paper we present an on-manifold sequence-to-sequence learning approach to motion estimation using visual and inertial sensors. It is to the best of our knowledge the first end-to-end trainable method for visual-inertial odometry which performs fusion of the data at an intermediate feature-representation level. Our method has numerous advantages over traditional approaches. Specifically, it eliminates the need for tedious manual synchronization of the camera and IMU as well as eliminating the need for manual calibration between the IMU and camera. A further advantage is that our model naturally and elegantly incorporates domain specific information which significantly mitigates drift. We show that our approach is competitive with state-of-the-art traditional methods when accurate calibration data is available and can be trained to outperform them in the presence of calibration and synchronization errors.
 
",AAAI Conference on Artificial Intelligence,conference,2017,Computer Science,https://www.semanticscholar.org/paper/37832573b77b87f6ea0e6ecb52a8b3e6c4e05728,final,2026-06-08,,,
A-0166,A,d10df96b3fb0ab5c6b1d0cc22c7400d0acccc3cc,The Hitchhiker’s Guide to Testing Statistical Significance in Natural Language Processing,"Rotem Dror, G. Baumer, Segev Shlomov, Roi Reichart","Statistical significance testing is a standard statistical tool designed to ensure that experimental results are not coincidental. In this opinion/ theoretical paper we discuss the role of statistical significance testing in Natural Language Processing (NLP) research. We establish the fundamental concepts of significance testing and discuss the specific aspects of NLP tasks, experimental setups and evaluation measures that affect the choice of significance tests in NLP research. Based on this discussion we propose a simple practical protocol for statistical significance test selection in NLP setups and accompany this protocol with a brief survey of the most relevant tests. We then survey recent empirical papers published in ACL and TACL during 2017 and show that while our community assigns great value to experimental results, statistical significance testing is often ignored or misused. We conclude with a brief discussion of open issues that should be properly addressed so that this important tool can be applied. in NLP research in a statistically sound manner.",Annual Meeting of the Association for Computational Linguistics,conference,2018,Computer Science,https://www.semanticscholar.org/paper/d10df96b3fb0ab5c6b1d0cc22c7400d0acccc3cc,final,2026-06-08,,,
A-0167,A,b84dc9e3a93cd1e71b0f41b1a5714ff9d5647136,CL Scholar: The ACL Anthology Knowledge Graph Miner,"Mayank Singh, Pradeep Dogga, Sohan Patro, D. Barnwal, Ritam Dutt, Rajarshi Haldar, Pawan Goyal, Animesh Mukherjee","We present CL Scholar, the ACL Anthology knowledge graph miner to facilitate high-quality search and exploration of current research progress in the computational linguistics community. In contrast to previous works, periodically crawling, indexing and processing of new incoming articles is completely automated in the current system. CL Scholar utilizes both textual and network information for knowledge graph construction. As an additional novel initiative, CL Scholar supports more than 1200 scholarly natural language queries along with standard keyword-based search on constructed knowledge graph. It answers binary, statistical and list based natural language queries. The current system is deployed at http://cnerg.iitkgp.ac.in/aclakg. We also provide REST API support along with bulk download facility. Our code and data are available at https://github.com/CLScholar.",North American Chapter of the Association for Computational Linguistics,conference,2018,Computer Science,https://www.semanticscholar.org/paper/b84dc9e3a93cd1e71b0f41b1a5714ff9d5647136,final,2026-06-08,,,
A-0168,A,dcdc2ef9684edc68f69096d0e7fcc2a76e4a2527,Universal Dependencies Parsing for Colloquial Singaporean English,"Hongmin Wang, Yue Zhang, GuangYong Leonard Chan, Jie Yang, Hai Leong Chieu","Singlish can be interesting to the ACL community both linguistically as a major creole based on English, and computationally for information extraction and sentiment analysis of regional social media. We investigate dependency parsing of Singlish by constructing a dependency treebank under the Universal Dependencies scheme, and then training a neural network model by integrating English syntactic knowledge into a state-of-the-art parser trained on the Singlish treebank. Results show that English knowledge can lead to 25% relative error reduction, resulting in a parser of 84.47% accuracies. To the best of our knowledge, we are the first to use neural stacking to improve cross-lingual dependency parsing on low-resource languages. We make both our annotation and parser available for further research.",Annual Meeting of the Association for Computational Linguistics,conference,2017,Computer Science,https://www.semanticscholar.org/paper/dcdc2ef9684edc68f69096d0e7fcc2a76e4a2527,final,2026-06-08,,,
A-0169,A,c5f49a7dfbc115c381ab96abf30fa63fafa59274,Advances in Argument Mining,"Katarzyna Budzynska, C. Reed","This course aims to introduce students to an exciting and dynamic area that has witnessed remarkable growth over the past 36 months. Argument mining builds on opinion mining, sentiment analysis and related to tasks to automatically extract not just *what* people think, but *why* they hold the opinions they do. From being largely beyond the state of the art barely five years ago, there are now many hundreds of papers on the topic, millions of dollars of commercial and research investment, and the 6th ACL workshop on the topic will be in Florence in 2019. The tutors have delivered tutorials on argument mining at ACL 2016, at IJCAI 2016 and at ESSLLI 2017; for ACL 2019, we have developed a tutorial that provides a synthesis of the major advances in the area over the past three years.",Annual Meeting of the Association for Computational Linguistics,conference,2019,Computer Science,https://www.semanticscholar.org/paper/c5f49a7dfbc115c381ab96abf30fa63fafa59274,final,2026-06-08,,,
A-0170,A,a4bc4b98a917174ac2ab14bd5e66d64306079ab5,BERT Post-Training for Review Reading Comprehension and Aspect-based Sentiment Analysis,"Hu Xu, Bing Liu, Lei Shu, Philip S. Yu","Question-answering plays an important role in e-commerce as it allows potential customers to actively seek crucial information about products or services to help their purchase decision making. Inspired by the recent success of machine reading comprehension (MRC) on formal documents, this paper explores the potential of turning customer reviews into a large source of knowledge that can be exploited to answer user questions. We call this problem Review Reading Comprehension (RRC). To the best of our knowledge, no existing work has been done on RRC. In this work, we first build an RRC dataset called ReviewRC based on a popular benchmark for aspect-based sentiment analysis. Since ReviewRC has limited training examples for RRC (and also for aspect-based sentiment analysis), we then explore a novel post-training approach on the popular language model BERT to enhance the performance of fine-tuning of BERT for RRC. To show the generality of the approach, the proposed post-training is also applied to some other review-based tasks such as aspect extraction and aspect sentiment classification in aspect-based sentiment analysis. Experimental results demonstrate that the proposed post-training is highly effective.",North American Chapter of the Association for Computational Linguistics,conference,2019,Computer Science,https://www.semanticscholar.org/paper/a4bc4b98a917174ac2ab14bd5e66d64306079ab5,final,2026-06-08,,,
A-0171,A,0de47f354468283efc7765ec0b3588b2ae483c77,Utilizing BERT for Aspect-Based Sentiment Analysis via Constructing Auxiliary Sentence,"Chi Sun, Luyao Huang, Xipeng Qiu","Aspect-based sentiment analysis (ABSA), which aims to identify fine-grained opinion polarity towards a specific aspect, is a challenging subtask of sentiment analysis (SA). In this paper, we construct an auxiliary sentence from the aspect and convert ABSA to a sentence-pair classification task, such as question answering (QA) and natural language inference (NLI). We fine-tune the pre-trained model from BERT and achieve new state-of-the-art results on SentiHood and SemEval-2014 Task 4 datasets. The source codes are available at https://github.com/HSLCY/ABSA-BERT-pair.",North American Chapter of the Association for Computational Linguistics,conference,2019,Computer Science,https://www.semanticscholar.org/paper/0de47f354468283efc7765ec0b3588b2ae483c77,final,2026-06-08,,,
A-0172,A,3f9a03b71216c202ac5a7bafba32e5e9773ed83f,An Interactive Multi-Task Learning Network for End-to-End Aspect-Based Sentiment Analysis,"Ruidan He, Wee Sun Lee, H. Ng, Daniel Dahlmeier","Aspect-based sentiment analysis produces a list of aspect terms and their corresponding sentiments for a natural language sentence. This task is usually done in a pipeline manner, with aspect term extraction performed first, followed by sentiment predictions toward the extracted aspect terms. While easier to develop, such an approach does not fully exploit joint information from the two subtasks and does not use all available sources of training information that might be helpful, such as document-level labeled sentiment corpus. In this paper, we propose an interactive multi-task learning network (IMN) which is able to jointly learn multiple related tasks simultaneously at both the token level as well as the document level. Unlike conventional multi-task learning methods that rely on learning common features for the different tasks, IMN introduces a message passing architecture where information is iteratively passed to different tasks through a shared set of latent variables. Experimental results demonstrate superior performance of the proposed method against multiple baselines on three benchmark datasets.",Annual Meeting of the Association for Computational Linguistics,conference,2019,Computer Science,https://www.semanticscholar.org/paper/3f9a03b71216c202ac5a7bafba32e5e9773ed83f,final,2026-06-08,,,
A-0173,A,17dbd7b72029181327732e4d11b52a08ed4630d0,Natural Questions: A Benchmark for Question Answering Research,"T. Kwiatkowski, J. Palomaki, Olivia Redfield, Michael Collins, Ankur P. Parikh, Chris Alberti, D. Epstein, I. Polosukhin, Jacob Devlin, Kenton Lee, Kristina Toutanova, Llion Jones, Matthew Kelcey, Ming-Wei Chang, Andrew M. Dai, Jakob Uszkoreit, Quoc V. Le, Slav Petrov","We present the Natural Questions corpus, a question answering data set. Questions consist of real anonymized, aggregated queries issued to the Google search engine. An annotator is presented with a question along with a Wikipedia page from the top 5 search results, and annotates a long answer (typically a paragraph) and a short answer (one or more entities) if present on the page, or marks null if no long/short answer is present. The public release consists of 307,373 training examples with single annotations; 7,830 examples with 5-way annotations for development data; and a further 7,842 examples with 5-way annotated sequestered as test data. We present experiments validating quality of the data. We also describe analysis of 25-way annotations on 302 examples, giving insights into human variability on the annotation task. We introduce robust metrics for the purposes of evaluating question answering systems; demonstrate high human upper bounds on these metrics; and establish baseline results using competitive methods drawn from related literature.",Transactions of the Association for Computational Linguistics,journal,2019,Computer Science,https://www.semanticscholar.org/paper/17dbd7b72029181327732e4d11b52a08ed4630d0,final,2026-06-08,,,
A-0174,A,c21a4d70d83e0f6eb2a9e1c41d034842dd561e47,CommonsenseQA: A Question Answering Challenge Targeting Commonsense Knowledge,"Alon Talmor, Jonathan Herzig, Nicholas Lourie, Jonathan Berant","When answering a question, people often draw upon their rich world knowledge in addition to the particular context. Recent work has focused primarily on answering questions given some relevant document or context, and required very little general background. To investigate question answering with prior knowledge, we present CommonsenseQA: a challenging new dataset for commonsense question answering. To capture common sense beyond associations, we extract from ConceptNet (Speer et al., 2017) multiple target concepts that have the same semantic relation to a single source concept. Crowd-workers are asked to author multiple-choice questions that mention the source concept and discriminate in turn between each of the target concepts. This encourages workers to create questions with complex semantics that often require prior knowledge. We create 12,247 questions through this procedure and demonstrate the difficulty of our task with a large number of strong baselines. Our best baseline is based on BERT-large (Devlin et al., 2018) and obtains 56% accuracy, well below human performance, which is 89%.",North American Chapter of the Association for Computational Linguistics,conference,2019,Computer Science,https://www.semanticscholar.org/paper/c21a4d70d83e0f6eb2a9e1c41d034842dd561e47,final,2026-06-08,,,
A-0175,A,990a7b4eceedb6e053e6386269481bdfc42a1094,CoQA: A Conversational Question Answering Challenge,"Siva Reddy, Danqi Chen, Christopher D. Manning","Humans gather information through conversations involving a series of interconnected questions and answers. For machines to assist in information gathering, it is therefore essential to enable them to answer conversational questions. We introduce CoQA, a novel dataset for building Conversational Question Answering systems. Our dataset contains 127k questions with answers, obtained from 8k conversations about text passages from seven diverse domains. The questions are conversational, and the answers are free-form text with their corresponding evidence highlighted in the passage. We analyze CoQA in depth and show that conversational questions have challenging phenomena not present in existing reading comprehension datasets (e.g., coreference and pragmatic reasoning). We evaluate strong dialogue and reading comprehension models on CoQA. The best system obtains an F1 score of 65.4%, which is 23.4 points behind human performance (88.8%), indicating that there is ample room for improvement. We present CoQA as a challenge to the community at https://stanfordnlp.github.io/coqa.",Transactions of the Association for Computational Linguistics,journal,2018,Computer Science,https://www.semanticscholar.org/paper/990a7b4eceedb6e053e6386269481bdfc42a1094,final,2026-06-08,,,
A-0176,A,a81874b4a651a740fffbfc47ef96515e8c7f782f,Latent Retrieval for Weakly Supervised Open Domain Question Answering,"Kenton Lee, Ming-Wei Chang, Kristina Toutanova","Recent work on open domain question answering (QA) assumes strong supervision of the supporting evidence and/or assumes a blackbox information retrieval (IR) system to retrieve evidence candidates. We argue that both are suboptimal, since gold evidence is not always available, and QA is fundamentally different from IR. We show for the first time that it is possible to jointly learn the retriever and reader from question-answer string pairs and without any IR system. In this setting, evidence retrieval from all of Wikipedia is treated as a latent variable. Since this is impractical to learn from scratch, we pre-train the retriever with an Inverse Cloze Task. We evaluate on open versions of five QA datasets. On datasets where the questioner already knows the answer, a traditional IR system such as BM25 is sufficient. On datasets where a user is genuinely seeking an answer, we show that learned retrieval is crucial, outperforming BM25 by up to 19 points in exact match.",Annual Meeting of the Association for Computational Linguistics,conference,2019,Computer Science,https://www.semanticscholar.org/paper/a81874b4a651a740fffbfc47ef96515e8c7f782f,final,2026-06-08,,,
A-0177,A,ebf59587f8f170ff4241c42263bbfb9da5bd2135,ELI5: Long Form Question Answering,"Angela Fan, Yacine Jernite, Ethan Perez, David Grangier, J. Weston, Michael Auli","We introduce the first large-scale corpus for long form question answering, a task requiring elaborate and in-depth answers to open-ended questions. The dataset comprises 270K threads from the Reddit forum “Explain Like I’m Five” (ELI5) where an online community provides answers to questions which are comprehensible by five year olds. Compared to existing datasets, ELI5 comprises diverse questions requiring multi-sentence answers. We provide a large set of web documents to help answer the question. Automatic and human evaluations show that an abstractive model trained with a multi-task objective outperforms conventional Seq2Seq, language modeling, as well as a strong extractive baseline.However, our best model is still far from human performance since raters prefer gold responses in over 86% of cases, leaving ample opportunity for future improvement.",Annual Meeting of the Association for Computational Linguistics,conference,2019,Computer Science,https://www.semanticscholar.org/paper/ebf59587f8f170ff4241c42263bbfb9da5bd2135,final,2026-06-08,,,
A-0178,A,faa5f1130ff9d05a8ae5b9ba79d675bd4d917c5d,MLQA: Evaluating Cross-lingual Extractive Question Answering,"Patrick Lewis, Barlas Oğuz, Ruty Rinott, Sebastian Riedel, Holger Schwenk","Question answering (QA) models have shown rapid progress enabled by the availability of large, high-quality benchmark datasets. Such annotated datasets are difficult and costly to collect, and rarely exist in languages other than English, making building QA systems that work well in other languages challenging. In order to develop such systems, it is crucial to invest in high quality multilingual evaluation benchmarks to measure progress. We present MLQA, a multi-way aligned extractive QA evaluation benchmark intended to spur research in this area. MLQA contains QA instances in 7 languages, English, Arabic, German, Spanish, Hindi, Vietnamese and Simplified Chinese. MLQA has over 12K instances in English and 5K in each other language, with each instance parallel between 4 languages on average. We evaluate state-of-the-art cross-lingual models and machine-translation-based baselines on MLQA. In all cases, transfer results are shown to be significantly behind training-language performance.",Annual Meeting of the Association for Computational Linguistics,conference,2019,Computer Science,https://www.semanticscholar.org/paper/faa5f1130ff9d05a8ae5b9ba79d675bd4d917c5d,final,2026-06-08,,,
A-0179,A,2fe7dba5a58aee5156594b4d78634ecd6c7dcabd,End-to-End Open-Domain Question Answering with BERTserini,"Wei Yang, Yuqing Xie, Aileen Lin, Xingyu Li, Luchen Tan, Kun Xiong, Ming Li, Jimmy J. Lin","We demonstrate an end-to-end question answering system that integrates BERT with the open-source Anserini information retrieval toolkit. In contrast to most question answering and reading comprehension models today, which operate over small amounts of input text, our system integrates best practices from IR with a BERT-based reader to identify answers from a large corpus of Wikipedia articles in an end-to-end fashion. We report large improvements over previous results on a standard benchmark test collection, showing that fine-tuning pretrained BERT with SQuAD is sufficient to achieve high accuracy in identifying answer spans.",North American Chapter of the Association for Computational Linguistics,conference,2019,Computer Science,https://www.semanticscholar.org/paper/2fe7dba5a58aee5156594b4d78634ecd6c7dcabd,final,2026-06-08,,,
A-0180,A,e8c76c51a28329db774813c72c0ef5a051aee48e,"Keywords, phrases, clauses and sentences: topicality, indicativeness and informativeness at scales",Min-Yen Kan,"About the Speaker: Min-Yen Kan (BS;MS;PhD Columbia University) is an associate professor at the National University of Singapore. He is a senior member of the ACM and a member of the IEEE. Currently, he is an associate editor for the journal “Information Retrieval” and is the Editor for the ACL Anthology, the computational linguistics community’s largest archive of published research. His research interests include digital libraries and applied natural language processing. Specific projects include work in the areas of scientific discourse analysis, full-text literature mining, machine translation and applied text summarization. More information about him and his group can be found at the WING homepage: http://wing.comp.nus.edu.sg/.",Annual Meeting of the Association for Computational Linguistics,conference,2015,Computer Science,https://www.semanticscholar.org/paper/e8c76c51a28329db774813c72c0ef5a051aee48e,final,2026-06-08,,,
A-0181,A,76037594f29a663fbd2799de2e5c7463c02a8a1d,Discourse-Aware Neural Extractive Text Summarization,"Jiacheng Xu, Zhe Gan, Yu Cheng, Jingjing Liu","Recently BERT has been adopted for document encoding in state-of-the-art text summarization models. However, sentence-based extractive models often result in redundant or uninformative phrases in the extracted summaries. Also, long-range dependencies throughout a document are not well captured by BERT, which is pre-trained on sentence pairs instead of documents. To address these issues, we present a discourse-aware neural summarization model - DiscoBert. DiscoBert extracts sub-sentential discourse units (instead of sentences) as candidates for extractive selection on a finer granularity. To capture the long-range dependencies among discourse units, structural discourse graphs are constructed based on RST trees and coreference mentions, encoded with Graph Convolutional Networks. Experiments show that the proposed model outperforms state-of-the-art methods by a significant margin on popular summarization benchmarks compared to other BERT-base models.",Annual Meeting of the Association for Computational Linguistics,conference,2019,Computer Science,https://www.semanticscholar.org/paper/76037594f29a663fbd2799de2e5c7463c02a8a1d,final,2026-06-08,,,
A-0182,A,a16faa446a831cf7ee9d3c8519aaf00053146b4f,Global Optimization under Length Constraint for Neural Text Summarization,"Takuya Makino, Tomoya Iwakura, Hiroya Takamura, M. Okumura","We propose a global optimization method under length constraint (GOLC) for neural text summarization models. GOLC increases the probabilities of generating summaries that have high evaluation scores, ROUGE in this paper, within a desired length. We compared GOLC with two optimization methods, a maximum log-likelihood and a minimum risk training, on CNN/Daily Mail and a Japanese single document summarization data set of The Mainichi Shimbun Newspapers. The experimental results show that a state-of-the-art neural summarization model optimized with GOLC generates fewer overlength summaries while maintaining the fastest processing speed; only 6.70% overlength summaries on CNN/Daily and 7.8% on long summary of Mainichi, compared to the approximately 20% to 50% on CNN/Daily Mail and 10% to 30% on Mainichi with the other optimization methods. We also demonstrate the importance of the generation of in-length summaries for post-editing with the dataset Mainich that is created with strict length constraints. The ex- perimental results show approximately 30% to 40% improved post-editing time by use of in-length summaries.",Annual Meeting of the Association for Computational Linguistics,conference,2019,Computer Science,https://www.semanticscholar.org/paper/a16faa446a831cf7ee9d3c8519aaf00053146b4f,final,2026-06-08,,,
A-0183,A,50ce1595e8daf95ea031b91237d0ed21e1525787,Abstractive Text Summarization Based on Deep Learning and Semantic Content Generalization,"P. Kouris, Georgios Alexandridis, A. Stafylopatis","This work proposes a novel framework for enhancing abstractive text summarization based on the combination of deep learning techniques along with semantic data transformations. Initially, a theoretical model for semantic-based text generalization is introduced and used in conjunction with a deep encoder-decoder architecture in order to produce a summary in generalized form. Subsequently, a methodology is proposed which transforms the aforementioned generalized summary into human-readable form, retaining at the same time important informational aspects of the original text and addressing the problem of out-of-vocabulary or rare words. The overall approach is evaluated on two popular datasets with encouraging results.",Annual Meeting of the Association for Computational Linguistics,conference,2019,Computer Science,https://www.semanticscholar.org/paper/50ce1595e8daf95ea031b91237d0ed21e1525787,final,2026-06-08,,,
A-0184,A,2770a733eecdda23c1b3f9408c9202efec4f0da0,Guiding Generation for Abstractive Text Summarization Based on Key Information Guide Network,"Chenliang Li, Chenliang Li, Weiran Xu, Si Li, Sheng Gao","Neural network models, based on the attentional encoder-decoder model, have good capability in abstractive text summarization. However, these models are hard to be controlled in the process of generation, which leads to a lack of key information. We propose a guiding generation model that combines the extractive method and the abstractive method. Firstly, we obtain keywords from the text by a extractive model. Then, we introduce a Key Information Guide Network (KIGN), which encodes the keywords to the key information representation, to guide the process of generation. In addition, we use a prediction-guide mechanism, which can obtain the long-term value for future decoding, to further guide the summary generation. We evaluate our model on the CNN/Daily Mail dataset. The experimental results show that our model leads to significant improvements.",North American Chapter of the Association for Computational Linguistics,conference,2018,Computer Science,https://www.semanticscholar.org/paper/2770a733eecdda23c1b3f9408c9202efec4f0da0,final,2026-06-08,,,
A-0185,A,2fa54c636832197e7d117b9fbafd7161e66215d7,Keyphrase Generation: A Text Summarization Struggle,"Erion Çano, Ondrej Bojar","Authors’ keyphrases assigned to scientific articles are essential for recognizing content and topic aspects. Most of the proposed supervised and unsupervised methods for keyphrase generation are unable to produce terms that are valuable but do not appear in the text. In this paper, we explore the possibility of considering the keyphrase string as an abstractive summary of the title and the abstract. First, we collect, process and release a large dataset of scientific paper metadata that contains 2.2 million records. Then we experiment with popular text summarization neural architectures. Despite using advanced deep learning models, large quantities of data and many days of computation, our systematic evaluation on four test datasets reveals that the explored text summarization methods could not produce better keyphrases than the simpler unsupervised methods, or the existing supervised ones.",North American Chapter of the Association for Computational Linguistics,conference,2019,Computer Science,https://www.semanticscholar.org/paper/2fa54c636832197e7d117b9fbafd7161e66215d7,final,2026-06-08,,,
A-0186,A,f1d791b9dd32577609ddd48e6001e46f1780062c,"Cross-Lingual Alignment of Contextual Word Embeddings, with Applications to Zero-shot Dependency Parsing","Tal Schuster, Ori Ram, R. Barzilay, A. Globerson","We introduce a novel method for multilingual transfer that utilizes deep contextual embeddings, pretrained in an unsupervised fashion. While contextual embeddings have been shown to yield richer representations of meaning compared to their static counterparts, aligning them poses a challenge due to their dynamic nature. To this end, we construct context-independent variants of the original monolingual spaces and utilize their mapping to derive an alignment for the context-dependent spaces. This mapping readily supports processing of a target language, improving transfer by context-aware embeddings. Our experimental results demonstrate the effectiveness of this approach for zero-shot and few-shot learning of dependency parsing. Specifically, our method consistently outperforms the previous state-of-the-art on 6 tested languages, yielding an improvement of 6.8 LAS points on average.",North American Chapter of the Association for Computational Linguistics,conference,2019,Computer Science,https://www.semanticscholar.org/paper/f1d791b9dd32577609ddd48e6001e46f1780062c,final,2026-06-08,,,
A-0187,A,ebc639bc6aea3e66241d4cab8a52a16efde920ea,Graph-based Dependency Parsing with Graph Neural Networks,"Tao Ji, Yuanbin Wu, Man Lan","We investigate the problem of efficiently incorporating high-order features into neural graph-based dependency parsing. Instead of explicitly extracting high-order features from intermediate parse trees, we develop a more powerful dependency tree node representation which captures high-order information concisely and efficiently. We use graph neural networks (GNNs) to learn the representations and discuss several new configurations of GNN’s updating and aggregation functions. Experiments on PTB show that our parser achieves the best UAS and LAS on PTB (96.0%, 94.3%) among systems without using any external resources.",Annual Meeting of the Association for Computational Linguistics,conference,2019,Computer Science,https://www.semanticscholar.org/paper/ebc639bc6aea3e66241d4cab8a52a16efde920ea,final,2026-06-08,,,
A-0188,A,931c823103c267ed45505a2bd9792503f6997907,Viable Dependency Parsing as Sequence Labeling,"Michalina Strzyz, David Vilares, Carlos Gómez-Rodríguez","We recast dependency parsing as a sequence labeling problem, exploring several encodings of dependency trees as labels. While dependency parsing by means of sequence labeling had been attempted in existing work, results suggested that the technique was impractical. We show instead that with a conventional BILSTM-based model it is possible to obtain fast and accurate parsers. These parsers are conceptually simple, not needing traditional parsing algorithms or auxiliary structures. However, experiments on the PTB and a sample of UD treebanks show that they provide a good speed-accuracy tradeoff, with results competitive with more complex approaches.",North American Chapter of the Association for Computational Linguistics,conference,2019,Computer Science,https://www.semanticscholar.org/paper/931c823103c267ed45505a2bd9792503f6997907,final,2026-06-08,,,
A-0189,A,ad1298322b3e4b75f63d3d08bf2387305f0254fa,Second-Order Semantic Dependency Parsing with End-to-End Neural Networks,"Xinyu Wang, Jingxian Huang, Kewei Tu","Semantic dependency parsing aims to identify semantic relationships between words in a sentence that form a graph. In this paper, we propose a second-order semantic dependency parser, which takes into consideration not only individual dependency edges but also interactions between pairs of edges. We show that second-order parsing can be approximated using mean field (MF) variational inference or loopy belief propagation (LBP). We can unfold both algorithms as recurrent layers of a neural network and therefore can train the parser in an end-to-end manner. Our experiments show that our approach achieves state-of-the-art performance.",Annual Meeting of the Association for Computational Linguistics,conference,2019,Computer Science,https://www.semanticscholar.org/paper/ad1298322b3e4b75f63d3d08bf2387305f0254fa,final,2026-06-08,,,
A-0190,A,e85a50b523915b5fba3e3f1fdb743650f7d21bed,Women’s Syntactic Resilience and Men’s Grammatical Luck: Gender-Bias in Part-of-Speech Tagging and Dependency Parsing,"Aparna Garimella, Carmen Banea, E. Hovy, Rada Mihalcea","Several linguistic studies have shown the prevalence of various lexical and grammatical patterns in texts authored by a person of a particular gender, but models for part-of-speech tagging and dependency parsing have still not adapted to account for these differences. To address this, we annotate the Wall Street Journal part of the Penn Treebank with the gender information of the articles’ authors, and build taggers and parsers trained on this data that show performance differences in text written by men and women. Further analyses reveal numerous part-of-speech tags and syntactic relations whose prediction performances benefit from the prevalence of a specific gender in the training data. The results underscore the importance of accounting for gendered differences in syntactic tasks, and outline future venues for developing more accurate taggers and parsers. We release our data to the research community.",Annual Meeting of the Association for Computational Linguistics,conference,2019,Computer Science,https://www.semanticscholar.org/paper/e85a50b523915b5fba3e3f1fdb743650f7d21bed,final,2026-06-08,,,
A-0191,A,f053137323a88eb932d590bcdfc959ee805e2520,Stack-Pointer Networks for Dependency Parsing,"Xuezhe Ma, Zecong Hu, J. Liu, Nanyun Peng, Graham Neubig, E. Hovy","We introduce a novel architecture for dependency parsing: stack-pointer networks (StackPtr). Combining pointer networks (Vinyals et al., 2015) with an internal stack, the proposed model first reads and encodes the whole sentence, then builds the dependency tree top-down (from root-to-leaf) in a depth-first fashion. The stack tracks the status of the depth-first search and the pointer networks select one child for the word at the top of the stack at each step. The StackPtr parser benefits from the information of whole sentence and all previously derived subtree structures, and removes the left-to-right restriction in classical transition-based parsers. Yet the number of steps for building any (non-projective) parse tree is linear in the length of the sentence just as other transition-based parsers, yielding an efficient decoding algorithm with O(n^2) time complexity. We evaluate our model on 29 treebanks spanning 20 languages and different dependency annotation schemas, and achieve state-of-the-art performances on 21 of them",Annual Meeting of the Association for Computational Linguistics,conference,2018,Computer Science,https://www.semanticscholar.org/paper/f053137323a88eb932d590bcdfc959ee805e2520,final,2026-06-08,,,
A-0192,A,3024e360a1158bf4c7d9e0cd06d95a9fab314e5c,Deep Contextualized Self-training for Low Resource Dependency Parsing,"Guy Rotman, Roi Reichart","Abstract Neural dependency parsing has proven very effective, achieving state-of-the-art results on numerous domains and languages. Unfortunately, it requires large amounts of labeled data, which is costly and laborious to create. In this paper we propose a self-training algorithm that alleviates this annotation bottleneck by training a parser on its own output. Our Deep Contextualized Self-training (DCST) algorithm utilizes representation models trained on sequence labeling tasks that are derived from the parser’s output when applied to unlabeled data, and integrates these models with the base parser through a gating mechanism. We conduct experiments across multiple languages, both in low resource in-domain and in cross-domain setups, and demonstrate that DCST substantially outperforms traditional self-training as well as recent semi-supervised training methods.1",Transactions of the Association for Computational Linguistics,journal,2019,Computer Science,https://www.semanticscholar.org/paper/3024e360a1158bf4c7d9e0cd06d95a9fab314e5c,final,2026-06-08,,,
A-0193,A,1bdd14d6cfceb033edcf84ce471a99abfd780754,Semi-supervised Domain Adaptation for Dependency Parsing,"Zhenghua Li, Xue Peng, Min Zhang, Rui Wang, Luo Si","During the past decades, due to the lack of sufficient labeled data, most studies on cross-domain parsing focus on unsupervised domain adaptation, assuming there is no target-domain training data. However, unsupervised approaches make limited progress so far due to the intrinsic difficulty of both domain adaptation and parsing. This paper tackles the semi-supervised domain adaptation problem for Chinese dependency parsing, based on two newly-annotated large-scale domain-aware datasets. We propose a simple domain embedding approach to merge the source- and target-domain training data, which is shown to be more effective than both direct corpus concatenation and multi-task learning. In order to utilize unlabeled target-domain data, we employ the recent contextualized word representations and show that a simple fine-tuning procedure can further boost cross-domain parsing accuracy by large margin.",Annual Meeting of the Association for Computational Linguistics,conference,2019,Computer Science,https://www.semanticscholar.org/paper/1bdd14d6cfceb033edcf84ce471a99abfd780754,final,2026-06-08,,,
A-0194,A,c18922ac338737e4ac8f7d37d6dec6aaedb6ebde,Left-to-Right Dependency Parsing with Pointer Networks,"Daniel Fernández-González, Carlos Gómez-Rodríguez","We propose a novel transition-based algorithm that straightforwardly parses sentences from left to right by building n attachments, with n being the length of the input sentence. Similarly to the recent stack-pointer parser by Ma et al. (2018), we use the pointer network framework that, given a word, can directly point to a position from the sentence. However, our left-to-right approach is simpler than the original top-down stack-pointer parser (not requiring a stack) and reduces transition sequence length in half, from 2n-1 actions to n. This results in a quadratic non-projective parser that runs twice as fast as the original while achieving the best accuracy to date on the English PTB dataset (96.04% UAS, 94.43% LAS) among fully-supervised single-model dependency parsers, and improves over the former top-down transition system in the majority of languages tested.",North American Chapter of the Association for Computational Linguistics,conference,2019,Computer Science,https://www.semanticscholar.org/paper/c18922ac338737e4ac8f7d37d6dec6aaedb6ebde,final,2026-06-08,,,
A-0195,A,eec3a236ecd185712ce65fb336141f8656eea13d,Simple and Accurate Dependency Parsing Using Bidirectional LSTM Feature Representations,"E. Kiperwasser, Yoav Goldberg","We present a simple and effective scheme for dependency parsing which is based on bidirectional-LSTMs (BiLSTMs). Each sentence token is associated with a BiLSTM vector representing the token in its sentential context, and feature vectors are constructed by concatenating a few BiLSTM vectors. The BiLSTM is trained jointly with the parser objective, resulting in very effective feature extractors for parsing. We demonstrate the effectiveness of the approach by applying it to a greedy transition-based parser as well as to a globally optimized graph-based parser. The resulting parsers have very simple architectures, and match or surpass the state-of-the-art accuracies on English and Chinese.",Transactions of the Association for Computational Linguistics,journal,2016,Computer Science,https://www.semanticscholar.org/paper/eec3a236ecd185712ce65fb336141f8656eea13d,final,2026-06-08,,,
A-0196,A,4908fc4d7f58383170c085fe8238a868e9a901f9,Deep Multitask Learning for Semantic Dependency Parsing,"Hao Peng, Sam Thomson, Noah A. Smith","We present a deep neural architecture that parses sentences into three semantic dependency graph formalisms. By using efficient, nearly arc-factored inference and a bidirectional-LSTM composed with a multi-layer perceptron, our base system is able to significantly improve the state of the art for semantic dependency parsing, without using hand-engineered features or syntax. We then explore two multitask learning approaches—one that shares parameters across formalisms, and one that uses higher-order structures to predict the graphs jointly. We find that both approaches improve performance across formalisms on average, achieving a new state of the art. Our code is open-source and available at https://github.com/Noahs-ARK/NeurboParser.",Annual Meeting of the Association for Computational Linguistics,conference,2017,Computer Science,https://www.semanticscholar.org/paper/4908fc4d7f58383170c085fe8238a868e9a901f9,final,2026-06-08,,,
A-0197,A,32bedc53ff777fc2f15d231ab856db2b1c9ee8c2,A Graph-based Model for Joint Chinese Word Segmentation and Dependency Parsing,"Hang Yan, Xipeng Qiu, Xuanjing Huang","Chinese word segmentation and dependency parsing are two fundamental tasks for Chinese natural language processing. The dependency parsing is defined at the word-level. Therefore word segmentation is the precondition of dependency parsing, which makes dependency parsing suffer from error propagation and unable to directly make use of character-level pre-trained language models (such as BERT). In this paper, we propose a graph-based model to integrate Chinese word segmentation and dependency parsing. Different from previous transition-based joint models, our proposed model is more concise, which results in fewer efforts of feature engineering. Our graph-based joint model achieves better performance than previous joint models and state-of-the-art results in both Chinese word segmentation and dependency parsing. Additionally, when BERT is combined, our model can substantially reduce the performance gap of dependency parsing between joint models and gold-segmented word-based models. Our code is publicly available at https://github.com/fastnlp/JointCwsParser",Transactions of the Association for Computational Linguistics,journal,2019,Computer Science,https://www.semanticscholar.org/paper/32bedc53ff777fc2f15d231ab856db2b1c9ee8c2,final,2026-06-08,,,
A-0198,A,57a219123a6541958210847cba9decd49269b3c6,Multi-Task Semantic Dependency Parsing with Policy Gradient for Learning Easy-First Strategies,"Shuhei Kurita, Anders Søgaard","In Semantic Dependency Parsing (SDP), semantic relations form directed acyclic graphs, rather than trees. We propose a new iterative predicate selection (IPS) algorithm for SDP. Our IPS algorithm combines the graph-based and transition-based parsing approaches in order to handle multiple semantic head words. We train the IPS model using a combination of multi-task learning and task-specific policy gradient training. Trained this way, IPS achieves a new state of the art on the SemEval 2015 Task 18 datasets. Furthermore, we observe that policy gradient training learns an easy-first strategy.",Annual Meeting of the Association for Computational Linguistics,conference,2019,Computer Science,https://www.semanticscholar.org/paper/57a219123a6541958210847cba9decd49269b3c6,final,2026-06-08,,,
